Date,Close,High,Low,Open,Volume,daily_return,Rolling_Mean_10,volatility_10,RSI,MACD,MACD_signal,EMA_20,BB_upper,BB_lower,ATR,volume_change,volume_MA_20,volume_ratio,nifty_return,realty_return,crude_return,positive_news,negative_news,neutral_news,positive_score_avg,negative_score_avg,neutral_score_avg,news_count
2021-01-01,2633.825439453125,2649.435426342945,2609.5800223650067,2618.120466074565,1246698,,,,,,,,,,0.0,,,,,,,0.0,0.0,0.0,0.0,0.0,0.0,0.0
2021-01-04,2613.091064453125,2648.581491994429,2604.8353484813356,2639.092110032748,1360486,-0.007872342141362676,,,,,,,,,0.0,0.09127150280180119,,,0.00816067272711063,,,0.0,0.0,0.0,0.0,0.0,0.0,0.0
2021-01-05,2651.19091796875,2661.3920029847545,2592.499001276695,2613.0909126020388,1299589,0.014580377252791488,,,,,,,,,0.0,-0.04476121033219016,,,0.004712380865514287,-0.003465131709613045,0.049128955060417256,0.0,0.0,0.0,0.0,0.0,0.0,0.0
2021-01-06,2662.10400390625,2678.330708925416,2638.0483266749134,2658.260757671003,1697884,0.004116295761099398,,,,,,,,,0.0,0.30647766332278903,,,-0.0037501320469031096,0.007112375396205239,0.01305971609826484,0.0,0.0,0.0,0.0,0.0,0.0,0.0
2021-01-07,2649.672607421875,2687.250651655377,2639.4715220857533,2657.9758164163927,1142806,-0.0046697636403888465,,,,,,,,,0.0,-0.32692339405990045,,,-0.0006291696120880319,0.013496508821696729,0.0014733302427025752,0.0,0.0,0.0,0.0,0.0,0.0,0.0
2021-01-08,2699.444580078125,2704.28425779892,2646.6362593967724,2674.1079752634146,1660967,0.01878419715584334,,,,,,,,,0.0,0.4534111651496404,,,0.014847223590326086,0.014245915733867465,0.029606483610305823,0.0,0.0,0.0,0.0,0.0,0.0,0.0
2021-01-11,2703.81005859375,2726.7268268358116,2680.3713279297904,2699.729577396724,1517995,0.0016171765658172799,,,,,,,,,0.0,-0.08607756806727651,,,0.009583718134137165,0.006259504711354946,-0.005893942153275655,0.0,0.0,0.0,0.0,0.0,0.0,0.0
2021-01-12,2581.6337890625,2704.473789040356,2573.662569416503,2704.0943064414623,6674890,-0.045186705753581635,,,,,,,,,0.0,3.3971752212622572,,,0.005433314024232416,0.027613431772397723,0.01652896130371362,0.0,0.0,0.0,0.0,0.0,0.0,0.0
2021-01-13,2565.64404296875,2621.9161218870086,2541.2563787236368,2619.0693074224187,2862676,-0.00619365386426729,,,,,,,,,0.0,-0.5711276140880224,,,9.609083312889233e-05,-0.0031005102964498654,-0.009190534481005708,0.0,0.0,0.0,0.0,0.0,0.0,0.0
2021-01-14,2527.8759765625,2596.9112196409355,2512.78795425014,2574.468927447368,2124950,-0.014720696158048496,,,,,,,,,0.0,-0.25770502844191934,,,0.002111247340323086,-0.0005924532091682311,0.006421633728782128,0.0,0.0,0.0,0.0,0.0,0.0,0.0
2021-01-15,2458.60400390625,2525.9313576629293,2448.782632084691,2525.0296809915562,2570436,-0.0274032323177692,-0.006694834713986663,0.019056642822920435,,,,,,,0.0,0.20964540342125693,,,-0.011092344158201595,-0.018227605239291234,-0.023395954230122085,0.0,0.0,0.0,0.0,0.0,0.0,0.0
2021-01-18,2456.0419921875,2486.076027536784,2424.916770493867,2459.6480039602816,2395168,-0.0010420595242989217,-0.0060118064522802885,0.019132005728226462,,,,,,,0.0,-0.06818609761145578,,,-0.010558650142566628,-0.020226451945754675,,0.0,0.0,0.0,0.0,0.0,0.0,0.0
2021-01-19,2509.9892578125,2539.9283070479346,2457.7501588730056,2481.4736160049843,2558693,0.02196512347777535,-0.005273331829781902,0.02013156702944985,,,,,,,0.0,0.06827287271707028,,,0.016794730817062842,0.041904195393749566,0.014519112049223626,0.0,0.0,0.0,0.0,0.0,0.0,0.0
2021-01-20,2559.523681640625,2568.9180775975283,2509.989151580416,2518.482102539334,2065439,0.01973491467102728,-0.0037114699387891135,0.02150031803546566,44.41039941976202,,,,,,65.94440206454854,-0.1927757648143017,,,0.008508265623863087,0.0007393168845555298,0.0032200411495955095,0.0,0.0,0.0,0.0,0.0,0.0,0.0
2021-01-21,2577.6484375,2673.11148383229,2557.3885137473185,2587.7070436700424,5015712,0.007081300317470562,-0.0025363635430031726,0.021761663266720615,47.41332208320263,,,,,,69.50001406600732,1.4283999672708805,,,-0.0037112802046228577,-0.02556144814568284,0.0003565735095132361,0.0,0.0,0.0,0.0,0.0,0.0,0.0
2021-01-22,2464.060546875,2627.467907663497,2457.7501998424577,2609.5803280180535,4945564,-0.04406647895520077,-0.008821431154107584,0.02389163805854107,34.74567619268852,,,,,,76.65842076279533,-0.013985651488761741,,,-0.014972171647596122,,-0.012299441095836805,0.0,0.0,0.0,0.0,0.0,0.0,0.0
2021-01-25,2385.58349609375,2497.1312444165314,2373.2947909123104,2479.4336370261094,3520087,-0.031848669822978626,-0.012168015792987175,0.024600330224101963,28.9839964029498,,,,,,80.02828024432574,-0.2882334552742619,,,-0.009254169343308138,-0.03593633389997153,0.008482245479108697,0.0,0.0,0.0,0.0,0.0,0.0,0.0
2021-01-27,2312.1826171875,2396.068650745858,2306.4414954716376,2396.068650745858,2700415,-0.03076852226150939,-0.01072619744377995,0.022807266816775622,24.835714359306365,,,,,,80.71391417503251,-0.2328556083983152,,,-0.019060488041877988,-0.02170491987719625,-0.001788561516616105,0.0,0.0,0.0,0.0,0.0,0.0,0.0
2021-01-28,2317.0224609375,2328.646954410935,2278.4482140403,2296.430547405147,3035457,0.0020931926890304098,-0.00989751278845018,0.023138396195169175,25.591928548733364,,,,,,78.53425890328982,0.12407055952510992,,,-0.010735650281904374,-0.022025743098120998,-0.0050170683946290096,0.0,0.0,0.0,0.0,0.0,0.0,0.0
2021-01-29,2284.4267578125,2357.162787386367,2277.451968489244,2330.5925144206594,2768673,-0.014067927123939672,-0.009832235885039297,0.023124193808249285,23.851475790269788,,,2489.314915092091,2783.4221947161122,2277.915378526075,78.61829890284936,-0.08788923710663665,2658229.25,1.0415478649932093,-0.013240422354072856,0.004931777182644037,0.006302940689940195,0.0,0.0,0.0,0.0,0.0,0.0,0.0
2021-02-01,2322.81103515625,2341.742306423707,2255.531175950861,2302.693591106692,1797359,0.016802586124715857,-0.005411654040790792,0.023612175397377342,29.897507017870623,,,2473.457402717249,2778.6132194374736,2251.622913375026,79.16064401499197,-0.3508229393648148,2685762.3,0.6692174508518495,0.047423511101338356,0.0631441802582966,0.008410833876558943,0.0,0.0,0.0,0.0,0.0,0.0,0.0
2021-02-02,2337.85205078125,2391.324823532793,2301.270659951266,2334.3885182105832,2679428,0.0064753505116650345,-0.004659913037194397,0.023884839028125666,32.17018550772552,,,2460.5426072947726,2771.609768638452,2231.102462806861,79.93875255545872,0.4907583849414614,2751709.4,0.9737321826207376,0.02567357148195737,0.0378519382394491,0.01969832547309358,0.0,0.0,0.0,0.0,0.0,0.0,0.0
2021-02-03,2328.362548828125,2375.999440545168,2313.8439770446234,2375.999440545168,2409356,-0.0040590686437809165,-0.007262332249350023,0.02200533371101685,31.476844842679213,,,2447.954030297949,2756.3053031516733,2214.124091379577,78.66851762296484,-0.10079464721574904,2807197.75,0.8582779748950711,0.009701122671723184,-0.004299517292902122,0.017403411345863207,0.0,0.0,0.0,0.0,0.0,0.0,0.0
2021-02-04,2279.159912109375,2330.592318403769,2275.5539004610087,2330.592318403769,3478562,-0.02113186227957231,-0.011349009944409983,0.02015113887530193,28.09570813449983,,,2431.8783999942752,2738.569610762303,2193.565374589259,76.98065336009309,0.4437725267664887,2896231.65,1.2010648388570715,0.0071467580293813615,0.00952951853293138,0.006500189429803793,0.0,0.0,0.0,0.0,0.0,0.0,0.0
2021-02-05,2255.38916015625,2300.1315094351053,2249.743023466861,2296.4307426435785,3303319,-0.010429611290909802,-0.013100101105248018,0.019105326007700256,26.608631650951082,,,2415.069900962082,2719.918146853159,2172.7884937718404,75.0812128321039,-0.05037800102456125,3004257.3,1.0995459676506403,0.0019199973566108586,0.006784624758019886,0.008497620644176918,0.0,0.0,0.0,0.0,0.0,0.0,0.0
2021-02-08,2293.44140625,2310.5695556065457,2252.2098556726705,2271.75807547474,3666313,0.016871698581327754,-0.0070062833515951665,0.017805016171802704,32.745369534709425,-86.5593514046127,,2403.4862347990265,2681.1113943585165,2170.994928883671,73.88681905365898,0.10988766147017581,3104524.6,1.1809579476355252,0.01283480273296811,0.020070337968106866,0.020559508216481115,0.0,0.0,0.0,0.0,0.0,0.0,0.0
2021-02-09,2378.845458984375,2403.138134219821,2299.8936273647673,2308.291821832327,7178572,0.03723838442160976,-9.757792713632751e-05,0.02032051990326701,44.05258094160955,-77.70422904745556,,2401.1394942452503,2631.197381492954,2188.412481788296,76.44466969052769,0.9579812198249305,3387553.45,2.1191022092950296,-0.0004300136336804483,-0.006749981745552858,0.008751630899576313,0.0,0.0,0.0,0.0,0.0,0.0,0.0
2021-02-10,2382.404541015625,2424.537308023461,2348.622245541317,2399.864912716764,4473123,0.0014961383968041808,0.0031288881386950297,0.017237053224799077,44.471560650035286,-69.5970214654526,,2399.355212985286,2606.8768456575,2192.8100928190624,76.40684060421454,-0.37687843766141793,3277465.1,1.3648117870118586,-0.00018530340410816137,0.0163389954121258,0.0062203481284348605,0.0,0.0,0.0,0.0,0.0,0.0,0.0
2021-02-11,2377.56494140625,2410.3033131797547,2367.696075628342,2396.0217452451298,1446286,-0.0020313928747431875,0.00271642958231767,0.0173137666783687,43.98915248844983,-62.83815712969681,,2397.279949025378,2583.0800653888587,2197.798962931454,73.99258324330013,-0.6766719806274051,3206645.6,0.45102770321734337,0.004421924647502795,-0.0025608888399534235,-0.005368502106740558,0.0,0.0,0.0,0.0,0.0,0.0,0.0
2021-02-12,2359.155517578125,2394.1712469505746,2338.373630532189,2389.4265556169426,1376085,-0.007742974127653679,0.003348924881946269,0.016738454203890536,42.1175615156389,-58.295204270255,,2393.6490507923063,2564.3320339402485,2199.674948481627,72.69294275580623,-0.048538809059895494,3169202.35,0.4342054712915381,-0.0006590524229219685,0.0001426852440127302,0.021099131966065388,0.0,0.0,0.0,0.0,0.0,0.0,0.0
2021-02-15,2331.303955078125,2388.9519515250554,2323.5227080654295,2367.6008417298963,1634576,-0.011805733997812928,0.00048809286969339063,0.01662796081947186,39.387233200456606,-56.29335497274042,,2387.711422629051,2555.70015974161,2195.5768177974523,72.17410709179335,0.18784522758405187,3122409.35,0.5234983042822364,0.00998465984153385,,,0.0,0.0,0.0,0.0,0.0,0.0,0.0
2021-02-16,2325.135986328125,2348.717194908603,2298.3284803129145,2345.775393614172,1615849,-0.002645716246723051,-0.00042401380614541794,0.01651280933346632,38.78755081119236,-54.57546650633776,,2381.751857267058,2546.485401969006,2191.7009749841186,70.61800762778584,-0.011456793688393807,3083443.4,0.52404042830817,-8.162092525865194e-05,0.017683917802393312,0.014736475483711375,0.0,0.0,0.0,0.0,0.0,0.0,0.0
2021-02-17,2266.20654296875,2329.690644004312,2260.370666034749,2311.6133259700455,3178784,-0.025344514774998994,-0.002552558419267226,0.018307759653934927,33.534281308764946,-57.308524112538635,,2370.7475416196,2527.258064078662,2186.550041390088,70.5252912236271,0.9672531282316603,3114447.95,1.0206572885573508,-0.006827318687430917,,0.015627433111524924,0.0,0.0,0.0,0.0,0.0,0.0,0.0
2021-02-18,2344.589111328125,2352.9873072601436,2272.9442755878545,2300.2262494624606,4253843,0.03458756599329793,0.0030193844080197985,0.020385995772310473,44.33372364199852,-52.54397947206144,-62.75225287337486,2368.2562625442215,2488.9085387098426,2203.4061097276576,71.68639644275326,0.3381981915097094,3223868.15,1.3194841730732692,-0.005914312869584326,-0.011631149210947767,-0.006372335344280944,0.0,0.0,0.0,0.0,0.0,0.0,0.0
2021-02-19,2293.0615234375,2344.7311588564858,2277.451537360048,2344.7311588564858,2244567,-0.021977235858370303,0.0018646219512737483,0.021527553891015322,39.760140851037896,-52.32274518977647,-60.66635133665518,2361.0948588197716,2428.9548708115635,2234.9010862196865,71.37162680373073,-0.47234371367255445,3085310.9,0.7275010761476258,-0.009074717063029758,-0.013044112244805284,-0.015954957811584625,0.0,0.0,0.0,0.0,0.0,0.0,0.0
2021-02-22,2265.163330078125,2323.0010760576706,2258.473268389402,2304.7340128574624,2002642,-0.01216635187247539,-0.001039183094106566,0.0212348121641531,37.50422213043074,-53.778639792839385,-59.28880902789203,2351.958522749139,2402.097519202971,2241.8687161485914,70.88278257976914,-0.10778248098631049,2938164.8,0.681596212710737,-0.020428174591586412,-0.02801321747438079,0.03703700559543499,0.0,0.0,0.0,0.0,0.0,0.0,0.0
2021-02-23,2251.0712890625,2277.4518189670775,2196.7920670453273,2253.728362519504,3267268,-0.0062212030490265136,-0.005385141841170194,0.016435269697962763,36.38133358824222,-55.43058738574109,-58.517164699461844,2342.3502147789827,2395.4702111443103,2235.0448035041272,71.5811375327678,0.6314788164834253,2925523.85,1.1168146860262307,0.0021872625461001327,0.027047072847256715,0.001992717459678106,0.0,0.0,0.0,0.0,0.0,0.0,0.0
2021-02-24,2240.775634765625,2286.32467494205,2227.3480182923104,2251.8306737220187,1708526,-0.004573668700275979,-0.005992122550878209,0.016264087997549272,35.54402069699799,-56.91446647069097,-58.19662505370767,2332.676445253901,2398.2360297199743,2225.1382866862755,70.68081746969436,-0.4770780970523385,2875929.4,0.594077865750112,0.01864318245786234,0.008634335572313745,0.02554685786719868,0.0,0.0,0.0,0.0,0.0,0.0,0.0
2021-02-25,2252.542236328125,2264.4039647974673,2216.9095576713435,2253.7284091750594,2839515,0.005251128841255337,-0.005263870379278357,0.016620284913900756,37.319530933642305,-56.48980561236749,-57.85526116543964,2325.0446158323984,2398.7020600470605,2218.2242338982524,69.02464530229646,0.6619676844250542,2866132.3,0.9907131642178556,0.007699213013950157,0.016835479215218108,-0.002386689438011569,0.0,0.0,0.0,0.0,0.0,0.0,0.0
2021-02-26,2160.92236328125,2239.494504959629,2144.600670003713,2218.665354521686,3933813,-0.04067398673785794,-0.008556971640298783,0.020070404030569564,30.3168103528552,-62.822043466567266,-58.84861762566517,2309.4139251132415,2412.8710862163803,2191.704768275807,71.80442537530473,0.3853820106602712,2924389.3,1.345174187308099,-0.03763569324758598,-0.01838085645673926,-0.011214115293069482,0.0,0.0,0.0,0.0,0.0,0.0,0.0
2021-03-01,2241.677001953125,2248.888794059145,2182.558099276962,2182.558099276962,2545806,0.03737044886205587,-0.003639353354311903,0.024680928000359818,40.851810639266574,-60.62531227917725,-59.20395655636759,2302.962789574183,2411.4270956330606,2185.035355538814,72.9588543326326,-0.35284010704118374,2961811.65,0.8595435162124506,0.015995389118723446,0.013293380721369985,-0.03689700178511457,0.0,0.0,0.0,0.0,0.0,0.0,0.0
2021-03-02,2268.34228515625,2279.872025855422,2238.5457117183623,2264.167048817301,2033586,0.01189523877877674,-0.0021852578517619235,0.02516948364668124,43.86946251265912,-56.086194742606494,-58.58040419361537,2299.665598677237,2407.1376607386774,2182.3738138706976,70.69938717580598,-0.20120150553498573,2929519.55,0.6941704826649817,0.010672985341787733,0.007476354366540594,-0.01554400824487323,0.0,0.0,0.0,0.0,0.0,0.0,0.0
2021-03-03,2279.44482421875,2294.2481229611535,2254.4877001436694,2283.1455909857523,1591567,0.004894560726198094,0.0008386496983577851,0.0238603777666579,45.12481156565517,-51.00507452814054,-57.065338260520406,2297.7398106335713,2403.785267793172,2180.834434355266,68.48946115021157,-0.21735938386672604,2888630.1,0.550976395350862,0.021884698711632122,0.014981814651565006,0.021850062443612206,0.0,0.0,0.0,0.0,0.0,0.0,0.0
2021-03-04,2293.678955078125,2310.664858700248,2230.0050997723133,2258.4732499821725,2149984,0.006244560389503384,-0.0019956508620216696,0.02090656613273207,46.76852875073697,-45.307399254199936,-54.71375045925632,2297.353062485434,2404.34820691953,2181.7233995257825,69.35876813433462,0.35085987583306255,2822201.2,0.7618110289230973,-0.010812930524138231,0.0011035836198451943,0.04167314158986968,0.0,0.0,0.0,0.0,0.0,0.0,0.0
2021-03-05,2265.21044921875,2300.131189320591,2255.7210673053446,2276.5027210259573,1953642,-0.012411722135892922,-0.0010390994897739314,0.02009378417902541,43.934065272225205,-42.59807693713992,-52.29061575483304,2294.29186122194,2404.2557381560764,2182.7979971954865,67.5767219829712,-0.09132254007471685,2754717.35,0.7091987132545559,-0.009459104528952489,-0.014193175719597884,0.039256859910754116,0.0,0.0,0.0,0.0,0.0,0.0,0.0
2021-03-08,2261.034912109375,2290.2622538318665,2239.5415554112733,2261.3196398928267,1593838,-0.0018433329719166336,-6.7975997180558245e-06,0.019720311124665917,43.51747112497083,-40.32303162124981,-49.8970989281164,2291.124532735029,2403.53774346302,2180.2753424744797,66.37272029994419,-0.18417089722682045,2651093.6,0.6012001990423876,0.0012117060677612201,-0.010483645155230148,-0.01614767498163594,0.0,0.0,0.0,0.0,0.0,0.0,0.0
2021-03-09,2298.99267578125,2319.2051070507337,2273.798318647603,2277.4518236177414,1800442,0.01678778309374418,0.0022941010145590135,0.020249866388946314,48.31531993887391,-35.05309723045957,-46.92829858858504,2291.873879691812,2392.2984231876276,2183.5293844295597,65.7868256314738,0.129626724924365,2382187.1,0.7557936989919893,0.00950777560179139,-0.010877259417252705,-0.010551014701678296,0.0,0.0,0.0,0.0,0.0,0.0,0.0
2021-03-10,2307.77001953125,2321.102646480613,2292.2075269997285,2321.102646480613,1056102,0.0038179085311862426,0.0031332587377052358,0.020107012791506253,49.385977171818105,-29.82457879345384,-43.5075546295588,2293.3877977717584,2379.751951880702,2188.6124035880475,63.15170376357458,-0.4134207044714575,2211336.05,0.47758548502838366,0.005060099883821945,0.006141085001434288,0.005628034681656402,0.0,0.0,0.0,0.0,0.0,0.0,0.0
2021-03-12,2278.732666015625,2338.800264169929,2274.604692489678,2318.0661050807125,1279203,-0.0125824294751532,0.001349902906064382,0.020680967021732694,45.991704434702015,-27.704650055809907,-40.346973714809025,2291.9920709378407,2364.6675788324264,2193.813549097261,63.22626575762289,0.21124948158416523,2202981.9,0.5806688652321655,-0.009479506235763657,-0.008232771884980505,-0.005888209807371703,0.0,0.0,0.0,0.0,0.0,0.0,0.0
2021-03-15,2234.74951171875,2303.595026026106,2223.4097463062612,2279.8715704876904,1524449,-0.019301585900280194,0.003487142989822156,0.016546635475204827,41.35523308063192,-29.236642412611218,-38.12490745436946,2286.540398631261,2352.1506441210913,2193.8898832226587,64.4376238977816,0.1917178117937497,2210400.1,0.6896710690521594,-0.006749419963093084,-0.0040074248519392786,-0.004911932408106723,0.0,0.0,0.0,0.0,0.0,0.0,0.0
2021-03-16,2342.549072265625,2353.366875718126,2254.060579862111,2257.7138531443843,4230564,0.0482378718427221,0.004573885287888779,0.019168433361342677,53.68029618844106,-21.504345071179614,-34.80079497773149,2291.87455802501,2354.5010334297244,2192.6640056327756,68.30760533360976,1.77514301888748,2340199.5,1.8077792085674746,-0.001275984104457617,-0.005604288370799071,-0.007113790408074028,0.0,0.0,0.0,0.0,0.0,0.0,0.0
2021-03-17,2299.22998046875,2334.3881904029895,2287.985200751319,2334.3881904029895,1623187,-0.01849228787125401,0.0015351326228857042,0.020256591485331668,49.20505312590178,-18.656867638512722,-31.57200950988774,2292.5750744482234,2350.6523973653966,2193.9220411111655,67.32591006080234,-0.6163190061656082,2340566.4,0.6935017951210443,-0.012685759862868795,-0.02962427745664742,-0.005702579223994975,0.0,0.0,0.0,0.0,0.0,0.0,0.0
2021-03-18,2281.769775390625,2342.7865581536457,2267.9626759448665,2342.7865581536457,1851739,-0.007593935894383841,0.0002862829608275108,0.020410845067866227,47.48663898617851,-17.606161022131346,-28.77883981233646,2291.5459983475,2351.482648411349,2194.648113307401,67.86147949994354,0.14080447908959348,2274214.15,0.8142324679494234,-0.011102973071742905,-0.01474314879234917,-0.06941178265739889,0.0,0.0,0.0,0.0,0.0,0.0,0.0
2021-03-19,2288.126953125,2309.715294517885,2235.081406943646,2270.808833106532,3738079,0.0027860732502194008,-5.956575310088752e-05,0.020327800164374136,48.196022248675284,-16.07519253165856,-26.23811035620088,2291.2203749929763,2341.9334822082174,2198.55106369022,68.34522293382179,1.0186856787052605,2248425.95,1.6625315145468766,0.012786942826028547,-0.005290205757490063,0.019753476992938168,0.0,0.0,0.0,0.0,0.0,0.0,0.0
2021-03-22,2301.839599609375,2313.6065735934826,2267.962548463027,2267.962548463027,1489853,0.0059929570191230574,0.0017809021624007105,0.019914146782927942,49.77217077628848,-13.598636387586794,-23.710215562478062,2292.2317297183477,2343.0302853262606,2198.3320681893642,66.72370880500992,-0.6014388673968635,2210690.25,0.6739311398329096,-0.000515437423697751,0.027047636359926575,0.0013947616455562972,0.0,0.0,1.0,0.0,0.0,0.7652407288551331,1.0
2021-03-23,2287.2255859375,2309.667879697502,2275.743342071151,2305.9196204764526,1745466,-0.006348841020180074,0.0013303513575743664,0.020055719224358132,48.09279844396719,-12.669134671468328,-21.501999384276118,2291.7549541201715,2344.4353752132674,2199.1332038882947,64.38091086367714,0.17156927562652147,2197831.45,0.7941764597098653,0.00531673999743143,0.01050447600159865,-0.059269601799224136,0.0,0.0,0.0,0.0,0.0,0.0,0.0
2021-03-24,2318.77783203125,2343.877199431179,2286.9409111858877,2287.225638961984,4132092,0.01379498650580957,0.0010310716987809055,0.019820377036483303,51.86880315184786,-9.279526690717375,-19.05750484556437,2294.328561540274,2349.9239571582007,2200.415276240237,63.84915210522103,1.3673288394044913,2241072.65,1.8438010030598517,-0.017911176994211853,-0.029428954005765062,0.059549312256341524,0.0,0.0,0.0,0.0,0.0,0.0,0.0
2021-03-25,2279.539306640625,2342.928424983975,2269.860183297557,2325.800044071961,2272545,-0.01692207198490081,-0.0010429263528278,0.020567396913645456,47.26408312506912,-9.64824010800612,-17.17565189805272,2292.920061073641,2350.1859422662856,2204.0296583196523,64.50765850387798,-0.4500255560621593,2269273.6,1.0014416066885896,-0.015430189146808937,-0.025041538708293953,-0.038192870040420046,0.0,0.0,0.0,0.0,0.0,0.0,0.0
2021-03-26,2377.232666015625,2385.583369307743,2286.0873285434345,2301.1753546941486,3084607,0.04285662418296776,0.004500979012984296,0.024252885006198065,57.40340550372659,-2.0339642300073137,-14.14731436444364,2300.949832972878,2367.421107224861,2199.263536329827,67.47454451553797,0.35733593834225497,2281528.2,1.3519916168469888,0.012733031929623273,0.01686527095766266,0.04229215334331582,0.0,0.0,0.0,0.0,0.0,0.0,0.0
2021-03-30,2446.41015625,2451.5343298254948,2392.747655069139,2409.4490599455935,2332884,0.029100008267310296,0.009341138429743346,0.023800328177297162,62.85022583286868,9.473247878062011,-9.42320191594251,2314.8031970945085,2390.218568012306,2205.0148548392567,67.96219589370453,-0.24370138562222032,2201481.75,1.0596880941665767,0.02328481586755049,-0.00030433993200873477,-0.012927114864415001,0.0,0.0,0.0,0.0,0.0,0.0,0.0
2021-03-31,2407.8359375,2451.0601231799683,2401.762825080654,2446.4104182033802,1616044,-0.015767682557829454,0.0029405829896881897,0.020564063892293188,58.368323292108215,15.303767004007113,-4.477808131952585,2323.663458085508,2406.437449751035,2205.4118666552154,66.62898890839095,-0.30727631549618417,2154993.65,0.7499066180543038,-0.010400699094332388,0.01719937259203763,-0.009354513249620111,0.0,0.0,2.0,0.0,0.0,0.6544945538043976,2.0
2021-04-01,2421.452880859375,2433.5993352965274,2402.711352732806,2402.711352732806,1219588,0.005655262116202708,0.005355337988433862,0.019135823375355698,59.46715166556381,20.783687533014017,0.5744910010407356,2332.976736444924,2424.2836649564574,2202.8767110201047,64.07605988377169,-0.2453250035271317,2114293.75,0.5768299698185269,0.012024574166918489,0.004937883964156287,0.020774310289656484,0.0,0.0,0.0,0.0,0.0,0.0,0.0
2021-04-05,2382.451416015625,2427.383729001319,2357.6367766629305,2427.383729001319,1268939,-0.016106637941229907,0.004504067783749255,0.019947998321677096,54.99024930648052,21.728993458142213,4.805391492461031,2337.6886106897523,2432.153446615294,2205.3075885409557,64.48112363053004,0.04046530467666121,2098162.35,0.6047858975259945,-0.015439860548026041,-0.03379980940599414,-0.04178228583057009,0.0,0.0,0.0,0.0,0.0,0.0,0.0
2021-04-06,2478.247314453125,2486.218303366684,2376.6159315961295,2397.018104696276,3372846,0.04020896199331836,0.00824635665805915,0.02288411491378569,62.46486899648205,29.863831953377485,9.817079584644322,2351.0751539053117,2460.200047077521,2195.7178240162293,67.70406992624605,1.6580048371119496,2159305.45,1.5620050419453162,0.003122067245233451,0.011712090152562471,0.00949316392763433,0.0,0.0,0.0,0.0,0.0,0.0,0.0
2021-04-07,2494.379150390625,2531.8147176246034,2467.334410550008,2471.9841152563645,1937977,0.006509372911823297,0.008297998247329175,0.02287904687348143,63.562245516139,37.18382245088742,15.290428157892944,2364.7231535705796,2486.7747311862236,2192.0600100247143,67.47380115112813,-0.4254178815160846,2158522.2,0.8978258365839369,0.009231436965811968,0.009596325655702564,0.006694264547485007,0.0,0.0,0.0,0.0,0.0,0.0,0.0
2021-04-08,2515.302490234375,2522.65675994841,2493.80913657857,2495.7070126338044,897483,0.008388195451550784,0.009771701894502261,0.022298025032527806,64.99185911759113,44.16420881167596,21.065184288649547,2379.0640427766557,2513.4565837908813,2190.8049152325566,64.7147884524647,-0.5368969807175215,2123704.45,0.4226025895458287,0.0036945688638336804,0.008147291058413941,0.0006333267198224135,0.0,0.0,1.0,0.0,0.0,0.0,1.0
2021-04-09,2496.466796875,2519.4310562125706,2476.87108298872,2500.45229119402,1185017,-0.0074884406279182025,0.0076433591811294836,0.022879502123895737,62.610369888691686,47.62731422451816,26.377610275823272,2390.2452574526887,2532.995427429205,2191.0134837036076,63.13230165042084,0.3203782132920623,2092933.2,0.5661991505510066,-0.0026187118170183377,-0.006135942152337814,-0.003955696154779198,0.0,0.0,0.0,0.0,0.0,0.0,0.0
2021-04-12,2469.327392578125,2476.729158236472,2424.5375476222935,2446.5528715828473,1427691,-0.010871125676835458,0.008248453811936018,0.022228382514745713,59.241978135922736,47.63284531090312,30.628657282839242,2397.776889369397,2545.274425530654,2194.890222906846,63.760655050584106,0.20478524780657148,2111512.65,0.6761460794468838,-0.03532558930400764,-0.07498869089556892,0.00524222418360476,0.0,0.0,0.0,0.0,0.0,0.0,0.0
2021-04-13,2439.435546875,2491.911879164871,2433.3624346602683,2467.239484321655,1200230,-0.012105258214430648,0.0027522655721961774,0.019325792173362617,55.688305381663845,44.70981963518989,33.44488975330937,2401.7443805604066,2550.5327810698086,2205.702155453629,63.388425725871166,-0.15932088946417677,2107564.0,0.569486857813096,0.013556195506029933,0.02767377557840578,0.0061630751765442415,0.0,0.0,0.0,0.0,0.0,0.0,0.0
2021-04-15,2455.5673828125,2461.1187640630387,2407.456261447188,2457.7499870509328,1209829,0.006612937963524246,0.0005035585418175726,0.017099417148132127,57.181096926529676,43.19705629299051,35.3953230612456,2406.870380774892,2551.4182102968334,2226.8985133359793,62.69371693229829,0.007997633786857472,2091833.0,0.5783583106299595,0.005284484560774683,-0.003801621139415068,0.005407038156368005,0.0,0.0,0.0,0.0,0.0,0.0,0.0
2021-04-16,2527.6865234375,2555.964926861839,2449.873594533594,2455.4724686666586,2760777,0.029369644315114574,0.005017291229111975,0.018246066225894385,63.156806762705465,47.27266254148981,37.77079095729444,2418.3766800760927,2569.847509074268,2226.982959675732,65.79354660343735,1.2819563756530883,2018343.65,1.3678428844364536,0.002496282165007191,-0.004452295626373615,-0.002539674217798993,0.0,0.0,0.0,0.0,0.0,0.0,0.0
2021-04-19,2440.573974609375,2514.686137987349,2435.7820222142054,2514.686137987349,1552036,-0.03446335137699641,0.0010054298797920636,0.022094831505616697,53.4530232585748,42.97793234486244,38.81221923480804,2420.4907081268816,2571.5461944842023,2239.4186736798606,67.65861479057001,-0.4378263800372142,2014786.1,0.7703229638123869,-0.017676978554819645,-0.04072831974819313,0.004193596267321187,0.0,0.0,1.0,0.0,0.0,0.8647173047065735,1.0
2021-04-20,2423.256103515625,2471.699448194152,2399.6751266761844,2467.2394846913166,1489287,-0.00709581896468503,0.0019065117774465512,0.021495017756629632,51.750724303737194,37.74185563809078,38.59814651546459,2420.7540791162855,2568.695166611202,2256.4183343653604,67.97045098538412,-0.04043011888899484,1996663.5,0.7458878273680066,-0.004390823034999047,0.00316354394155427,-0.007158886429327493,0.0,0.0,0.0,0.0,0.0,0.0,0.0
2021-04-22,2383.021240234375,2426.435166263533,2360.9584253670982,2425.154006924067,1690758,-0.016603636414194045,-0.0037747480633046893,0.01735608396363982,47.931482695087894,29.999790997664604,36.878475411904596,2417.160475413247,2563.476257851754,2271.1266718357465,67.79232883617347,0.1352801709811473,1894297.45,0.8925514839287779,0.007676757575422188,0.012946037830653623,0.001224767780594771,0.0,0.0,0.0,0.0,0.0,0.0,0.0
2021-04-23,2389.37890625,2434.026495117139,2368.7395002972526,2398.0618298278446,1614593,0.0026679015311670273,-0.004158895201370316,0.017144392521254017,48.57727908977692,24.09935711826165,34.322651753176004,2414.514611683414,2558.7188774892134,2284.637982862349,67.61337640643868,-0.04504784244699711,1900534.45,0.8495468208955644,-0.004498133053794207,-0.01097822766023726,0.010856254860968306,0.0,0.0,1.0,0.0,0.0,0.8752844333648682,1.0
2021-04-26,2427.28857421875,2443.515507735972,2400.813294979421,2400.813294979421,1103980,0.01586590886426098,-0.0034111238600992968,0.017898924326871082,52.370704244645886,22.22600657072917,31.903322716686638,2415.7311795439223,2551.052691668989,2306.3104675106983,66.65074962640533,-0.31624873884626037,1868460.15,0.5908501714633839,0.010016518287169873,0.033962890704393844,-0.0069580862233517005,0.0,0.0,1.0,0.0,0.0,0.6672528386116028,1.0
2021-04-27,2442.8994140625,2448.165836306933,2404.609660850006,2415.0479821875556,866331,0.00643139015672034,-0.002019140781635442,0.018086882385279404,53.87950333505056,21.750303119933506,29.872718797336013,2418.318630450454,2546.4461187836882,2323.329198599124,65.00113718572831,-0.2152656751028098,1705172.1,0.5080607406138067,0.011601643402658013,0.007210383233511752,0.011728813787808878,0.0,0.0,0.0,0.0,0.0,0.0,0.0
2021-04-28,2481.046630859375,2486.4555327304183,2443.516075481663,2455.852273144289,1065561,0.015615549529907513,0.0006295267390388548,0.01857922405752907,57.428438808992894,24.172817105300965,28.732738458929003,2424.2927257274937,2532.3629450760222,2357.5631047286656,63.46935014874189,0.22996983831814855,1644822.9,0.647827191608288,0.014433855260107098,-0.005886018637570212,0.012797327575334139,0.0,0.0,0.0,0.0,0.0,0.0,0.0
2021-04-29,2480.00244140625,2507.094672793451,2438.771123799837,2495.7074146278487,1295346,-0.00042086651662942565,0.001797965908818977,0.018049204896198115,57.298467270262044,25.712027284410397,28.128596224025284,2429.5984129349945,2532.933884263505,2367.269143080245,63.81607863766134,0.2156469690613676,1555359.85,0.8328272071572376,0.0020418099664161193,-0.0008001279892232427,0.01917646766614345,0.0,0.0,0.0,0.0,0.0,0.0,0.0
2021-04-30,2406.886962890625,2472.7434185865864,2395.167714126698,2462.494838818476,1384907,-0.029482018765338736,-0.0018115297640673212,0.020431275240741904,48.94536941974001,20.792372844751753,26.66135154817058,2427.4354176926736,2533.0744861102303,2363.176221897582,65.31741068351069,0.06914060027205093,1507961.0,0.9183970938240446,-0.017710812045177438,-0.00832801409947248,-0.019107316295835397,0.0,0.0,0.0,0.0,0.0,0.0,0.0
2021-05-03,2450.300537109375,2462.589471419923,2377.659507488613,2381.834742654602,1034774,0.018037230201542576,-0.002944771175424521,0.01875514260118951,53.298817236846055,20.16418371609052,25.36191798175457,2429.613048113312,2533.1619212183887,2367.335246750361,66.71830734406777,-0.252820586508697,1478897.5,0.6996928455149867,0.00020851346320172048,-0.006298488916628986,0.004609629124070702,0.0,1.0,0.0,0.0,0.7834068536758423,0.0,1.0
2021-05-04,2455.045166015625,2484.2725064646775,2440.2418703390226,2471.983804137901,1058140,0.0019363456989840433,0.0006951985321735244,0.015142687913514875,53.76285212421759,19.820710394520574,24.25367646430777,2432.035154580199,2533.794552815999,2370.0618436683762,65.09775939989541,0.022580776092170796,1470825.1,0.7194193245682304,-0.00940610742344028,-0.0045506059621617245,0.019538184466028286,0.0,0.0,0.0,0.0,0.0,0.0,0.0
2021-05-05,2436.541259765625,2483.371456126569,2416.0918253575087,2483.371456126569,1220186,-0.007537094024233637,0.0006510710262186637,0.015168535379180621,51.609103938886584,17.84963523779743,22.9728682190057,2432.4643074550017,2530.4930214378037,2378.7723594215713,65.25360735483574,0.15314230631107417,1468387.45,0.8309700549401999,0.0083709591539336,,0.0011614668154000807,0.0,1.0,0.0,0.0,0.8566417098045349,0.0,1.0
2021-05-06,2418.890869140625,2450.016087201445,2398.915674487729,2448.1182108766916,1518119,-0.0072440351889209165,0.0015870311487459765,0.01424627729045801,49.56924329502573,14.69392256956371,21.317079089117303,2431.171599044109,2528.2385151251274,2375.091221202998,64.24266488047002,0.2441701511081098,1375651.1,1.103563977813851,0.0073164109749706,-0.0029387555803571663,-0.012616049276861552,0.0,0.0,0.0,0.0,0.0,0.0,0.0
2021-05-07,2421.358154296875,2457.7500282732967,2411.726523882851,2424.5371900533873,1416102,0.0010200068087926617,0.00142224167650854,0.014241915561883903,49.867536209239155,12.250866473644692,19.50383656602278,2430.236985258658,2523.0404812871093,2372.9871554316405,62.941296274039715,-0.06719960688193749,1349557.35,1.049308501042953,0.006679247748155426,0.007532299810038445,0.002790460443901077,0.0,0.0,1.0,0.0,0.0,0.7969446778297424,1.0
2021-05-10,2426.387451171875,2456.8009664033198,2412.3431196679144,2456.8009664033198,1526814,0.0020770561620861994,4.335640629106185e-05,0.013326187435698082,50.510129781531,10.598377642384548,17.722744781295134,2429.870362964679,2512.4006763187213,2374.735456493779,61.62104987842298,0.0781808090095204,1381023.9,1.1055666741176602,0.008041422748121585,0.007801052963101629,0.0005858365003292842,0.0,0.0,0.0,0.0,0.0,0.0,0.0
2021-05-11,2425.7236328125,2431.180028270171,2392.558284148144,2403.6608163966994,1168363,-0.00027358300054447504,-0.0006271409094354196,0.013136392423041309,50.41826862123725,9.129959257118117,16.00418767645973,2429.4754362835192,2504.7758837592396,2375.28593264701,59.97824232439469,-0.23477057454280614,1380191.2,0.8465225687571404,-0.006130201191218876,,0.003366559689124582,0.0,0.0,0.0,0.0,0.0,0.0,0.0
2021-05-12,2425.675537109375,2456.753260040992,2400.8134050989497,2445.413496023713,2085630,-1.9827363049285118e-05,-0.0021906785987310996,0.01185645904141168,50.411115074018205,7.871607198245783,14.37767158081694,2429.1135411240766,2501.428308756237,2374.2683221031375,59.68978608279808,0.7850873401502787,1413088.15,1.475937647626583,-0.0103866808073666,0.0009676449680984245,0.011232627407544049,0.0,0.0,0.0,0.0,0.0,0.0,0.0
2021-05-14,2632.8291015625,2690.4770986502353,2468.7102821142657,2486.218146006037,10543708,0.08540036014049335,0.006391444066981178,0.030180402263579178,70.09328694598015,23.321084576320573,16.16635417991767,2448.515023070593,2553.6848543445612,2341.3511319835634,74.34062718694538,4.05540675958823,1880262.05,5.607573688997233,-0.0012724250884564858,-0.03189944804828615,0.024757583253701698,0.0,0.0,1.0,0.0,0.0,0.0,1.0
2021-05-17,2640.657958984375,2679.991403764368,2607.2553783652493,2639.946255285071,2134352,0.002973553208306834,0.009637001264345735,0.027522012107986542,70.56871904335374,35.78413286258319,20.089909916450775,2466.814350300477,2592.3323535737427,2321.21269037157,74.22601277352919,-0.7975710252977415,1926488.2,1.1078977800123562,0.01671576048197254,0.013978969941126351,0.01091544185698412,0.0,0.0,0.0,0.0,0.0,0.0,0.0
2021-05-18,2677.71435546875,2699.7296794549065,2646.5891304041247,2654.180637411379,1328605,0.014033016414828348,0.009236579885674312,0.027415137919790878,72.77488896076719,48.09689881367785,25.691307695896192,2486.900065078408,2628.312579982011,2300.2352471664262,73.14356332331508,-0.37751364348523575,1854879.6,0.7162756008530149,0.012393443335275034,0.008370321226440991,-0.010797581484098484,0.0,0.0,1.0,0.0,0.0,0.0,1.0
2021-05-19,2672.06787109375,2703.5250814958085,2655.745947810503,2661.9140464520347,1219067,-0.0021086955609989078,0.008832075759676017,0.027564255646985343,71.89058525979368,56.74510815497797,31.90206778771255,2504.535094222726,2662.6536355542676,2289.0435812426076,71.33181834917154,-0.08244587367953604,1838231.15,0.6631739430593373,-0.005159432408138875,0.021484294673431048,-0.029835474453186905,0.0,1.0,0.0,0.0,0.6779929399490356,0.0,1.0
2021-05-20,2651.42822265625,2699.729082642573,2636.624694594864,2670.311999492513,1211975,-0.007724223123513507,0.00881336284974803,0.0275766638783115,68.60881151916404,61.227635163489595,37.767181262867965,2518.5249159782998,2687.2270592965847,2287.287369414353,70.7441447562099,-0.0058175637598261165,1824365.55,0.66432683954156,-0.00825677606093067,,-0.023252369736049938,0.0,0.0,1.0,0.0,0.0,0.94256192445755,1.0
2021-05-21,2687.86767578125,2708.2698487836496,2652.282490311948,2663.669749662125,1328308,0.013743330033838985,0.01091209937202402,0.0270116623180946,71.11579394411956,66.9486866568991,43.603482341674194,2534.652797864295,2714.477150940641,2290.521921324984,69.75110771129489,0.09598630334784142,1806243.05,0.735398262155251,0.01806313567497475,0.02182921086674794,0.020426997674505287,0.0,0.0,1.0,0.0,0.0,0.6580049991607666,1.0
2021-05-24,2675.24658203125,2703.5249873067137,2664.8082616169386,2700.6781726482654,813091,-0.004695578530044875,0.010340540838140266,0.02730313053544427,69.05861891001923,69.66123306447798,48.815032486234955,2548.042682070671,2734.7983301560275,2298.787509687723,67.53436613832919,-0.3878746495541696,1766167.95,0.4603701476974486,0.001476108604989923,0.013566212962161872,0.030403319819981123,0.0,0.0,0.0,0.0,0.0,0.0,0.0
2021-05-25,2765.58544921875,2773.414189515408,2678.6153542292604,2692.0427373410535,2730112,0.03376842635526622,0.013509677857458269,0.02806598332434093,74.70002757272944,78.19910660030791,54.69184730904955,2568.761040846679,2772.7877713719167,2294.6277559718333,69.72245480588839,2.3576955100966557,1847474.55,1.4777535095138388,0.0007073438653115716,,0.002775378965047981,0.0,0.0,0.0,0.0,0.0,0.0,0.0
2021-05-26,2791.39697265625,2797.3750985568527,2761.789912603802,2789.736330645108,1250531,0.009333113697423956,0.014470347527255113,0.027703853173276387,76.04398679302905,86.05620475472915,60.96471879818547,2589.964462923781,2811.086981846224,2291.1783013569016,67.28407845925713,-0.541948828472971,1866684.55,0.6699209033470599,0.006115021504864648,0.032153883713942344,0.0032046790358801758,1.0,0.0,1.0,0.6912132501602173,0.0,0.6863393187522888,2.0
2021-05-27,2798.751220703125,2813.602012178597,2754.056134855087,2799.3679379179966,2415085,0.0026346120307914056,0.01473579146663918,0.027561942737846953,76.42819636199039,91.81801705888711,67.1353784503258,2609.8489160456234,2846.0294825203423,2288.0062596671573,66.73134980670376,0.9312476060169641,1934160.75,1.2486475077110317,0.002378821196545866,-0.011924280382888508,0.008566811592292334,0.0,0.0,0.0,0.0,0.0,0.0,0.0
2021-05-28,2790.54248046875,2812.4630452604943,2781.4800744470767,2807.1014054987645,711383,-0.0029330010376245053,0.005902455348827396,0.012362006670770998,74.98263264264735,94.63107001856042,72.63451676397273,2627.0578269430644,2874.711677031797,2290.3780690619533,64.17789416432618,-0.7054418374508558,1904962.6,0.3734367278391712,0.006376433707514062,0.000452538515493206,0.0024474254417794494,0.0,0.0,0.0,0.0,0.0,0.0,0.0
2021-05-31,2825.46337890625,2837.277612694765,2786.1774316476235,2787.9803214866706,2093635,0.012514017859220683,0.0068565018139187806,0.012478448643152892,76.97756622314583,98.54232483362011,77.81607837790222,2645.953593796701,2902.2045409458715,2304.742846749441,63.24377179881299,1.9430489623732927,1940399.0,1.0789713868127122,0.009533088035724946,,,0.0,0.0,0.0,0.0,0.0,0.0,0.0
2021-06-01,2781.338134765625,2830.3034433186644,2766.250108587624,2813.6020367042233,1194073,-0.01561699382481685,0.003891500789954261,0.014012091835840818,69.44231992392132,96.96374631188064,81.6456119646979,2658.847359603265,2919.657028649634,2320.3941188113035,63.30159772254354,-0.4296651517575891,1948363.95,0.6128593171722357,-0.0005101904286871628,0.00844387135534208,0.008904247752955285,0.0,0.0,1.0,0.0,0.0,0.9233255386352539,1.0
2021-06-02,2755.4326171875,2783.948264837553,2730.238254216418,2769.8091741597063,2067842,-0.009314048246891082,0.0031709655213650436,0.014530584284826639,65.39499893582443,92.55543129503394,83.82757583076511,2668.045955563668,2930.17201903293,2339.9178735451947,62.616484358157194,0.7317550937003015,1998849.05,1.0345163382897773,8.67158252806366e-05,0.014503607033608201,0.01565834126862775,0.0,0.0,0.0,0.0,0.0,0.0,0.0
2021-06-03,2785.46630859375,2791.7766560200225,2755.764491581294,2770.520529418932,1404434,0.010899809786278025,0.005033368812344197,0.014167981722521567,67.74234612346896,90.44271051031001,85.1506027666741,2679.2288463284376,2939.7664616825855,2365.2159357783516,60.739881106326145,-0.320821416723328,2008061.45,0.6993979193216423,0.0073284506253876724,0.037877689325027664,-0.0005606295218332225,0.0,0.0,0.0,0.0,0.0,0.0,0.0
2021-06-04,2775.549560546875,2837.3255369816843,2759.5125958336916,2802.214819634419,1509084,-0.003560175190875481,0.00330301828987275,0.014042118388605458,66.1468603135091,86.96567916229606,85.5136180457985,2688.4022476825744,2941.192868610604,2399.4553979909588,61.95938539501661,0.07451400350603876,2007609.7,0.7516819628835226,-0.001281017305247989,0.004828121726738521,0.008133527568530807,0.0,0.0,0.0,0.0,0.0,0.0,0.0
2021-06-07,2783.3310546875,2790.827574680093,2755.669363897103,2780.389253251504,802415,0.0028035868107834094,0.0040529348239555785,0.013765003661420609,66.80747973953976,83.87119340327763,85.18513311729433,2697.443086444948,2937.855993987667,2438.989562652958,60.04501577987188,-0.4682767824720161,1976925.35,0.40589038933614763,0.0051945814919991395,-0.0028264557221668873,-0.005564077469397022,0.0,0.0,0.0,0.0,0.0,0.0,0.0
2021-06-08,2776.830810546875,2793.911700624566,2759.038216715947,2778.4914526377615,762931,-0.0023354189684614557,0.0004425502915828106,0.009022994050412616,65.65490024199005,79.9724036788316,84.14258722960179,2705.003822073703,2926.8963370847164,2484.9935554934086,58.24704921763954,-0.04920645800489776,1938731.2,0.3935207727610718,-0.0007333060957773752,0.008503401654765597,0.01021126561403296,0.0,0.0,0.0,0.0,0.0,0.0,0.0
2021-06-09,2793.247802734375,2813.602486020108,2770.5207733390134,2781.148837575267,1340352,0.005912132682029281,0.00010045219004334305,0.008707810653825325,67.1942739396847,77.31604753157171,82.77727928999578,2713.4080107080526,2906.7720736185856,2541.8702359517265,57.163810893600605,0.7568456387274864,1947330.65,0.6883022151374242,-0.006654976944212576,-0.016582333049200204,0.0,0.0,0.0,0.0,0.0,0.0,0.0,0.0
2021-06-10,2813.79833984375,2822.0949260817797,2785.236756755872,2808.457885371239,1344559,0.007357219466621379,0.0005727129336263404,0.008984196622431107,69.06351176891252,75.99312134479032,81.4204477009547,2722.968994435262,2868.4082358108153,2619.0463540329347,55.71340792447967,0.0031387277371914823,1910277.1,0.7038554773022196,0.0065492869160790335,0.03343816064910432,0.004153910513605474,0.0,0.0,0.0,0.0,0.0,0.0,0.0
2021-06-11,2819.18603515625,2833.824438860532,2802.3544552122767,2822.7621696617334,878445,0.001914741094345418,0.0010574871468233328,0.008904449882020004,69.55331256862904,74.52040989751458,80.04044014026668,2732.1325221229754,2870.84654393381,2635.243739269315,53.981734761892234,-0.3466668253308334,1427013.95,0.6155826297283219,0.003914130633349666,-0.010370575046191988,0.00234426097916951,1.0,0.0,0.0,0.8879452347755432,0.0,0.0,1.0
2021-06-14,2813.130126953125,2832.298299482156,2781.2787846598344,2818.089219323687,746823,-0.0021481052075335016,-0.0004087251598520858,0.007966101726192311,68.24538792405056,72.03424830982658,78.43920177417866,2739.846579725847,2870.1840449303436,2653.153455069656,53.77014762335147,-0.14983522019022244,1357637.5,0.5500901381996298,0.0007911718082738162,-0.015229878759467463,0.002338673314564055,1.0,0.0,0.0,0.8298068642616272,0.0,0.0,1.0
2021-06-15,2901.151123046875,2908.5895297199204,2823.668205246959,2832.298656809234,2262031,0.0312893439412576,0.004281908616755359,0.011178275990603219,75.46665425418644,76.28711571943177,78.00878456322928,2755.2089171849925,2890.13392897716,2655.547247780653,56.74795156216889,2.028871633573149,1404308.8,1.610778911304978,0.003630213545097627,0.013195215598812648,0.015509157891187675,0.0,0.0,0.0,0.0,0.0,0.0,0.0
2021-06-16,2878.740966796875,2901.1514129538255,2866.1530180729737,2888.563464229924,859505,-0.0077245739017084425,0.0044408560512736225,0.010972883869174502,71.0373396461139,76.96206073300345,77.79943979718412,2766.9738742908858,2899.546662507436,2666.8018238206887,55.19441179921767,-0.6200295221418275,1386330.7,0.6199855489025815,-0.006408632752808119,-0.012603277282869585,0.00540615674317757,0.0,0.0,0.0,0.0,0.0,0.0,0.0
2021-06-17,2918.412109375,2931.429146807993,2861.384633684162,2878.0255342479823,1533864,0.013780726725915349,0.004728947745237355,0.011196838622696171,73.95189358721917,79.77845283553279,78.19524240485386,2781.3965633465154,2910.6119528452537,2682.4349221547463,56.25513332240435,0.7845899674812828,1402425.15,1.0937225419837915,-0.0048295020472909345,-0.016451533098264415,-0.017609861128403792,0.0,0.0,0.0,0.0,0.0,0.0,0.0
2021-06-18,2905.91943359375,2935.1007869260006,2876.213766743618,2919.604202667479,2293860,-0.004280641428645038,0.0046569011214604,0.011258251231659563,71.51141793620991,80.07930495797837,78.57205491547876,2793.255884322443,2919.5554395698027,2695.2966112114473,56.44312524097421,0.49547808671433713,1450702.75,1.5812060740906433,-0.000513069646403852,-0.00836335658683307,0.005883966809002716,0.0,0.0,0.0,0.0,0.0,0.0,0.0
2021-06-21,2926.279296875,2936.3876970637234,2880.9815945759465,2883.9854543367524,720491,0.0070063412790735136,0.0050771765682894095,0.01125982419324194,73.07114001558381,81.02657927625614,79.06295978763424,2805.92478075602,2926.1556732826757,2713.7996489829493,56.36905218717441,-0.6859045451771251,1446072.75,0.49823980155908476,0.004026588209654625,0.023265958580764412,0.0189089831214051,0.0,0.0,0.0,0.0,0.0,0.0,0.0
2021-06-22,2871.20703125,2949.452903871602,2864.9129411443027,2941.966768883861,1199238,-0.01881989380979876,0.0034287290841556795,0.01345776263701784,63.0203546595181,76.45213677745687,78.54079518559877,2812.142137945923,2930.593436357394,2719.9240441113566,58.381260082897604,0.6644732550441297,1369529.05,0.8756572195383515,0.0016670371193598932,-0.006821071066795081,-0.0012016550794602399,0.0,0.0,0.0,0.0,0.0,0.0,0.0
2021-06-23,2848.844482421875,2889.5169630471455,2845.172890841967,2889.5169630471455,1009007,-0.007788553240756446,0.0020586604918771067,0.013867995235233745,59.44481859223212,70.21301540575587,76.8752392296302,2815.637599324585,2932.746265819332,2723.5159656259807,57.378603805917685,-0.1586265611996951,1357452.85,0.7433090585798247,-0.005439749231269109,-0.003577049524495224,0.005079600256835626,0.0,0.0,0.0,0.0,0.0,0.0,0.0
2021-06-24,2902.15283203125,2908.3037378260155,2837.496262995384,2848.8446713815547,985596,0.01871227086571481,0.0031941656317864497,0.014784623839378752,64.60081081674076,68.77718449470694,75.25562828264555,2823.8771452966485,2941.747579116153,2724.854813461972,58.33780887911154,-0.02320201941116362,1285978.4,0.7664172275366368,0.006597840798329813,-0.007610638486959198,0.004920802037156946,0.0,0.0,0.0,0.0,0.0,0.0,0.0
2021-06-25,2864.62646484375,2911.9268932948007,2846.6028414884495,2889.7071327584654,786964,-0.012930527563303706,0.0017096387660215373,0.01564749366506535,58.92185742842685,63.874903811608874,72.97948338843821,2827.7580328725626,2944.412688161316,2729.5981028543088,58.83682623105723,-0.2015349088267404,1289757.45,0.6101643374884169,0.0044266891189239654,0.0028939373037950578,0.008205436297178847,0.0,0.0,1.0,0.0,0.0,0.0,1.0
2021-06-28,2844.647705078125,2897.9560830305736,2838.258392137181,2883.7944990584915,891695,-0.006974298398347956,0.001227019446940092,0.01585278063243884,56.09458313483069,57.71241926307357,69.92607056336529,2829.3665730826165,2945.2850827486395,2730.6441408841733,58.898316564081185,0.13308232651048835,1229660.45,0.7251554687312258,-0.0028782098242977616,0.0004329084384562254,-0.01969020732463933,0.0,0.0,0.0,0.0,0.0,0.0,0.0
2021-06-29,2862.337646484375,2883.6514981998794,2835.2067565027323,2850.4171998473416,1242734,0.0062186756464326365,-0.001280047382542404,0.012111130421409098,58.01556126404927,53.63773388266236,66.6684032272247,2832.506675311355,2946.5591791097977,2737.46999569489,58.15163264501446,0.3936760887971784,1232093.5,1.0086361140611488,-0.0041891404314852165,-0.003605422428579419,0.0010712617933552604,0.0,0.0,0.0,0.0,0.0,0.0,0.0
2021-06-30,2853.9462890625,2889.516956911508,2847.223108984638,2859.9542421708293,924522,-0.0029316448505583015,-0.00080075447742739,0.011921101533791128,56.747210593498984,49.164664301590165,63.1676554420978,2834.5485432876544,2943.6961897166557,2750.1843522755316,57.01893373657554,-0.25605801402391826,1174927.5,0.7868757859527503,-0.0017112919035373597,-0.004342162243436309,0.004949105224920647,2.0,0.0,1.0,0.6736888736486435,0.0,0.8449102640151978,3.0
2021-07-01,2881.50634765625,2886.560431702718,2858.046811232343,2868.536806201831,848235,0.0096568245518045,-0.001213144694838475,0.011421493695687403,59.85172934954143,47.29836472501938,59.99379729868211,2839.0207151322825,2945.2977326342366,2758.1868132642007,55.27573437254999,-0.08251507265376057,1147117.55,0.739449065180809,-0.002639697229908089,-0.0033435800937557936,0.009450274330209174,0.0,0.0,0.0,0.0,0.0,0.0,0.0
2021-07-02,2865.67578125,2897.908720129143,2860.669192946651,2892.329857176909,805542,-0.005493850957200341,-0.0013344656476940054,0.011464061653330842,57.3072959668924,44.034314292449835,56.801900697435656,2841.5592928577794,2943.1344823014274,2769.3626856673222,53.98743385897443,-0.05033157085005924,1111940.45,0.7244470690853994,0.002691338986766656,0.005250928747506212,0.00435129017655056,0.0,0.0,0.0,0.0,0.0,0.0,0.0
2021-07-05,2875.021484375,2908.589420632474,2867.678534696999,2879.9803443639576,863343,0.0032612562754477104,-0.0017089741480565857,0.011219880272480285,58.430829277081074,41.72072045020877,53.78566464799029,2844.746168240372,2941.282960157628,2780.383250779872,53.19644853922438,0.07175417296677278,1114986.85,0.7743077866792778,0.007133188273225066,,,0.0,0.0,0.0,0.0,0.0,0.0,0.0
2021-07-06,2863.2919921875,2889.0401633079205,2857.0933583992505,2863.7688101712115,762630,-0.004079792881982569,-0.00023496405527496657,0.009568940335048421,56.42383201260601,38.49693990984679,50.72791970036159,2846.5124371877173,2935.7773786050975,2794.534950496465,51.678616851327625,-0.11665467838390997,1114971.8,0.6839903932996332,-0.0010167521731027085,0.023795651608287782,-0.02153077890340649,0.0,0.0,0.0,0.0,0.0,0.0,0.0
2021-07-07,2899.14892578125,2926.7089133289164,2871.6364337770283,2922.8943692906905,1234865,0.012522974845592394,0.0017961887533599174,0.00993609609407615,60.850798724978574,38.39285652633134,48.26090706555554,2851.525436101387,2934.264577136322,2806.637864269928,52.51706715776254,0.6192190183968636,1109697.45,1.112794302627261,0.0038816171589777237,0.019557893006820537,-0.01475913715467081,0.0,0.0,0.0,0.0,0.0,0.0,0.0
2021-07-08,2887.895263671875,2917.1718353968345,2878.835723810394,2908.5891134228,907391,-0.0038817123222955052,-0.0004632095654411139,0.008052397636587117,58.83072676123261,36.97605625386814,46.00393690321806,2854.9892292033383,2932.7750916488567,2815.537042140206,51.50414175981096,-0.2651901219971414,1087839.05,0.834122474275951,-0.0095562557277451,-0.005699244484225763,0.009396737553296841,0.0,0.0,0.0,0.0,0.0,0.0,0.0
2021-07-09,2871.016357421875,2898.2424763351187,2867.583175024965,2881.8877136433134,547082,-0.005844708588406022,0.0002453723320486545,0.007087356503734629,55.83670172473328,34.09818253608228,43.62278602979091,2856.5156223670083,2929.7283051370896,2823.766860878535,50.015224584835444,-0.39708240438796505,1071270.9,0.5106850190740736,-0.0024224839292732447,0.023766252327855897,0.019293041718643655,0.0,0.0,0.0,0.0,0.0,0.0,0.0
2021-07-12,2860.335205078125,2901.770867999481,2852.3724856190343,2894.1892769212723,765566,-0.0037203383798696255,0.0005707683338964875,0.006787406560145523,53.9650614501936,30.60279715670822,41.01878825517438,2856.8793921490196,2924.1534894259216,2834.062184402203,49.97116442737912,0.3993624356129428,1072208.05,0.7140088157331033,0.00017844744498685117,0.03605083279275734,-0.005162135988019179,0.0,0.0,0.0,0.0,0.0,0.0,0.0
2021-07-13,2855.043212890625,2881.0297937191626,2846.9373069441085,2879.980700997569,703484,-0.0018501300750012328,-0.00023611223824689941,0.006515548240192992,53.01685618002036,27.09334430997069,38.23369946613364,2856.7045179339343,2921.8190089075674,2831.785873904933,48.836973166498765,-0.08109294299903602,994280.7,0.7075305796441589,0.007630985495128417,0.003822279336032075,0.017695504747968105,0.0,0.0,0.0,0.0,0.0,0.0,0.0
2021-07-14,2862.76708984375,2868.298224331239,2845.840053526942,2863.7684540492764,470744,0.0027053450253402556,0.0003275867493429563,0.006500256654043362,54.27955839118693,24.6511666592437,35.51719290475566,2857.2819057348693,2921.419453484078,2830.5880416331092,46.95277299777007,-0.3308390809172632,974842.65,0.4828922903609111,0.0026308921169333477,-0.009453717703096998,-0.022617280374621296,0.0,0.0,0.0,0.0,0.0,0.0,0.0
2021-07-15,2845.268310546875,2871.397842420799,2833.3478611844507,2870.444206471805,635535,-0.006112540331679628,-0.0012493497390054565,0.005867550133080448,50.93938035812239,21.060940616795506,32.62594244716363,2856.1377538122033,2915.222259114772,2829.470856119603,46.31685930052566,0.35006500348384684,929926.2,0.6834252008385182,0.004431072328003882,0.042020082378041,-0.01725522844657834,0.0,0.0,2.0,0.0,0.0,0.8654222190380096,2.0
2021-07-16,2850.703857421875,2866.6295304713517,2827.5304583657876,2855.1858996111864,1062548,0.0019103811246381497,-0.0005089265308216073,0.005738167964943584,51.928929303566306,18.44167961497078,29.78908988072506,2855.620239870267,2910.5258798645423,2828.645677752645,45.80130307231412,0.6718953322791035,868360.6,1.2236253003648485,-5.0225736783704455e-05,0.011448925428717338,0.0016332532352494322,0.0,0.0,0.0,0.0,0.0,0.0,0.0
2021-07-19,2843.694580078125,2860.621617628353,2827.530497826809,2850.7038972063046,837836,-0.002458788318366101,-0.0010809309902029885,0.0056041149160183925,50.51401282698758,15.620245826974497,26.95532106997495,2854.484462747206,2898.6096628246246,2832.3034231128754,44.893432838687666,-0.21148409295391835,874227.85,0.9583725798714832,-0.010738912280361723,0.004276222510957606,-0.06753626632197018,0.0,0.0,0.0,0.0,0.0,0.0,0.0
2021-07-20,3012.583251953125,3032.085057702136,2841.4056240690134,2857.0928865782666,6755922,0.05939058049980894,0.005266106347976163,0.019797914130999125,71.0103530495225,26.70431288535974,26.90511943305191,2869.541490290627,2944.7880489065674,2800.262659101245,55.30671860971874,7.063537494211278,1152062.05,5.864199762504112,-0.0076369809214345,-0.025297447973739784,0.010638235183915379,1.0,0.0,0.0,0.951805591583252,0.0,0.0,1.0
2021-07-22,2962.708251953125,3018.2575416211926,2946.734851061449,2984.8802860266455,1982572,-0.016555559076306015,0.002358252955786322,0.020727285997605108,62.74535533381379,31.10545587542947,27.745186721527425,2878.4145152108645,2959.5000396074497,2796.937045353488,56.46500232043481,-0.7065430891594071,1200740.3,1.6511247269705196,0.012279233123449584,0.0174740290818447,0.021597639292425752,0.0,0.0,0.0,0.0,0.0,0.0,0.0
2021-07-23,2940.77490234375,2984.4992043972593,2935.3392239162395,2961.993302530908,815329,-0.007403141904004817,0.0020061099976153907,0.020874468934684164,59.46737337970932,32.44949778342061,28.686048933906065,2884.3535996997107,2965.354427086476,2794.9448649057113,55.94321504619088,-0.588751883916448,1192226.95,0.6838706338587632,0.002022238326785386,0.012880352137155215,0.0042010781236963,0.0,0.0,0.0,0.0,0.0,0.0,0.0
2021-07-26,2919.27001953125,2974.390218264689,2909.73366102447,2937.1506917314628,1136884,-0.0073126585769488495,0.001859314998761108,0.020940868302342906,56.35851241995094,31.4172379965662,29.232286746438096,2887.6789730170003,2969.4143750303087,2796.3492724306284,56.56559663147858,0.39438680581703833,1209722.95,0.9397887342717604,-0.0019929055322251976,-0.009599739940460816,0.005398131364585668,0.0,0.0,0.0,0.0,0.0,0.0,0.0
2021-07-27,2888.228759765625,2938.628501211171,2881.2196768447284,2936.6257730502157,904289,-0.010633226648424032,0.0011680261719056672,0.021257239158733315,52.122702986512984,27.774230398820237,28.940675476914524,2887.7313336597263,2969.808960398059,2800.3127925316285,56.62582718397602,-0.20458991418649575,1210352.65,0.7471285331593235,-0.004929081202650898,-0.007301168995309415,-0.0002684113163275992,0.0,0.0,0.0,0.0,0.0,0.0,0.0
2021-07-28,2864.8173828125,2892.377364139538,2845.6492102183915,2889.850322413114,996594,-0.008105790399727475,0.000542460139433043,0.02144712627195848,49.12393840409991,22.73593249094847,27.699726879721318,2885.549052626657,2969.806769489572,2800.5629570729275,55.91885052234532,0.10207466860704928,1198045.65,0.8318497713338386,-0.002352898858342667,-0.007861972310192367,0.0034907961213421768,0.0,0.0,0.0,0.0,0.0,0.0,0.0
2021-07-29,2858.476318359375,2899.005850297941,2851.65791376176,2864.818137755484,762683,-0.0022134271074897294,5.058292615004456e-05,0.02144841470310304,48.31316255472936,18.023609245034095,25.764503352783873,2882.970696982154,2969.7212773851215,2801.1014521070656,55.30664238047643,-0.2347104237031329,1189953.7,0.640935021253348,0.004395444954646832,0.016104262771941436,0.017527498333302916,0.0,0.0,0.0,0.0,0.0,0.0,0.0
2021-07-30,2821.283935546875,2869.1564086811077,2815.037574161408,2868.53663850674,1067423,-0.013011261479978442,-0.0006392891886798369,0.021777100345539042,43.75193813179143,11.159307112963688,22.843464104819837,2877.0957673216517,2971.23328744909,2793.5672008321603,55.22179896184952,0.399563121244344,1200913.1,0.8888428313422511,-0.000976039499086867,0.002893066406250089,0.003681772098106384,0.0,0.0,0.0,0.0,0.0,0.0,0.0
2021-08-02,2836.1611328125,2848.3199915571968,2823.3822709880483,2847.175674945482,832285,0.005273200998374916,-0.0003030072013061602,0.02184670013447791,45.950114593985894,6.840905998052676,19.642952483466406,2873.197230701732,2971.7775138166808,2790.0715096208196,53.20853160816897,-0.22028567868595672,1202250.25,0.6922726778389108,0.007746000136419795,0.0479117180382429,-0.04506750109898061,0.0,0.0,0.0,0.0,0.0,0.0,0.0
2021-08-03,2886.656005859375,2922.894171773698,2855.376700295388,2879.9805542435784,2433031,0.01780395072151686,0.0017232667026821358,0.022552805774070542,52.70585857105045,7.407665299248492,17.195895046622823,2874.4790188119837,2972.3495932349465,2790.6628823509914,55.603139276242466,1.9233147299302522,1280734.65,1.8997151361525202,0.015460955882416139,0.0026331684105700415,-0.006585206908469643,0.0,0.0,0.0,0.0,0.0,0.0,0.0
2021-08-04,2878.64501953125,2911.736134083473,2872.3509303402584,2899.625006406245,659295,-0.002775178723015248,-0.004493309219600283,0.009921470563285217,51.60385266743872,7.128236608206862,15.182363358939632,2874.875780785247,2972.7473307817963,2791.800447538516,54.44471530959763,-0.729023181373357,1275567.9,0.5168639003850756,0.007938242467802281,-0.0167124266395976,-0.02803488891071093,0.0,0.0,2.0,0.0,0.0,0.7701430916786194,2.0
2021-08-05,2849.84521484375,2899.052916689746,2841.88249537388,2893.331101722595,693694,-0.010004639159082451,-0.003838217227877927,0.00922861271724017,47.73938165814162,4.53065721299572,13.05202212975085,2872.4919173622475,2970.9926138778305,2788.6247933487316,54.63940859575966,0.05217542981518131,1248509.35,0.5556177853213514,0.0022018725316477195,-0.010926307959963855,0.012929862142970983,0.0,0.0,0.0,0.0,0.0,0.0,0.0
2021-08-06,2828.91357421875,2861.861745847667,2824.1453940357314,2856.139929628045,744159,-0.007344834209231821,-0.0038323864584006275,0.009226128168847412,45.09608919062368,0.7741247342628412,10.596442650653248,2868.3415989676287,2970.5863572825606,2783.1328809986894,53.43061882548651,0.07274821463065839,1240347.75,0.5999599709033213,-0.003461233501561467,-0.009574061220201213,-0.008276111091431448,0.0,0.0,0.0,0.0,0.0,0.0,0.0
2021-08-09,2853.802978515625,2875.2120565515684,2835.207079642406,2855.805474086145,825462,0.008798220109551558,-0.0022212985897505865,0.00993063081772831,48.73119877457163,-0.19236988190823467,8.438680144140951,2866.9569684483904,2970.239235808592,2781.7586645820325,52.92118050458164,0.10925487698193526,1254266.75,0.6581231623974725,0.0012347307242392969,-0.007311964599761689,-0.02347943570535216,0.0,1.0,0.0,0.0,0.6487225294113159,0.0,1.0
2021-08-10,2839.1171875,2868.823087161723,2823.2869703553774,2859.0005902706534,724335,-0.005146042360381742,-0.0016725801609463575,0.009558820994596163,46.763803695403304,-2.1189188515859314,6.327160344995575,2864.3055607390197,2970.3304582987594,2779.545640334053,52.39367595470763,-0.12250957645536686,1252205.2,0.5784475260125098,0.0013439090538649445,-0.020224734340863026,0.023030074113643773,0.0,0.0,0.0,0.0,0.0,0.0,0.0
2021-08-11,2834.77783203125,2862.2900847785754,2815.6573879479956,2848.8914554142257,987941,-0.0015284171741325459,-0.0010148428383868647,0.009289467957472193,46.170655661503304,-3.9503355022416144,4.271661175548138,2861.493396100185,2970.5633468089527,2777.2862137379225,51.98217744584135,0.3639282928479226,1266428.05,0.7801003775935,0.00013208706805212245,0.0026758876831782796,0.011468288538678761,0.0,0.0,0.0,0.0,0.0,0.0,0.0
2021-08-12,2837.543701171875,2846.8416514613814,2820.85507244712,2836.113247281182,438552,0.0009756916783292269,-0.000695930959804969,0.009298485599190717,46.635276425823136,-5.119548895357639,2.3934191613669826,2859.212472773679,2970.502601640302,2774.8246200393855,50.125348986442766,-0.5560949489898688,1264818.45,0.3467311850171066,0.005045395484346349,0.012072689929160774,-0.0018197771328343215,0.0,0.0,0.0,0.0,0.0,0.0,0.0
2021-08-13,2850.131591796875,2862.814995938069,2835.2550113242005,2842.6931851499044,572250,0.004436192690107754,0.0010488144572036507,0.008315891557603337,48.80121049803032,-4.973094621926521,0.920116404708282,2858.3476269663643,2970.496064717411,2775.3174850872765,48.513537245544605,0.30486236523832977,1261654.2,0.45357119248681615,0.010064482340847336,-0.009166309146582341,-0.010096778086572167,0.0,0.0,0.0,0.0,0.0,0.0,0.0
2021-08-16,2833.6337890625,2845.7926475123672,2822.762432282895,2841.8351514199417,461742,-0.005788435446931084,-5.734918732694938e-05,0.00842649944518887,46.157055588317405,-6.117741838112124,-0.4874552438557993,2855.993928118377,2970.697253504048,2773.4092894647015,47.00322455043284,-0.19311140235910873,1231613.9,0.37490807792929265,0.002054024277023725,-0.003928495351473882,-0.015299536162186267,0.0,0.0,0.0,0.0,0.0,0.0,0.0
2021-08-17,2875.498046875,2902.8673475096775,2835.254663063128,2836.112842146446,2036757,0.014774053716500424,-0.0003603388878285929,0.007739361775106449,53.10121755119528,-3.605228443093438,-1.111009883703327,2857.851463238055,2971.429184088889,2775.857705559549,48.59110554305746,3.4110282365476827,1291559.95,1.5769744176412408,0.0031122785775283823,-0.006997455470737934,-0.006905529307751235,0.0,0.0,0.0,0.0,0.0,0.0,0.0
2021-08-18,2862.3857421875,2906.6820810113654,2853.8030195073484,2906.6820810113654,1375320,-0.004560011682758769,-0.000538822183802945,0.007821386090991965,50.887498697187844,-2.641645633542794,-1.4171370336712206,2858.2832993284783,2940.301965953822,2791.9651727180526,48.897388111697424,-0.32475008064290434,1022529.85,1.3450169694312593,-0.00275360231817956,-0.0076873798846892605,-0.011589098022745659,0.0,0.0,0.0,0.0,0.0,0.0,0.0
2021-08-20,2968.62060546875,2979.206056292543,2862.337938957274,2862.337938957274,3931334,0.03711409741723459,0.00417305147382876,0.013567485041971713,63.98689467337627,6.617978375105849,0.18988604808419351,2868.7916141989804,2942.1654804790023,2790.692893544435,53.75244019909538,1.8584867521740396,1119967.95,3.5102200915660133,-0.007142898400624986,-0.0357650254448435,-0.019112064731253597,0.0,0.0,0.0,0.0,0.0,0.0,0.0
2021-08-23,2934.7666015625,3017.1608787386067,2909.542979880978,3012.583380091947,1578949,-0.011403950994574585,0.003767139795294483,0.01400406102077387,58.62102313524262,11.09664669277845,2.3712381770230446,2875.0749463288394,2940.722126363182,2791.5354175821303,57.59997296041921,-0.5983681366172399,1158148.95,1.363338454868003,0.0027931806783987323,-0.009908895955897723,0.05477139733214664,0.0,0.0,0.0,0.0,0.0,0.0,0.0
2021-08-24,2904.727294921875,2949.4052310709926,2893.8559385213557,2949.4052310709926,763704,-0.010235671424307369,0.0018637506419085903,0.01452798669194911,54.27201953426909,12.082819384092545,4.313554418436945,2877.898979528176,2938.1699280623693,2792.6333434220055,57.45349578822047,-0.5163212998013236,1139489.95,0.6702156521871914,0.007768362083601765,0.01825804646233009,0.03345458984374994,0.0,0.0,0.0,0.0,0.0,0.0,0.0
2021-08-25,2897.193359375,2927.661977363442,2872.923374237653,2885.7020011406435,797870,-0.002593680845718649,0.0021189867933748994,0.014413117553483597,53.2058832840196,12.116768151222459,5.874197164994048,2879.736539513588,2939.282473920967,2792.417257524346,57.25957488376107,0.044737228035993004,1134169.0,0.7034842250140853,0.0006045728309951315,-0.007836398223859953,0.016889470748763014,0.0,0.0,0.0,0.0,0.0,0.0,0.0
2021-08-26,2898.719482421875,2941.490148795148,2885.8931251925524,2921.9406114146,1319516,0.0005267591277386963,0.002324504423562024,0.014369917949076367,53.40555804638305,12.127025369650255,7.12476280592529,2881.5444388381866,2942.356223596163,2792.7337178100865,57.14082122082067,0.6537982378081642,1150315.1,1.1470909144807366,0.00013525983096518424,0.0026773761713521083,-0.016332184154682072,0.0,0.0,0.0,0.0,0.0,0.0,0.0
2021-08-27,2896.001220703125,2916.1705245823473,2880.456910723946,2899.4818982166234,634375,-0.0009377456960681929,0.0021331606861222817,0.01440257589820282,52.97198272719331,11.780020541913018,8.055814353122836,2882.921275206276,2945.105731530022,2793.7367001106036,55.6103064092193,-0.5192365988741326,1143899.7,0.5545722234213367,0.004105261588480014,0.00734312416555416,0.022935095826891905,0.0,0.0,0.0,0.0,0.0,0.0,0.0
2021-08-30,2964.61572265625,2969.8607203159554,2906.730067776119,2914.9789255124188,1051747,0.023692842897512945,0.004058825706862801,0.015949022315751914,61.474310522007436,16.847426937617,9.81413687002167,2890.70169877294,2959.48331278733,2793.692297564233,56.91382020947724,0.6579263054187192,1143115.9,0.9200703095810321,0.013519836521704187,0.01935053092900918,0.009766255071133934,0.0,0.0,0.0,0.0,0.0,0.0,0.0
2021-08-31,3052.92236328125,3061.1712206382654,2959.1799083092897,2964.615586342432,2283290,0.029786875901028687,0.007616356841658778,0.01740927451506252,69.19369849246472,27.670028044648916,13.38531510494712,2906.1512858689694,2998.3029291630555,2776.548804235382,60.1336410751557,1.170949857712929,1215666.15,1.8782212534255398,0.011880446175423387,0.005850994854825764,-0.00572137007747664,0.0,0.0,0.0,0.0,0.0,0.0,0.0
2021-09-01,3149.620849609375,3178.468334493391,3065.9393025491304,3080.2915688655944,2423168,0.031674073173676875,0.009306358787376423,0.018934758095047455,75.08163356879766,43.547785336507786,19.417809151259256,2929.3388633680556,3059.795153870207,2741.353063903231,64.80595037065466,0.061261600585120535,1215173.0,1.994093022145818,-0.00326573477436376,0.055713596149546296,-0.01918073115294383,0.0,0.0,0.0,0.0,0.0,0.0,0.0
2021-09-02,3148.524658203125,3165.117831197793,3115.194894302119,3159.348286929786,847517,-0.00034803916363013165,0.009727556039289287,0.018636531256864715,74.906851693121,55.403907144315326,26.615028749870472,2950.2137009713956,3105.9605319460816,2722.1756496945436,63.742877979584605,-0.6502442257408483,1224584.1,0.6920855823622076,0.009246783727399066,0.012489300911685985,0.020114576268585482,0.0,0.0,0.0,0.0,0.0,0.0,0.0
2021-09-03,3183.999755859375,3189.864523822324,3134.124549118968,3148.5245450899242,832039,0.0112672129036131,0.007142867587927137,0.016025758523565737,76.78990049259642,66.89143022962753,34.67030904582188,2972.479039532155,3153.15797000297,2708.3936657392173,63.17124203128257,-0.01826276051099862,1231501.35,0.6756297912300299,0.005190230833697296,0.010642142378946451,-0.005751036231214868,0.0,0.0,0.0,0.0,0.0,0.0,0.0
2021-09-06,3161.82763671875,3192.4869385694965,3152.624910352588,3187.051260362934,664394,-0.006963605791684646,0.007586902108216132,0.015507922245764659,73.09775547466697,73.36061482109426,42.408370200876355,2990.512239264212,3186.0578743014667,2708.785167690721,61.50629818739871,-0.20148694953001,1227513.1,0.5412520648455809,0.0031287476677577253,0.03159023931229288,,0.0,0.0,0.0,0.0,0.0,0.0,0.0
2021-09-07,3181.568115234375,3237.212869141887,3169.7431219248524,3178.945616225939,1285818,0.006243375915364835,0.009234806842183352,0.014226211749257839,74.28331871240287,79.1677849117109,49.760253143043265,3008.708036975656,3218.9274927987653,2708.692062865297,62.49765063280859,0.9353245212930881,1250530.9,1.028217695380418,-0.0009035189246697772,-0.0233151329951915,-0.012670405745929036,0.0,0.0,0.0,0.0,0.0,0.0,0.0
2021-09-08,3181.9013671875,3205.6945343101697,3144.1372956220494,3189.911814939568,702598,0.00010474456024667234,0.009504649382779885,0.014000724873831569,74.30390618472657,82.84194927057251,56.37659236854911,3025.2026398529742,3246.115308969473,2715.78266466334,62.43047835104515,-0.4535789668522294,1249444.05,0.5623285012242044,-0.0004953092983268625,-0.0007125600783105535,0.012693485865879373,0.0,0.0,0.0,0.0,0.0,0.0,0.0
2021-09-09,3191.199462890625,3203.2628634276066,3151.7665268318665,3151.7665268318665,591745,0.0029221822520990592,0.00974419169521592,0.013849730153147357,74.90749083825284,85.51822870445312,62.20491963572992,3041.011861094655,3270.0829244026913,2727.4572123160583,61.64946822566622,-0.15777585475620481,1229634.25,0.4812365953534557,0.0009075978909154347,-0.0073686855563723785,-0.01584024173621479,0.0,1.0,0.0,0.0,0.8752051591873169,0.0,1.0
2021-09-13,3210.939697265625,3217.567419986764,3175.94130745954,3191.437890321065,610920,0.006185835327610301,0.010456549797583769,0.013415657522224074,76.18639835649472,88.21518167311251,67.40697204320645,3057.1954645395094,3293.158605550807,2741.7211307773177,60.21922853292035,0.03240416057592377,1238252.65,0.49337265702601163,-0.000803098507419775,0.006465473299786861,0.00809111330362633,0.0,0.0,0.0,0.0,0.0,0.0,0.0
2021-09-14,3206.600830078125,3231.4908210995827,3201.2128801761683,3227.96218188456,569412,-0.001351276447575378,0.007952137863074938,0.013001381614676358,75.27821591299887,88.9767573381805,71.72092910220127,3071.4245469717584,3311.5025036252364,2759.0241565310134,58.080565132241354,-0.06794342958161459,1238110.75,0.45990393024210474,0.001423151293159064,0.004163692721452117,0.0012242733679130868,0.0,0.0,0.0,0.0,0.0,0.0,0.0
2021-09-15,3196.87353515625,3227.0560169506184,3191.771490184546,3205.980804169582,587855,-0.003033522236579156,0.004670098049314153,0.01083991802071275,73.17229175558501,87.78348674196559,74.93344063015414,3083.372069655996,3321.9049761758265,2784.9456585897983,56.452276677514995,0.03238955273158983,1244416.4,0.4723941278819534,0.00802354538262362,0.0015401597745843265,0.025271747947190004,0.0,0.0,2.0,0.0,0.0,0.9443132877349854,2.0
2021-09-16,3187.146484375,3214.706467458169,3180.3755766754653,3194.680114501592,516746,-0.0030426761253709023,0.0011984231194093753,0.005449580503989384,71.03234319965887,85.07225944053516,76.96120439223034,3093.255347248282,3330.455108879176,2807.5603696364487,54.87217768502847,-0.12096350290462787,1168415.85,0.44226205935155705,0.006281634763507293,0.0018925662878308547,0.002782919255506222,0.0,0.0,0.0,0.0,0.0,0.0,0.0
2021-09-17,3149.90673828125,3225.1962372313174,3132.7412940854597,3196.587163571666,1545695,-0.011684353473026099,6.479168846977857e-05,0.0068150530604500666,63.38904040848676,79.00790207221462,77.37054392822719,3098.6507178228503,3328.9412029679174,2837.8263751570826,57.55666093223056,1.9912084467030224,1176934.6,1.3133227623692938,-0.002515647600612625,-0.023494715955209577,-0.004361065667239816,0.0,0.0,0.0,0.0,0.0,0.0,0.0
2021-09-20,3119.867431640625,3161.3028630246154,3113.621070218814,3146.9505968258186,689288,-0.009536570170650793,-0.0020155866189566106,0.006159154914965806,57.97029998426093,70.959952013769,76.08842554533555,3100.6713572340673,3331.158080683906,2850.7341800582813,56.85131320891418,-0.5540595007423845,1014832.3,0.6792136986574038,-0.010705054879733056,-0.021400014138962975,-0.0188478661795628,0.0,0.0,1.0,0.0,0.0,0.0,1.0
2021-09-21,3155.77197265625,3180.375826211889,3119.3431266983775,3119.867673024076,922057,0.011508354698501977,-0.00016839056993794843,0.007193434243872095,62.136577509365736,66.7100975246226,74.21275994119297,3105.919034893323,3332.5943526339256,2871.398445217637,57.14998365924256,0.337694838732141,981987.7,0.9389700095021557,0.00949017386246398,0.03570541451345699,0.005952414127508687,0.0,0.0,0.0,0.0,0.0,0.0,0.0
2021-09-22,3163.68701171875,3175.5597317847614,3135.7931624066855,3174.177006331834,825945,0.002508115013087453,-0.0005419166601656866,0.006915097663496969,63.00713653367426,63.251609544954135,72.0205298619452,3111.4207469719354,3328.2116850430043,2901.6770844882453,55.9083112105878,-0.10423650598607248,985099.75,0.8384379348385785,-0.0008740239935656202,0.08445662510310559,0.02461002980142446,0.0,0.0,0.0,0.0,0.0,0.0,0.0
2021-09-23,3166.69091796875,3185.1438655277825,3161.302968330718,3185.1438655277825,694716,0.0009494953953641527,-0.0004574415766539386,0.006929020774566462,63.35152787451787,60.06077975125436,69.62857983980703,3116.684572781156,3317.6521640489004,2939.186361341725,53.617781638193264,-0.15888346076312587,979942.05,0.7089357988056538,0.015746528367181822,0.08656915006108878,0.013912554464202032,0.0,0.0,0.0,0.0,0.0,0.0,0.0
2021-09-24,3288.70849609375,3342.4934618086227,3166.88152327034,3175.6071976669655,2775975,0.038531571689752075,0.003103497367111363,0.014197106108488875,73.95727743406931,66.60998452398235,69.0248607766421,3133.067803572832,3317.8431274694303,2977.9942992883825,62.345264652598935,2.9958414661530757,1052765.0,2.6368420302726627,0.0016972499684944076,0.014982777865827135,0.010873739001820315,0.0,0.0,0.0,0.0,0.0,0.0,0.0
2021-09-27,3271.590576171875,3309.116238168361,3259.1933107262876,3301.1057905474013,902449,-0.005205058442305677,0.0019644079901197653,0.01437813325446721,70.85918124816288,69.61650764817523,69.14319015094873,3146.260448582265,3300.227556836946,3033.1688054677415,61.45795485184713,-0.6749073748863013,1066168.7,0.8464410932341195,0.00010644538279747096,0.02992220300271553,0.01844029336581654,0.0,0.0,0.0,0.0,0.0,0.0,0.0
2021-09-28,3223.003173828125,3270.6849683719065,3194.680234433371,3266.107469531451,961271,-0.014851308931389196,0.0006144047417383835,0.015326541711599119,62.81577378964027,67.30277705824756,68.7751075324085,3153.569279558061,3277.745224911102,3081.489882510773,62.56169677232263,0.0651804146273085,1061644.9,0.905454356725116,-0.0059646824901542495,-0.03021494471193542,-0.005532534240661802,0.0,0.0,0.0,0.0,0.0,0.0,0.0
2021-09-29,3168.97998046875,3224.9106356357806,3156.5349847952566,3208.9849618839994,973387,-0.016761756177611442,-0.000758418652364845,0.016275076664364646,55.29944198864433,60.41349946700666,67.10278591932814,3155.036965359079,3264.83481291195,3106.006056228675,62.97697920576559,0.012604145969242753,996149.75,0.9771492689728628,-0.0021015082285871234,0.011284189651963095,-0.00568968224906341,0.0,0.0,1.0,0.0,0.0,0.9087570309638977,1.0
2021-09-30,3094.215087890625,3192.487328498625,3070.7080526040236,3175.512560401337,2077896,-0.02359273111187843,-0.0028134241510155977,0.01781965394719295,46.930107531176546,48.363293405334844,63.354887416529486,3149.2444056001787,3270.304618697661,3094.995674271089,67.17714325496816,1.1347069562260437,978886.15,2.1227146793322187,-0.005259376020738893,0.014713106743658333,-0.0015259759348094093,0.0,0.0,0.0,0.0,0.0,0.0,0.0
2021-10-01,3030.51171875,3102.129629967198,3023.0255843479576,3097.409179167876,1512332,-0.02058789299746211,-0.0037037781034591987,0.018520774087825022,41.20747857875547,33.289349882490114,57.34177990972161,3137.936530662066,3286.0213916378134,3067.4776073856237,68.02906485241617,-0.2721810908726905,1012126.9,1.4942118424082989,-0.004886983449795879,-0.015083690510173331,0.009679090279196778,0.0,0.0,0.0,0.0,0.0,0.0,0.0
2021-10-04,3053.160400390625,3080.720381250098,3030.6545028982546,3054.3047167601344,921241,0.0074735502590193015,-0.0020027660604921894,0.0187057580013055,43.829969000486805,22.906646798801376,50.454753287537564,3129.8626134933575,3291.9182415394876,3048.4968219370753,66.75617897010773,-0.39084738007262954,1016587.0,0.9062096997108954,0.009080467581137563,0.02173698303595306,0.024974815683910467,0.0,0.0,0.0,0.0,0.0,0.0,0.0
2021-10-05,3103.84619140625,3108.8527794713495,3043.6716779143644,3059.788262997623,909337,0.016601090138972152,-0.0014934925164451717,0.019177845805136155,49.28226765648558,18.554316921957707,44.074666014421595,3127.384859008871,3292.3948271165095,3042.2220918288026,66.64367344059897,-0.012921700184859386,1028834.15,0.8838518822494373,0.007407660919946268,-0.013635021679551107,0.015997974257788927,0.0,0.0,1.0,0.0,0.0,0.5705623030662537,1.0
2021-10-06,3063.317138671875,3127.9259755136586,3052.254868312887,3110.7605280870594,786378,-0.013057687216135094,-0.0030500727393674267,0.01944678277835923,45.48066528253124,11.69983982685062,37.5997007769074,3121.283171357729,3294.169921051851,3028.621900237212,67.28849013775415,-0.13521829640716254,1003862.15,0.7833525748530313,-0.009892144870289554,-0.016176470588235348,-0.017926305369482254,0.0,0.0,0.0,0.0,0.0,0.0,0.0
2021-10-07,3138.2724609375,3164.16357974088,3070.7072714784913,3070.7072714784913,1177283,0.024468678518255738,-0.000698154427078268,0.02131657198805132,52.74135645624331,12.175533453562366,32.514867312238394,3122.9011989367546,3292.00281971863,3026.4261109454324,69.68548663284349,0.4970955443819638,1027596.4,1.1456667228495545,0.008180302016037588,0.06158450306738916,0.010730082604096358,0.0,1.0,0.0,0.0,0.6283982992172241,0.0,1.0
2021-10-08,3153.578857421875,3174.6543065657434,3112.76342207452,3153.674314152272,882436,0.0048773319317860775,-0.004063578402874868,0.01656106553021159,54.086061794657304,13.630498453830114,28.73799354055674,3125.822880697242,3289.3195629761944,3025.347307140993,69.1287293370135,-0.2504470038215111,1042130.95,0.8467611483950266,0.005893622760496431,-0.022059512740894904,0.005369157508134492,0.0,0.0,0.0,0.0,0.0,0.0,0.0
2021-10-11,3152.768310546875,3189.292615519364,3144.853085267518,3172.174663245944,460197,-0.00025702445115405315,-0.0035687750037597054,0.01659704992438531,53.9984390317959,14.550435971660136,25.90048202677742,3128.389112111493,3284.101157554098,3024.7485738912146,67.36521511664439,-0.4784924912401579,1034594.8,0.44480892422811324,0.0028359561343596074,0.01727778763328658,0.015293144138422976,0.0,0.0,1.0,0.0,0.0,0.0,1.0
2021-10-12,3169.17041015625,3180.3756316470603,3127.925658711352,3127.925658711352,564524,0.005202443691947112,-0.0015633997414260747,0.016291040488852406,55.567145858776705,16.413797403509307,24.003145102123803,3132.2730452586125,3280.2285195439163,3024.8781699092087,66.29984067514897,0.2267007390313278,1034350.4,0.5457763635998014,0.0025632525445875576,0.007265475388861464,-0.0027495917840770767,0.0,0.0,0.0,0.0,0.0,0.0,0.0
2021-10-13,3169.40869140625,3203.1673067705387,3138.79688803429,3188.004590152277,770144,7.51872632775985e-05,0.00012029460266282932,0.015390937681536038,55.59083868653575,17.705652329846544,22.743646547668355,3135.8097734631497,3277.50259370597,3024.8576113721547,66.16202482237038,0.3642360643657312,1043464.85,0.7380641523286577,0.00943759784921161,-0.002435574319379352,-0.0028769823667879058,0.0,0.0,0.0,0.0,0.0,0.0,0.0
2021-10-14,3144.900390625,3197.493315258324,3137.4619843410346,3187.05104913913,648597,-0.007732767581443034,0.0017062909557063687,0.013358883092295628,52.49055209367939,16.560937439671306,21.507104726068945,3136.675546526183,3274.322319854216,3023.8132758489087,65.7241181148646,-0.15782373166576635,1050057.4,0.6176776621925621,0.009734787740718787,0.012771129001917902,0.009858135270687018,0.0,0.0,1.0,0.0,0.0,0.8005395531654358,1.0
2021-10-18,3091.210693359375,3131.692489748418,3082.151152533549,3101.700687999805,1576121,-0.017071986580457277,0.002057881597406852,0.012738806531211616,46.38731441839405,11.192413599231259,19.44416650070141,3132.3455605102963,3273.896805696799,3018.3691855141383,65.51162668462077,1.430046700801885,1051578.7,1.4988141163376552,0.007552396132719963,0.004728767349037932,-0.006245566527043223,0.0,0.0,0.0,0.0,0.0,0.0,0.0
2021-10-19,3036.13818359375,3117.5310977571094,3028.8429623588468,3109.7110974112256,1042069,-0.017815838268136597,-0.0004710572553087378,0.013992754806171568,41.107390683424704,2.4655076620360887,16.048434732968346,3123.1829531849107,3278.090872281505,3005.802194124745,67.16709159273805,-0.3388394672744034,1069217.75,0.9746087735636637,-0.003155307734996393,-0.047434501266271134,0.00889363196626669,0.0,0.0,0.0,0.0,0.0,0.0,0.0
2021-10-20,3022.64453125,3070.659960543676,2991.222041157766,3042.0986110574067,1205540,-0.00444434723579612,-0.002575600992785565,0.012658824136976974,39.90878520240857,-5.476325469022413,11.743482692570195,3113.607865381586,3280.776988321137,2989.803333944488,68.04357929225033,0.1568715699248322,1083391.9,1.1127459970856346,-0.008260625212080042,-0.021604270308766216,0.008697670990169382,0.0,0.0,0.0,0.0,0.0,0.0,0.0
2021-10-21,2862.815185546875,3047.296017611547,2785.046125531137,3045.913292017561,5103543,-0.05287732118372135,-0.00655756438954419,0.02028694450028941,29.089396052148842,-24.386070451508658,4.517572063754424,3089.7228482544706,3307.1915472024752,2933.301592445962,81.91545877711887,3.233408265175772,1297271.8,3.9340583831391385,-0.004844908296702255,-0.014060809846271671,-0.014099266939820665,0.0,0.0,0.0,0.0,0.0,0.0,0.0
2021-10-22,2844.123779296875,2863.721044737989,2777.1308534526274,2837.066966357807,2855592,-0.006529030006674819,-0.009657335242037246,0.01714425179430233,28.128982253682835,-40.41454613064707,-4.468851575125875,3066.3324607346995,3324.856230849142,2883.3801949321078,82.24936824199334,-0.44046870967874674,1405315.6,2.0319933828387016,-0.003476668084567369,0.025610123217210345,0.01087339749803462,0.0,0.0,0.0,0.0,0.0,0.0,0.0
2021-10-25,2782.757080078125,2813.2256982799927,2724.77597505441,2813.2256982799927,2161537,-0.02157666261414304,-0.012302734696630157,0.016687189892862116,25.188603674209375,-57.4072532684404,-15.056531913788781,3039.3252816245495,3323.780404549879,2833.860879629808,84.8992565277413,-0.24305117817951583,1374593.7,1.5724915660533,0.000579633328010587,-0.02771248281892047,0.0053782192334603796,0.0,0.0,0.0,0.0,0.0,0.0,0.0
2021-10-26,2832.107666015625,2883.7946801875423,2763.6365685130613,2782.7570130064632,1988263,0.01773442112170076,-0.010503590139344677,0.018947069962986007,31.399060241963355,-66.12961521593161,-25.27114857421735,3019.590270614176,3307.4761874743203,2806.216805689742,87.41774618107986,-0.0801624029567849,1428884.4,1.3914792547248749,0.007889480889700096,0.03615673635948191,0.004768038984707568,0.0,0.0,0.0,0.0,0.0,0.0,0.0
2021-10-27,2951.16943359375,2999.1850973588334,2888.754006510268,2888.754006510268,4609951,0.04203998633485151,-0.006819835875054236,0.02496524387764767,43.57014756841157,-62.7119559068401,-32.7593100407419,3013.074000421754,3285.717644213355,2800.7919749272696,93.10772369266047,1.3185820990482648,1611318.4,2.860980796843132,-0.0031448386638428527,0.003013195410972891,-0.021064810910669807,0.0,0.0,0.0,0.0,0.0,0.0,0.0
2021-10-28,2975.3251953125,3005.2092958270996,2923.4815663763925,2962.626812692993,1791065,0.008185149061175512,-0.006008839695264445,0.025342984340741972,45.67598232657703,-57.39268108703209,-37.68598424999994,3009.4788761256345,3270.5841527137036,2796.559987911296,92.29486696109237,-0.6114785167998532,1652202.3,1.0840470322550695,-0.0194223384240636,-0.037697474070853776,-0.0030740379593490186,0.0,0.0,0.0,0.0,0.0,0.0,0.0
2021-10-29,2959.857421875,3002.439662217034,2943.8173755392763,2983.630899644905,1118903,-0.005198683310943197,-0.005755431268214461,0.0253364997261464,44.53004656434613,-53.80500688889788,-40.90978877777953,3004.7530233398597,3264.226178077725,2789.4821959457126,89.88968265513988,-0.37528621239318505,1604252.65,0.6974605901383426,-0.010393515763905459,0.0044310417060045015,0.0007115460010780339,0.0,0.0,0.0,0.0,0.0,0.0,0.0
2021-11-01,2980.575927734375,3000.1007631603707,2951.7897148368747,2986.4954052559915,750393,0.006999832392686756,-0.0033482493709000583,0.025285329618868865,46.46738781753759,-48.728230261818226,-42.47347707458727,3002.450442806004,3262.5719777432146,2786.1428171786606,86.9197802028796,-0.3293493716613505,1566155.7,0.47913052322958694,0.014599655057507821,0.04030474251842042,0.003910901182700766,0.0,0.0,0.0,0.0,0.0,0.0,0.0
2021-11-02,2962.960693359375,2997.7617210225767,2940.666907816512,2978.8573871388044,881916,-0.0059100102805935695,-0.0021576665721457556,0.02480413868214048,45.02746087036451,-45.60059513078022,-43.09890068582587,2998.6895142872772,3259.1230164800036,2780.5718077387464,84.78942541739283,0.17527215738952795,1564189.45,0.5638166144132989,-0.002270048271341696,0.03382804203143541,0.00011807503646044104,0.0,0.0,0.0,0.0,0.0,0.0,0.0
2021-11-03,3027.216064453125,3038.9118990396364,2954.988411857351,2961.767315345969,879227,0.02168620435558255,0.0004553885869921115,0.0258891404981132,50.99307730214413,-37.50471925561351,-41.9800643997834,3001.4063285887864,3252.2230045249876,2779.80880699845,84.72757268631374,-0.0030490432195356965,1562683.95,0.5626390416309069,-0.0033400508475575075,0.019390369884329628,-0.03222383519355354,0.0,0.0,0.0,0.0,0.0,0.0,0.0
2021-11-04,3016.33154296875,3045.690471494916,3002.7261858468682,3035.1880905587263,263595,-0.0035955548770323364,0.005383565217661012,0.018139555684899913,50.00317642079256,-31.602673269485877,-39.9045861737239,3002.8277775773545,3248.8777133906765,2778.4555385624485,81.74448075500902,-0.7001968774844267,1536544.8,0.17155048131365905,0.004913376165984751,0.002377664001771862,-0.017685046786455993,1.0,0.0,0.0,0.8237334489822388,0.0,0.0,1.0
2021-11-08,2996.042724609375,3037.097484698031,2955.131085561635,3021.8212948976006,787824,-0.006726322378807992,0.005363835980447695,0.018154053371087064,48.12771627203658,-28.23689997831616,-37.57104893464235,3002.1815820565944,3234.7628520495055,2778.347426270807,81.76033206796527,1.9887668582484492,1517071.85,0.5193056610997033,0.008469704042186388,0.013776093351216101,0.008339406081957268,0.0,0.0,0.0,0.0,0.0,0.0,0.0
2021-11-09,3002.86962890625,3012.274127900613,2978.8574577020327,2997.9526978155072,668840,0.002278640501618634,0.007749366292023862,0.015609638411875366,48.82327606906413,-24.73351372390698,-35.00354189249528,3002.2471103279904,3217.0360747265645,2781.0032807421853,78.30721336300921,-0.15102865614655048,1506392.05,0.4440012810742064,-0.001344921435271762,0.000990008733432468,0.016181211424942887,0.0,0.0,0.0,0.0,0.0,0.0,0.0
2021-11-10,2967.686767578125,2994.754130387201,2941.144337391452,2990.314580331124,872975,-0.011716413190052455,0.004804282860848541,0.016280279102415047,45.44150767612448,-24.513442049631976,-32.90552192392262,2998.9556491137173,3196.3018429634153,2783.22935820846,77.12279037385126,0.30520752347347657,1527030.95,0.5716812746984598,-0.0014991358050348014,-0.013575561443298412,-0.02524179547606953,0.0,0.0,0.0,0.0,0.0,0.0,0.0
2021-11-11,2924.91357421875,2966.1114639172806,2913.933810515954,2950.2147688382365,958143,-0.014412974383506638,-0.0008410132109872737,0.010798863491012905,41.6632203560297,-27.473772350026138,-31.819172009143323,2991.904022933244,3168.5096788568626,2786.595838721262,75.4535165658741,0.09756064033907053,1546711.9,0.6194708917672387,-0.007970140510272006,-0.0233320969059424,0.002783196498455043,0.0,0.0,0.0,0.0,0.0,0.0,0.0
2021-11-12,2981.626220703125,2986.495600246353,2936.6570693934505,2949.2598814453277,682344,0.019389511876269028,0.0002794230705220779,0.012314345020752784,47.85413793978119,-24.955942269245043,-30.44652606116367,2990.925184625614,3137.7322101758455,2798.595060331967,74.46269581314047,-0.28784742987215894,1542321.9,0.44241348060998165,0.012820606684330382,0.016517425947597086,-0.008447020084907497,0.0,0.0,0.0,0.0,0.0,0.0,0.0
2021-11-15,3025.354248046875,3036.1431050709243,2984.585958003682,2984.585958003682,696377,0.014665831364146564,0.002265874538031054,0.012919782589105495,52.077128041941165,-19.21060948600598,-28.19934274613213,2994.204143046686,3113.901739001782,2810.4709172482176,73.0379949956161,0.020565872932128082,1544710.9,0.4508138060008511,0.0003700663573213969,0.0022031600442244947,-0.0014603276117979291,0.0,0.0,0.0,0.0,0.0,0.0,0.0
2021-11-16,3009.123046875,3063.830950605386,2978.9527105597094,3021.821426820208,1400107,-0.005365058053070526,0.001029385493455326,0.013007770169379117,50.44412766082875,-15.785152732381448,-25.716504743381996,2995.624991030335,3099.7199909335563,2816.4439006680063,73.88372678490613,1.0105589357488833,1535910.2,0.9115812890623424,-0.006087981951756416,-0.0013740039086653777,0.004631288717664717,0.0,0.0,0.0,0.0,0.0,0.0,0.0
2021-11-17,3084.119873046875,3093.3332328770184,3021.869438829441,3026.5954639915158,1616452,0.02492315036759951,0.004112701558274634,0.014721515507774383,57.1328181670139,-6.938849738111912,-21.96097374232798,3004.0530750319103,3108.794448321253,2812.167612225622,74.62133101469986,0.1545203330888283,1564629.35,1.0331213587422476,-0.005586294529162039,-0.016418916845950204,-0.026082755282288983,0.0,0.0,0.0,0.0,0.0,0.0,0.0
2021-11-18,3080.873779296875,3112.524045601868,3068.6049946516573,3102.8333047719802,1609821,-0.0010525186710051981,0.0018388292556158591,0.013402544188709344,56.77561877671825,-0.1878580076936487,-17.606350595401114,3011.3693325809545,3118.5987623703286,2808.186222981234,72.42831101009348,-0.0041021941882591895,1584843.4,1.0157602953074103,-0.007478195643460861,-0.017252633738306655,0.0119581352649476,0.0,0.0,0.0,0.0,0.0,0.0,0.0
2021-11-22,3113.7177734375,3158.6871597779855,3069.607812810191,3094.383841689824,2146970,0.010660610103968793,0.003264445753715972,0.013517976422409596,59.5324582373944,7.723555080150163,-12.540369460290858,3021.1168031387206,3137.045797318349,2814.829446822276,73.61767072135785,0.333670016728568,1437014.75,1.4940486866958047,-0.019603372100156835,-0.04137410761138138,0.010267430154144996,0.0,0.0,0.0,0.0,0.0,0.0,0.0
2021-11-23,3041.441650390625,3139.543430236338,3028.074984523569,3113.7170756382598,1482618,-0.023212162535554137,0.0016158617380413575,0.015700807569710148,51.71566896150315,8.068321272526191,-8.418631313727449,3023.052502876997,3137.295028341455,2834.312002908545,76.32129750645863,-0.3094370205452335,1368366.05,1.0834951656393403,0.004983697932798847,0.021579872826710034,0.032747813178042096,1.0,0.0,0.0,0.9426001906394958,0.0,0.0,1.0
2021-11-24,3014.183349609375,3063.7353994956225,3007.500016239953,3041.9192297117106,1056213,-0.008962296145891613,0.0004917680732903329,0.0160466698100199,49.097357418822625,6.072039209672312,-5.520497209047497,3022.207821613414,3117.081174967462,2877.668483235663,74.88658934568798,-0.2876027405575813,1313099.85,0.8043660959979547,-0.0050446817378146935,-0.0006782472595687761,-0.0007289218852307711,0.0,0.0,2.0,0.0,0.0,0.81561279296875,2.0
2021-11-25,3002.010498046875,3029.7941662215594,2972.174184756276,3013.7063328567897,728825,-0.004038523921936488,0.0012595570001019297,0.015574371274516186,47.93031225846239,3.467749842511239,-3.7228477987357507,3020.2842669880297,3098.5122416363406,2913.2276997699096,73.65326021137335,-0.3099639940049971,1250127.95,0.5830003240868264,0.006959452503032093,0.019489939527082667,,0.0,1.0,0.0,0.0,0.9245480895042419,0.0,1.0
2021-11-26,3000.91259765625,3024.0655766362797,2951.1694031864504,2960.717023384401,1029110,-0.0003657217026187265,0.002664282268190721,0.014607190487608512,47.81990603377663,1.300251875910817,-2.7182278638064377,3018.4393460992887,3097.6002345080174,2919.114023304483,73.59918258554877,0.41201248585051276,1071085.9,0.9608099593132541,-0.029071254187753914,-0.06258326735801145,-0.11586624655680089,0.0,0.0,0.0,0.0,0.0,0.0,0.0
2021-11-29,3002.058349609375,3035.092976562536,2932.9334375809044,2989.359967770922,876651,0.00038180117408948,0.000763511197972766,0.013373594353383837,47.9546401774985,-0.32134896064553686,-2.2388520831742578,3016.879251195487,3097.710253709925,2921.6773195322626,75.63920804241184,-0.14814645664700565,1025365.2,0.8549646506434976,0.0016151341742889347,-0.016639573645643058,0.009901006719154726,0.0,0.0,1.0,0.0,0.0,0.9316065311431885,1.0
2021-11-30,3001.4375,3044.736050399219,2975.181544720609,2975.181544720609,2340489,-0.00020680797541983154,-0.0007237527359838736,0.012450902272359884,47.88249122388252,-1.6376983147001738,-2.118621329479441,3015.408608224488,3096.8992262178112,2926.646354836876,75.20458644499742,1.6698070269696834,1086444.5,2.1542646679144677,-0.004148599194972014,0.006190672641797734,-0.039079556797017356,0.0,0.0,0.0,0.0,0.0,0.0,0.0
2021-12-01,2996.18603515625,3054.9994628462637,2982.7718166162367,3013.133059287986,1741820,-0.0017496499073360594,-0.0003622119214104269,0.012353264700818772,47.2351350486593,-3.069283199973597,-2.3087537035782724,3013.577886979894,3096.80300710151,2928.3035846953653,74.99194785821382,-0.25578799985814926,1136015.85,1.5332708606134324,0.01081664117042136,0.014458547384579079,-0.02408951332852094,0.0,0.0,0.0,0.0,0.0,0.0,0.0
2021-12-02,3036.716064453125,3049.509781820912,3009.6484689245362,3017.0478743124863,939320,0.013527207196518898,-0.0015018062385184882,0.010077521764289851,52.56533536236942,-0.9227529730160313,-2.0315535574658243,3015.7815229297257,3097.9019358768082,2934.580193029442,73.44421920153154,-0.4607249888048134,1138886.05,0.8247708363799873,0.013674571102433752,0.005458429678250942,0.011616021351225969,0.0,0.0,0.0,0.0,0.0,0.0,0.0
2021-12-03,2969.73974609375,3043.256428258356,2965.491101341143,3040.917307717817,1216263,-0.022055508956987935,-0.003602105267116762,0.011982154694995422,44.55541451149295,-4.573323029303992,-2.539907451833458,3011.39659180249,3097.2948783526713,2929.439618717641,73.75286975265168,0.2948334965719883,1155737.85,1.0523692721493891,-0.01177768586739425,-0.002111226093618135,0.0030141967847252538,0.0,0.0,0.0,0.0,0.0,0.0,0.0
2021-12-06,2900.853515625,2974.0837165365315,2891.258110626565,2974.0837165365315,1107363,-0.023196049606488134,-0.006987771238162454,0.012283767719845308,38.12125520117584,-12.876536495078653,-4.607233260482497,3000.868679785586,3104.756127640594,2910.4305666953433,74.40092233531699,-0.08953655582715248,1197926.25,0.9243999787132138,-0.01654091957599968,-0.013701366029058581,0.04579285494291008,0.0,0.0,0.0,0.0,0.0,0.0,0.0
2021-12-07,2893.262939453125,2930.1643952126897,2879.9916086232924,2902.476298939908,2056459,-0.0026166699321388265,-0.004928221977820923,0.01091113990712108,37.47900190171489,-19.84067806180292,-7.653922220746582,2990.6205140396373,3111.644898325314,2893.263817494999,72.67034121060844,0.857077579799939,1261358.0,1.6303531590555576,0.015636548581649423,0.022369790004149737,0.032293384663664604,0.0,0.0,0.0,0.0,0.0,0.0,0.0
2021-12-08,2967.87744140625,2981.7214893072924,2893.883392279988,2894.742584773308,1171484,0.02578904977341212,-0.0014530873858905502,0.014445253706399463,46.941897551570925,-19.118655736773235,-9.946868923951913,2988.454507122172,3110.9291003149574,2890.4803967553553,73.79807039943408,-0.43033923846767674,1286490.2,0.9106046824142151,0.017060948527881648,0.017184484716087356,0.005037079018032964,0.0,0.0,0.0,0.0,0.0,0.0,0.0
2021-12-09,3034.901611328125,3039.054918840374,2970.2642771806813,3009.7913266857954,1287243,0.02258320002935066,0.0012090850092381644,0.016255512582206744,53.71831556532401,-12.988434881664944,-10.55518211549452,2992.878040856072,3114.1567121926464,2893.974269252666,73.61088518762621,0.09881398294812382,1307203.6,0.9847303052102977,0.002696066593683266,-0.0027502090758397824,-0.018464805216485303,0.0,0.0,1.0,0.0,0.0,0.9374233484268188,1.0
2021-12-10,3134.626708984375,3143.076445766298,3034.9018665512763,3039.9621516767597,2554394,0.032859417018335835,0.00453159888133362,0.019052698028819006,61.58072038766601,-0.08226049688937564,-8.460597791773491,3006.3779140111483,3132.1798948884725,2896.9224000334025,76.07973870552243,0.9843914474578614,1387016.15,1.8416469051207516,-0.00031677089480919296,0.023145928609966893,0.009809236426966406,0.0,0.0,0.0,0.0,0.0,0.0,0.0
2021-12-13,3131.47607421875,3189.8596742092195,3122.9785530080158,3136.4885744550857,1265832,-0.0010051068462457735,0.004392908079300095,0.019091271005687235,61.226832004076925,9.779019344601693,-4.812674364498455,3018.2920245071105,3149.045411677303,2895.0418685961345,75.4226945980711,-0.5044491961694242,1416190.55,0.8938288706982263,-0.008169055116863166,-0.013477088315305252,-0.010113135339974044,0.0,0.0,0.0,0.0,0.0,0.0,0.0
2021-12-14,3148.32763671875,3155.488351586192,3102.0216805759574,3125.890730134098,863179,0.005381347997111652,0.004951723676553244,0.01902333810666107,62.469160976023886,18.737935666629255,-0.10255235827291287,3030.6763685272667,3166.6320544589516,2889.752564681673,73.85440719893992,-0.31809355427892483,1424530.65,0.6059392263690501,-0.002495911181322197,-0.006245144524906099,-0.009275473142459356,0.0,0.0,0.0,0.0,0.0,0.0,0.0
2021-12-15,3152.576171875,3164.033315266611,3118.7299073915174,3129.852790862402,811946,0.0013494577586841139,0.005261634443155261,0.01892703533597355,62.792840751266034,25.88240640812819,5.094439395007308,3042.2858736080034,3183.6259406536333,2887.103990986992,71.8150501043795,-0.059353853603945406,1395122.6,0.5819889950890337,-0.005974060321640162,-0.0188531144410351,0.002442338027533353,0.0,0.0,0.0,0.0,0.0,0.0,0.0
2021-12-16,3149.378173828125,3174.5837985692615,3122.644836577015,3174.5837985692615,502930,-0.0010144078596435735,0.0038074729375390136,0.018779472116246546,62.35689202540773,30.929859066154222,10.261523329236692,3052.485140295634,3193.7508138017047,2883.5049479170457,70.3953295249414,-0.38058688632002624,1339446.5,0.37547598952253786,0.0015678167505297491,-0.008406749711210026,0.015430420032882308,0.0,0.0,1.0,0.0,0.0,0.9034428596496582,1.0
2021-12-17,3096.96142578125,3144.3177138068713,3081.685233914429,3126.845522739957,1019403,-0.016643522992083715,0.004348671534029435,0.018013691087960842,55.54948272424804,30.350545958974635,14.279327855184281,3056.72097700855,3195.586525074227,2883.2780012929607,70.20230169556673,1.0269282007436424,1309925.6,0.7782144268346233,-0.01525945397337003,-0.03926116659080392,-0.01999466898321478,0.0,0.0,0.0,0.0,0.0,0.0,0.0
2021-12-20,3092.903564453125,3126.8453985281394,3037.097774875729,3081.016824748185,948872,-0.0013102718343033226,0.0065372493112479165,0.0154411098117982,55.04846347115648,29.22708896325412,17.26888007679825,3060.1669377175576,3192.8194964453724,2883.963609023378,71.59839612105556,-0.06918853485814735,1250020.7,0.7590850295519106,-0.021842546279377872,-0.048954759350676724,-0.027203483287816743,0.0,0.0,0.0,0.0,0.0,0.0,0.0
2021-12-21,3123.360595703125,3146.895384512051,3093.4287153577197,3100.112049002011,712026,0.009847391169916841,0.007783655421453484,0.015119811762770741,58.102915111209164,30.44343610092892,19.903791281624386,3066.185381335231,3201.304909928063,2883.6700900719375,70.34078354518915,-0.24960795555143367,1211491.1,0.5877269754602407,0.00942870544420904,0.01612729130449586,0.03439606864279221,0.0,0.0,0.0,0.0,0.0,0.0,0.0
2021-12-22,3131.71484375,3137.0135862280654,3094.3835573329643,3127.5137512072333,619865,0.0026747625805256803,0.0054722267021648395,0.01376774774900302,58.927330561657946,31.715916624488727,22.266216350197254,3072.42628251759,3211.204217066887,2885.5239323471756,68.36144392732572,-0.12943488018695948,1189673.7,0.5210378274311688,0.011007170994593363,0.029459696561263904,0.017707454706015202,0.0,0.0,1.0,0.0,0.0,0.0,1.0
2021-12-23,3120.06689453125,3158.257377566468,3102.9767466114736,3141.167229646692,1051596,-0.0037193517928351127,0.0028419715199462627,0.012598391372233921,57.23626521835547,31.422258218095976,24.097424723777,3076.9634836617483,3218.5108195226494,2890.0229695398502,67.4271001435878,0.6964919780920038,1205812.25,0.8721059186452949,0.006909306212627531,0.023125685759305625,0.02071985043995439,0.0,0.0,0.0,0.0,0.0,0.0,0.0
2021-12-24,3136.202392578125,3150.7147289528493,3113.4790094288614,3131.6194881713172,651404,0.005171523109057885,7.318212901846755e-05,0.007119558475356638,58.991887141359804,32.12125779268854,25.70219133755931,3082.605284510927,3227.062654162005,2895.000114392683,65.27057295647352,-0.38055679177174506,1186926.95,0.5488155779089859,-0.004032754879180422,-0.014759055080809658,,0.0,0.0,0.0,0.0,0.0,0.0,0.0
2021-12-27,3124.36279296875,3136.154195840716,3080.252839177651,3131.7146461807415,640701,-0.0037751388868886293,-0.00020382107504581803,0.007219361126957917,57.13826279895474,31.358383327673437,26.833429735582136,3086.5821900783385,3233.048410271059,2901.244802619566,64.6047858453307,-0.01643066361275025,1175129.45,0.545217380093742,0.004851870910828504,0.004818810746637814,0.02277163350353617,0.0,0.0,0.0,0.0,0.0,0.0,0.0
2021-12-28,3215.8291015625,3222.3215293371404,3124.9358120060624,3127.7523130939517,1211648,0.029275188143832453,0.002185562939626262,0.011784164925862265,66.0210329874901,37.69978683033787,29.006701154533285,3098.891419743497,3252.856273274994,2902.8760997718814,66.98721088269211,0.8911286231799231,1118687.4,1.08309792351286,0.008603409174043453,0.00792324383780052,0.004325750303889597,0.0,0.0,0.0,0.0,0.0,0.0,0.0
2021-12-29,3215.11328125,3232.8241631398364,3194.8245885545716,3219.6484007936842,598421,-0.00022259277153513501,0.0020283578866043374,0.011807021897384935,65.9059183308913,42.18139323250671,31.64163957012797,3109.9601684584018,3269.298732917651,2908.326364738599,64.91666543287587,-0.5061098602894569,1061517.45,0.5637410859331611,-0.0011402602889762914,-0.000724050699079215,0.003673687693924288,0.0,0.0,0.0,0.0,0.0,0.0,0.0
2021-12-30,3213.4423828125,3236.6431457864905,3198.7391414064,3211.1032625564644,691223,-0.0005197012644140298,0.0020778285461272917,0.011793885437222491,65.61830828263632,45.07863263825129,34.32903818375264,3119.815617444506,3284.2678645776687,2911.029864914519,62.98718964339121,0.15507811390308834,1049112.6,0.6588644536344335,-0.0005606259494814747,-0.009729803971069595,0.0011358870892026474,0.0,0.0,0.0,0.0,0.0,0.0,0.0
2021-12-31,3229.912109375,3250.9646584077163,3209.336941349392,3236.6432281944662,570671,0.005125259643860458,0.0042547068097217085,0.00979382711762883,67.14047405517445,48.14865728149016,37.092962003300144,3130.300997628363,3296.0660025662205,2925.2489632540924,61.461513030172156,-0.17440391885107986,1016833.0,0.5612239177918105,0.008724831757606522,0.012124987392001074,-0.019415039352651875,0.0,0.0,0.0,0.0,0.0,0.0,0.0
2022-01-03,3267.5771484375,3285.2402442097664,3229.95962149071,3229.95962149071,696276,0.01166132011864196,0.005551866005016237,0.00983380880268602,70.37110186858835,53.00986309777136,40.27634222219439,3143.3749167530427,3299.735201033693,2958.2521280678698,61.023414587643174,0.22010054830191117,996278.65,0.6988767650496174,0.015653315812207858,0.011360115809845306,0.015428189720621655,0.0,0.0,0.0,0.0,0.0,0.0,0.0
2022-01-04,3302.80810546875,3315.3631320446534,3260.559888602884,3278.652581183832,790886,0.010781981704118815,0.005645325058436434,0.009883484472970881,73.04103033625827,59.02484584410013,44.026042946575544,3158.5590299640626,3299.150236297976,2999.7916094051493,60.5791166486522,0.1358800245879508,933000.0,0.8476806002143623,0.01018687423526421,-0.005309927776830037,0.012914618887223117,0.0,0.0,0.0,0.0,0.0,0.0,0.0
2022-01-05,3367.254638671875,3379.857450342048,3295.886179798127,3313.024110928505,1024506,0.019512648372279173,0.007329113637611784,0.010720055776228088,77.1052711464837,68.2058253356995,48.86199942440034,3178.4348022219497,3323.3864822294704,3015.493083200217,62.24998478402855,0.29539023323209657,925651.1,1.1067949900345821,0.0067395852346920915,0.012011099990012264,0.0100000381469727,0.0,0.0,0.0,0.0,0.0,0.0,0.0
2022-01-06,3355.654052734375,3377.5182416276302,3295.98142982077,3333.2171465188594,1312743,-0.0034451169223351785,0.007356537124661777,0.010688957427195942,74.91592056046248,73.69622320634608,53.82884418078949,3195.312826080276,3346.6785585171656,3024.2762510531466,63.627615285659395,0.2813424225919614,926926.1,1.4162326424943694,-0.010005417462796928,-0.014708866077857152,0.01472765800824849,0.0,0.0,0.0,0.0,0.0,0.0,0.0
2022-01-07,3414.515380859375,3419.9574776300005,3338.3731115011974,3355.654163811295,964364,0.017540940514126246,0.008593478865168614,0.011115213974951106,78.28509831986119,81.8534645428208,59.43376825319575,3216.1892598687614,3387.0270449775007,3011.916631780312,64.91024034588395,-0.2653824853760408,847424.6,1.1379938698970977,0.003764183651131514,0.00030885184468121274,-0.002927160263722639,0.0,0.0,0.0,0.0,0.0,0.0,0.0
2022-01-10,3392.746826171875,3427.5956397796626,3367.4456327306048,3418.0480196131457,657511,-0.006375298471205326,0.008333462906736944,0.01146171085854299,74.3099186294022,85.57513969412867,64.66204254138233,3233.0042661833436,3415.1203972799885,3009.9503546731366,64.57022368182494,-0.31819209344189536,817008.55,0.8047786036021287,0.010700318921871732,0.019246616588019183,-0.010764492396550085,0.0,0.0,0.0,0.0,0.0,0.0,0.0
2022-01-11,3378.663818359375,3402.771557367096,3336.9407681612865,3389.977840597509,734344,-0.004150916214514688,0.004990852470902229,0.0093565827280596,71.77083971244886,86.39233595932319,69.0081012249705,3246.8766044858226,3436.667679339631,3011.4366907775566,64.66026407639528,0.1168543187870621,810566.8,0.9059635800528716,0.002913311252602302,0.005654889114534045,0.03524172594691244,0.0,0.0,0.0,0.0,0.0,0.0,0.0
2022-01-12,3383.485107421875,3420.3865598688412,3374.1283946262606,3395.992347861183,594543,0.0014269809965412605,0.005155809847709869,0.00926858386852806,72.1220303969962,86.43266565402746,72.4930141107819,3259.88693809878,3456.355794307341,3014.839469364534,63.34582844540852,-0.19037535541925854,799696.65,0.7434606609893889,0.008673115731830494,0.019078220237195742,0.011347311686460637,0.0,0.0,0.0,0.0,0.0,0.0,0.0
2022-01-13,3299.896240234375,3398.952800067812,3293.9289775938064,3398.952800067812,1153984,-0.024704960871304804,0.0027372838870207915,0.013225066039221373,58.52722708085489,78.81121756906305,73.75665480243813,3263.6973478259793,3461.864735288202,3024.382335024298,66.32282801887973,0.9409596950935424,832249.35,1.3865844413095667,0.0024956237305924223,-0.007192874817733452,-0.0023620757360018896,0.0,0.0,0.0,0.0,0.0,0.0,0.0
2022-01-14,3212.200927734375,3305.3857848674315,3194.6334015500943,3305.3857848674315,1558978,-0.02657517270717924,-0.0004327593480831782,0.016080171668249,48.251190509720686,64.94622656153751,71.99456915425802,3258.792926864874,3457.7717958104895,3039.9992246973234,69.49636768305527,0.3509528728301259,859228.1,1.814393640059025,-0.00011232356375068253,0.011512541586107261,0.018823207232308237,0.0,0.0,0.0,0.0,0.0,0.0,0.0
2022-01-17,3225.806640625,3245.2361411812312,3170.764702813436,3212.201281692422,1103159,0.004235635689272099,-0.0011753277910201642,0.01562462573089922,49.726015886745536,54.428569945076106,68.48136931242163,3255.65137579441,3452.246960740169,3058.814367384831,69.8517298748224,-0.29238321515762244,866942.45,1.2724708543225678,0.0028675682661627455,0.012755042002690953,,0.0,0.0,0.0,0.0,0.0,0.0,0.0
2022-01-18,3221.08056640625,3242.801402267865,3199.407515264669,3226.1886364297675,558543,-0.0014650829219677863,-0.002400034253628824,0.015052751729072724,49.20147149371182,45.19096331421497,63.823288112780304,3252.358917757442,3448.420348475129,3072.412976720184,67.96188395542049,-0.4936876733091059,859268.3,0.6500216521428754,-0.010653690567923424,-0.02606080667642563,0.01684876387138501,0.0,0.0,0.0,0.0,0.0,0.0,0.0
2022-01-19,3132.001220703125,3217.547990483844,3119.9235744521015,3217.547990483844,1495218,-0.027655112583076624,-0.007116810349164404,0.014811562922117189,40.524347889011,30.332480817260148,57.125126653676276,3240.896279942745,3448.3954956277835,3072.466467262842,70.33296309818677,1.6769971157099812,903035.95,1.6557679680415824,-0.00964224043394124,-0.0014920919309797664,0.010627360101397532,0.0,0.0,0.0,0.0,0.0,0.0,0.0
2022-01-20,3156.82470703125,3212.678279138611,3076.2428945285,3133.528609510409,3075678,0.007925758829222973,-0.005979722774008589,0.015543163695881585,43.513923507146714,20.325771436222567,49.765255610185534,3232.8894634749836,3445.363339121076,3079.1744050195493,75.05456463475277,1.0570097470736708,1004240.05,3.062692032646975,-0.010112406160797005,0.0022912809533159884,-0.0006784846939373868,0.0,0.0,0.0,0.0,0.0,0.0,0.0
2022-01-21,3126.702392578125,3174.5358283641563,3095.099677507156,3150.762348079094,1441694,-0.009541966136425994,-0.008688013439063813,0.013167422054650895,40.831798094182254,9.851204569505171,41.78244540204947,3222.7764091038543,3446.2384002804856,3077.349343860139,75.36753507919903,-0.5312597742676575,1043754.55,1.3812576912838368,-0.007875745304668613,-0.02355625856970378,-0.0055442167797824515,0.0,0.0,0.0,0.0,0.0,0.0,0.0
2022-01-24,3012.417236328125,3122.07174545831,2993.178875232967,3120.1622214549716,1575665,-0.03655133808746225,-0.011705617400689506,0.01577757165280675,32.61723980581591,-7.584393953643485,31.909077530910878,3202.7422021728325,3462.484613522902,3049.9085749536607,79.5215338124818,0.09292609943580254,1090502.75,1.4448977776534722,-0.02656790518738339,-0.059039086480675906,-0.01843216245115631,0.0,0.0,0.0,0.0,0.0,0.0,0.0
2022-01-25,3004.731689453125,3014.135955627217,2874.549792921497,2959.762304428013,2699779,-0.002551288972296506,-0.011545654676467686,0.01587051159143953,32.14883580735058,-21.771423385414437,21.172977347645816,3183.884058104289,3478.9443993592495,3012.3390479063755,83.81186444771309,0.7134219520012186,1164909.3,2.3175873005735297,0.007513491221694313,0.018173936985362626,0.02237162837922635,0.0,0.0,0.0,0.0,0.0,0.0,0.0
2022-01-27,2975.9453125,3000.8169087446904,2932.312736551744,2998.048192235994,1834684,-0.009580348572941766,-0.01264638763341599,0.01523998857143403,30.38856113550277,-34.93485915431165,9.951410047254324,3164.080368046738,3494.870918708241,2972.4957316823843,82.99808505154651,-0.32043178349042645,1226722.45,1.4955982912027086,-0.00971173291462768,-0.01806204821453039,-0.006891982579944722,0.0,0.0,1.0,0.0,0.0,0.0,1.0
2022-01-28,2970.121337890625,3026.5954146125086,2962.6263632626546,2988.4049361946854,892060,-0.0019570166779988574,-0.010371593214085395,0.014934753769140734,30.03030626855056,-45.31456482067051,-1.1017849263306436,3145.6080794604413,3506.8906297587614,2936.143916139676,81.63886835856847,-0.5137800296944869,1236764.3,0.7212853734539394,-0.0004793161771092791,0.007682293326292555,0.007723331874747386,0.0,0.0,0.0,0.0,0.0,0.0,0.0
2022-01-31,3009.648681640625,3048.984831605917,2994.5156098617344,2997.9528464910977,944530,0.01330832624436562,-0.006383243318930909,0.015443571404783066,35.58113551818735,-49.77722913396383,-10.836873767857282,3132.659565382364,3510.364666395004,2910.6435367299964,81.44062731262015,0.058818913525996,1255457.25,0.7523394364881799,0.0139107178709299,0.03135403477909482,0.013106745764470018,0.0,0.0,0.0,0.0,0.0,0.0,0.0
2022-02-01,3051.657958984375,3067.0297200021682,2999.480310350813,3049.509744543166,1008915,0.013958199706169738,-0.0054109869172411455,0.01645902645783696,40.9434041664305,-49.35518925930501,-18.54053686614683,3124.9451266777937,3506.0496186228106,2893.3666655568773,80.44839747967265,0.06816617788741497,1271089.2,0.793740517974663,0.013667938611870323,0.01749087745233613,-0.022475555782702217,0.0,0.0,0.0,0.0,0.0,0.0,0.0
2022-02-02,3053.042236328125,3097.390882220039,3047.743260894317,3059.8211394014547,667265,0.0004536148422775721,-0.005219117140816609,0.01652120261564507,41.117338580253374,-48.35165225590481,-24.50275994409843,3118.097232358778,3496.084750237636,2878.354947027989,78.24834204010479,-0.3386311037104216,1264908.15,0.5275205160153329,0.011557838585399605,0.014018226110869003,0.003476867943708939,0.0,0.0,0.0,0.0,0.0,0.0,0.0
2022-02-03,3058.1025390625,3094.9564437301988,3045.8815394304634,3067.5070375491036,899753,0.0016574624072220878,-0.002287859641786738,0.014585159780269736,41.79223343308838,-46.61071846239747,-28.924351647758236,3112.3834520448468,3473.910432522775,2869.6140547819127,76.16452505864983,0.3484192936839188,1258670.5,0.7148439563809591,-0.012362248664229525,-0.017356218170566318,0.018330159464320595,0.0,0.0,0.0,0.0,0.0,0.0,0.0
2022-02-04,3090.230224609375,3101.830722356214,3032.3717893163644,3043.7811481930207,705765,0.010505758108661833,-0.002029859713842852,0.014807036561449924,46.02233145505232,-42.15267042143796,-31.570015402494185,3110.273620860516,3450.304836171166,2866.6772683210215,75.68555420016412,-0.215601392826698,1228321.6,0.5745767232294864,-0.0024998826581151823,-0.027623704781381875,0.0237075624875962,0.0,0.0,0.0,0.0,0.0,0.0,0.0
2022-02-07,3031.082763671875,3104.12205399451,3000.912425435529,3087.7001948157163,860393,-0.01914014705651146,-0.0029896778058513982,0.015635972300137607,40.226414329124886,-42.897841399501885,-33.83558060189573,3102.7316344615983,3411.0213937765825,2867.617448996855,77.65155951150821,0.2190927575042685,1223123.05,0.7034394454425497,-0.017281112927623465,-0.011088815850963107,-0.006218443470945245,0.0,0.0,0.0,0.0,0.0,0.0,0.0
2022-02-08,3070.8486328125,3077.675087386909,3022.967182071453,3035.1881814186395,799206,0.013119361047222666,0.001977392107617093,0.010988635162419155,45.22128710735698,-39.820594440618606,-35.03258336964031,3099.695158114065,3369.9598703725705,2876.4891530649293,76.01272706893306,-0.07111517643681431,1230207.8,0.649651221525339,0.0030876976246183574,-0.008436591422566253,-0.020606361115555916,0.0,0.0,0.0,0.0,0.0,0.0,0.0
2022-02-09,3082.305908203125,3111.5692694316904,3076.95914791684,3083.8811722198097,472725,0.00373098018189566,0.00260561902303631,0.01088000384412159,46.60569981579787,-36.04187933408639,-35.23444256252952,3098.039039074928,3325.8579340920505,2890.9552983298245,73.49186346538,-0.40850669289269603,1217126.85,0.38839419243770684,0.01141215233034587,0.005923532579429125,0.00848209168115277,0.0,0.0,0.0,0.0,0.0,0.0,0.0
2022-02-10,3092.235595703125,3101.06714468352,3032.32427694423,3074.3338072293514,728666,0.003221512658290404,0.0038858051461595267,0.010004793886789426,47.83614520506812,-31.87850206447729,-34.563254462919076,3097.4863301823752,3270.9189213899203,2916.7693598600795,73.152649484945,0.5414162568089269,1223833.0,0.5953965941431552,0.008133901085124018,0.008993602156383895,-0.0015292122881666037,0.0,0.0,0.0,0.0,0.0,0.0,0.0
2022-02-11,3070.801513671875,3083.833923628133,3038.530506760873,3083.833923628133,587840,-0.0069315811709282915,0.0033883486968665833,0.010441720575168515,45.40386152477899,-29.963150325088918,-33.64323363535305,3094.944919086137,3232.207070232008,2932.571738361742,71.7635380176098,-0.19326550161528055,1195525.8,0.4916999700048297,-0.01312629691281364,-0.019842966598667022,0.03314734337498826,0.0,0.0,0.0,0.0,0.0,0.0,0.0
2022-02-14,3001.24658203125,3038.72099077786,2978.857459603151,2997.952699728812,681236,-0.02265041596825823,-0.00020752552439580186,0.012612048708898038,38.55328446224192,-33.66959977325223,-33.64850686293289,3086.0212679380525,3213.0753262912976,2930.60804773214,73.20500344983226,0.1588799673380512,1151638.7,0.5915362170444602,-0.03061622289529342,-0.05293929172656808,0.02160102565428268,0.0,0.0,0.0,0.0,0.0,0.0,0.0
2022-02-15,3116.915771484375,3122.0713924720094,2991.1258919864586,2997.9523462881066,676844,0.03854038190185616,0.00225069269517284,0.017230071077998326,51.62493372005312,-26.962642207623958,-32.311333931871104,3088.963601609131,3190.8706824306823,2941.9236046786923,77.32932466666931,-0.006447104968028694,1130322.95,0.5988058545568768,0.03025912638397754,0.03040699244658529,-0.033167542146512075,0.0,0.0,0.0,0.0,0.0,0.0,0.0
2022-02-16,3105.69775390625,3136.4888292883106,3077.198014151352,3131.619449710343,624320,-0.003599076266594947,0.0018454235842855881,0.01732444009597158,50.50283623648152,-22.29552138941699,-30.308171423380283,3090.557330399333,3164.954630786126,2956.3013750732493,76.04085970026141,-0.07760133797448154,1133611.8,0.5507352693399981,-0.0017432697608654735,0.011315676609289227,0.016402216973832706,0.0,0.0,1.0,0.0,0.0,0.6173959374427795,1.0
2022-02-17,3118.109619140625,3145.893053912408,3089.991691329003,3124.936074307677,636735,0.003996482020429681,0.0020793255456063474,0.01733740543022096,51.75238315128815,-17.39474493036505,-27.725486124777238,3093.1813578985034,3162.5205346704142,2957.346311032711,74.6023241919145,0.019885635571501803,1090687.65,0.5837922525298604,-0.001016014719190439,-0.002413285685380795,-0.019407197397652953,0.0,0.0,0.0,0.0,0.0,0.0,0.0
2022-02-18,3111.044189453125,3123.981261160605,3083.9290419162467,3089.7529502532384,423801,-0.002265933706797396,0.0008021563640604245,0.017116709005188364,50.963669864837186,-13.920498563667934,-24.964488612555378,3094.8825799513247,3153.2897567971577,2961.9990371481545,72.13445955280334,-0.33441541614643455,958093.8,0.44233769177923915,-0.0016353356196504576,-0.012535764358932888,0.0061310066402073815,0.0,0.0,0.0,0.0,0.0,0.0,0.0
2022-02-21,3104.5517578125,3130.1394259802337,3059.2005629037853,3088.655063782974,547472,-0.0020868979176301705,0.0025074812779485533,0.015699983661774213,50.2064846800057,-11.557787284012647,-22.283148346846833,3095.803454033341,3149.4313596812262,2963.6423707875238,72.04905980449226,0.2918138465930944,913382.7,0.59938950015147,-0.004031556958107085,-0.013585759696025934,,0.0,0.0,0.0,0.0,0.0,0.0,0.0
2022-02-22,3081.160400390625,3090.3739944613653,2978.8577351913686,2978.8577351913686,1147209,-0.00753453614133226,0.0004420915590930607,0.015506189293038458,47.46999792925346,-11.44092476769174,-20.114703631015814,3094.4088774959396,3151.155634731861,2968.792412143139,75.88084286282363,1.095466069497618,891959.9,1.2861665642143778,-0.006651566067580439,-0.029126200212816866,0.035278975732995654,0.0,0.0,0.0,0.0,0.0,0.0,0.0
2022-02-23,3090.755859375,3147.755110787344,3083.8816187944544,3090.4693841224316,935896,0.0031142354624440483,0.00038041708714789955,0.01549287536897017,48.70509968004952,-10.45353518757338,-18.182469942327327,3094.060971008231,3152.701731649781,2975.8487322174065,75.21754768667331,-0.1841974740435265,803765.75,1.164389002641628,-0.0016937094155936583,0.031511599518531996,0.0,0.0,0.0,0.0,0.0,0.0,0.0,0.0
2022-02-24,2930.212646484375,3053.1382658886323,2913.456525142455,2988.405349400585,1823450,-0.051943026300074524,-0.005136036808688594,0.022572404373454154,34.21145185137691,-22.367676742144795,-19.019511302290823,3078.4563686726256,3161.1473174359753,2962.82987982965,82.50910386852128,0.948346824860882,803204.05,2.270220126504591,-0.04778103847083648,-0.0716942591999612,0.0231309952279255,0.0,0.0,0.0,0.0,0.0,0.0,0.0
2022-02-25,2978.093505859375,2999.3369598035433,2943.57895370092,2964.5359324333454,1239456,0.016340404315859702,-0.0028088382600097938,0.023545407586567427,39.9508312894182,-27.627660098380147,-20.74114106150869,3068.8980007856494,3160.1193642728745,2964.6550497896255,81.55304740071035,-0.320268721379802,820573.85,1.5104746513674547,0.025261660109649586,0.05343047965998782,-0.011606797584035378,0.0,0.0,0.0,0.0,0.0,0.0,0.0
2022-02-28,3031.03564453125,3046.1687182380315,2878.60795658601,2950.2151196851646,1678348,0.01777719153804669,0.001233922490620698,0.023228653851520703,45.60180577596569,-27.210580040712557,-22.035028857349463,3065.2920620947543,3159.307033627626,2967.606076723937,87.69645556151829,0.3541005086102289,857264.75,1.957794252009079,0.008134034290366632,0.006109496014949478,0.03124678391767577,0.0,0.0,0.0,0.0,0.0,0.0,0.0
2022-03-02,2891.926513671875,2970.4556936134204,2855.788909325496,2966.4457395547956,3014206,-0.0458949175046367,-0.007209607450028588,0.02350545304272538,36.01212875544384,-37.670740519462015,-25.162171189771975,3048.7810574830514,3177.0793679364783,2933.8605978838345,93.95004696467797,0.7959362420666036,957529.3,3.1478994950859467,-0.011191633122935585,-0.011801086087333879,0.07583118026012481,0.0,0.0,2.0,0.0,0.0,0.8112683594226837,2.0
2022-03-03,2741.98095703125,2912.978928365522,2732.5289062543834,2891.974163886977,4406840,-0.05184971192447052,-0.012034671015816146,0.027324078743476924,28.94610988046618,-57.39819566338201,-31.609376084493984,3019.5620002971655,3222.879063692006,2856.9547741986185,100.12861661799657,0.46202349806217624,1144508.05,3.850422895671201,-0.00649757722841704,-0.00521739130434784,-0.02187196682925996,0.0,0.0,0.0,0.0,0.0,0.0,0.0
2022-03-04,2614.281494140625,2734.247480082078,2541.62424532367,2734.247480082078,6979253,-0.0465719729245988,-0.017091516510318993,0.02867356119519567,24.531517870750307,-82.38692028692049,-41.764884924979285,2980.9638568536852,3277.864934939803,2757.586798458635,107.28776626725254,0.5837318804404064,1448483.05,4.818318723163519,-0.015317032007332254,-0.029254050799460973,0.0692558536056902,0.0,1.0,0.0,0.0,0.7663224339485168,0.0,1.0
2022-03-07,2585.9248046875,2604.542661616918,2481.760421929842,2530.023449185323,3233760,-0.010846838611940135,-0.017949607000833267,0.028306640187267786,23.668303549608922,-103.28817070006198,-54.06954207999583,2943.341089980715,3310.894248403999,2674.126943002251,109.09014526321901,-0.5366610151544872,1574882.8,2.0533337464857704,-0.02352668473994779,-0.054748511567367264,0.04318007321789907,0.0,0.0,0.0,0.0,0.0,0.0,0.0
2022-03-08,2600.19873046875,2613.1358021526985,2518.6621491296405,2568.3097729942124,2611102,0.0055198533829659,-0.01718893187077366,0.028876743185354898,25.09708410582367,-117.34806032666847,-66.72524572933035,2910.66086526529,3331.515554767037,2610.4172333189003,108.04611010320751,-0.1925492306169907,1662418.25,1.5706649033719402,0.009474776509483585,0.03251624160805355,0.038714425029665156,0.0,0.0,0.0,0.0,0.0,0.0,0.0
2022-03-09,2744.892822265625,2759.2620362361945,2544.488382145627,2625.595363200531,4076068,0.055647320376466025,-0.010870746218993832,0.03699476578315697,37.805821357591896,-115.48379490130537,-76.47695556372535,2894.873432598655,3325.0194979946964,2584.3177090365534,115.66950610230467,0.5610527662266735,1826261.35,2.231919325237869,0.020726290088294297,0.030508041638754424,-0.13158308740091784,0.0,0.0,0.0,0.0,0.0,0.0,0.0
2022-03-10,2781.03076171875,2902.4764398182224,2760.407809565777,2864.2859603469296,3971987,0.01316551930916443,-0.009865617834321794,0.037549336102089326,40.520200103984116,-109.82433485495949,-83.14643142197218,2884.0312734672357,3312.463910200522,2566.74578218229,118.663371205897,-0.02553465741984673,2001224.45,1.9847783690630005,0.01526738719047449,0.022323041583542036,-0.01628574382340997,0.0,0.0,0.0,0.0,0.0,0.0,0.0
2022-03-11,2799.362548828125,2806.9528610980974,2751.958702588675,2785.041116961678,1265493,0.006591723961386631,-0.004012142808175678,0.0347167552764733,41.90530694209235,-102.67636080587772,-87.05241729875328,2875.967585406368,3295.690861735917,2554.2315259593956,114.11557029900597,-0.6813954829157296,2028065.8,0.6239901091966542,0.0021421537513466316,0.004670714486185057,0.030549677873890957,0.0,0.0,0.0,0.0,0.0,0.0,0.0
2022-03-14,2828.76904296875,2837.8870671481154,2785.3273697765326,2816.5480421327975,1214217,0.010504710850309573,-0.004595712154730691,0.03438408095199844,44.152003905130435,-93.56017806326145,-88.35396945165492,2871.472486126595,3279.5357158205625,2546.183424804438,109.71872223276146,-0.040518596309896626,2059384.65,0.5896018502420128,0.014482565042708062,-0.01685262620706529,-0.05121147365614109,0.0,0.0,1.0,0.0,0.0,0.8874027729034424,1.0
2022-03-15,2852.017578125,2894.838752514637,2831.82445249288,2862.376840382217,1857685,0.008218604913694527,-0.0055515708171659075,0.03382127609571058,45.932263170362084,-83.4970727901914,-87.38259011936222,2869.6196377454908,3270.6468019260833,2540.1494383082913,106.60093561227042,0.5299448121711359,2118207.1,0.8770082018892298,-0.012346456503312231,-0.002955431998872049,-0.06538819236665172,0.0,0.0,0.0,0.0,0.0,0.0,0.0
2022-03-16,2904.3857421875,2912.0238374989726,2874.5494323770595,2905.340504101434,1287234,0.018361795686030913,0.000874100501900854,0.03131609349705132,49.813075824053485,-70.48382254801163,-84.0028366050921,2872.9306953113964,3246.918137935785,2542.6250993689027,103.272744452392,-0.30707628042429147,2148726.6,0.5990683039899073,0.018745100484606647,0.036400225614414916,-0.018917094883059704,0.0,0.0,0.0,0.0,0.0,0.0,0.0
2022-03-17,2994.706298828125,3020.198395194686,2937.3250148238794,2972.6512054783516,2867519,0.031097989267981463,0.009168870621146052,0.026398506585088265,55.71681636341557,-52.27996302456768,-77.65826188898721,2884.528371836799,3231.250409000355,2547.19368279652,104.16845220630584,1.227659462071387,2260886.55,1.2683161833131344,0.018361988356508263,0.03134655666326425,0.08794126751474218,0.0,0.0,1.0,0.0,0.0,0.8485332131385803,1.0
2022-03-21,2907.966552734375,2976.2798249460466,2893.0246196902367,2976.2798249460466,1259015,-0.028964358250320732,0.01092963208857386,0.02257833042943613,49.6734709824211,-44.341306812543735,-70.99487087369852,2886.76057954133,3204.497284909196,2552.9325002470537,103.99082555856172,-0.5609392649185585,2292000.55,0.549308332408559,-0.009802202470463706,-0.006988339204624272,0.07124990660300656,0.0,0.0,0.0,0.0,0.0,0.0,0.0
2022-03-22,2913.122314453125,2924.1498634268373,2840.4172731208055,2887.2006164427953,1515772,0.0017729783425128876,0.012191613784019163,0.021555439371500052,50.020481441512295,-37.20496204421943,-64.2368891078027,2889.271220961501,3177.3375667591076,2560.3000308971427,102.54380875480959,0.20393482206327973,2346599.1,0.6459441666026378,0.011561223252155806,-0.010053619165857008,-0.0012108578647528345,0.0,0.0,0.0,0.0,0.0,0.0,0.0
2022-03-23,2880.326171875,2940.571516803688,2869.059933172089,2921.5718454264866,948403,-0.011258072623799742,0.010513821183342598,0.0227521872554239,47.76435162648406,-33.80603706621787,-58.150718699485736,2888.4193115246917,3146.7329894717996,2568.4820495907006,100.32722124600885,-0.3743102524654104,2366645.65,0.4007372206312339,-0.0040339354552280104,-0.0034981229726834817,0.0529961459930981,0.0,0.0,0.0,0.0,0.0,0.0,0.0
2022-03-24,2888.4892578125,2901.473880920463,2817.0730148820467,2835.1657078363055,1243917,0.0028340838677261004,0.005232497532468605,0.01633666647936221,48.38834544201811,-30.10662132984953,-52.5418992255585,2888.4259730759118,3118.931290999061,2577.0166338056265,99.18962444546654,0.31159116957664623,2371481.05,0.5245317056191531,-0.0013278937068936791,0.004982475977471479,-0.021134866176590994,0.0,0.0,0.0,0.0,0.0,0.0,0.0
2022-03-25,2909.11181640625,2925.9157196150995,2855.69293303442,2888.489098573034,1083275,0.00713956561824558,0.00462990216337672,0.01612125204438401,50.012935496169,-25.220018898380204,-47.077523160122844,2890.3960533930867,3087.9838835250393,2589.7996369827733,97.12056459798175,-0.129142056905726,2378850.0,0.45537759841940434,-0.004049875890900112,0.012169000330105595,0.013610037496394556,0.0,0.0,0.0,0.0,0.0,0.0,0.0
2022-03-28,2890.494140625,2920.2351164775796,2860.132662717263,2909.1119994339856,680332,-0.006399780055291626,0.0033307517617088946,0.016465385020039008,48.527839374592524,-22.58924732466903,-42.17986799303208,2890.4053950342213,3083.676519115789,2590.1351508060866,94.47641382386281,-0.37196741362996466,2321694.1,0.29303257479096834,0.004022619949862971,0.004118904884015118,-0.06771651940006718,0.0,0.0,0.0,0.0,0.0,0.0,0.0
2022-03-29,2904.958740234375,2948.0183634015557,2876.41121868168,2930.1643619373017,1120936,0.0050041961359061915,0.0027807002902685563,0.016290042273935337,49.77565981290094,-19.116802990959968,-37.56725499261766,2891.791427910426,3073.6274058494405,2592.870787509935,92.84289460214943,0.6476308625788585,2315768.1,0.4840450129699947,0.005998187274997013,0.009756084027681577,-0.020003555590766275,0.0,0.0,0.0,0.0,0.0,0.0,0.0
2022-03-30,2942.14697265625,2954.367973228297,2917.657186791538,2938.7575208391613,849545,0.012801638765745249,0.0032390036754736283,0.016522836980260285,52.93476257450998,-13.211788997950862,-32.696161793684304,2896.587194076695,3057.3884887072313,2600.220837464644,89.74049020156177,-0.24211105718792147,2274327.95,0.3735367188359972,0.009982465582194733,0.015261335749185534,0.02921158934271273,0.0,0.0,0.0,0.0,0.0,0.0,0.0
2022-03-31,2940.618896484375,2987.688705240984,2927.3955838957754,2974.0833480308906,1464862,-0.0005193745200618993,0.0013508866548643471,0.01565891292706726,52.78783358139772,-8.556689649641157,-27.868267364875674,2900.7806895440935,3063.468623198033,2599.0099412550917,87.63710671182226,0.7242900611503804,2196860.75,0.6667978386886834,-0.001914477162001882,0.0025953967202596573,-0.048832026753251045,0.0,0.0,1.0,0.0,0.0,0.0,1.0
2022-04-01,2973.27197265625,2979.8121855586405,2947.9707797958513,2969.3098036165884,637392,0.011104150970026483,-0.0006484971749311508,0.012369652292135,55.62244593755589,-2.2072161106202657,-22.736057114024593,2907.684621269061,3079.1018625716656,2606.5058034439594,84.17683402342536,-0.564879149025642,2008388.35,0.3173649160034213,0.011777965258592316,0.023729911098418155,-0.032619814224850385,0.0,0.0,0.0,0.0,0.0,0.0,0.0
2022-04-04,2976.9482421875,3000.817294802858,2953.556570624449,2983.583792195326,873264,0.0012364390358698962,0.002371582553687912,0.007360788460641031,55.94316220990646,3.0858597712831397,-17.57167373696305,2914.2811565946267,3079.285377879185,2642.5889629411276,81.53996903449566,0.37005798629414866,1703088.9,0.5127530336202649,0.021671841339984343,0.00337162816283465,0.03007950386059499,0.0,0.0,1.0,0.0,0.0,0.0,1.0
2022-04-05,2998.716796875,3014.1838960001996,2940.6672156099507,2969.3100780996583,805874,0.007312372576388615,0.0029255219770754847,0.007517501439675496,57.88409588804819,8.934212932788796,-12.27049640301268,2922.3226461451386,3067.7010624976497,2695.4524775414125,80.96687698847803,-0.07717024863042565,1581694.6,0.5095003801618846,-0.005317557796472028,-0.0026252231776185964,-0.0082767543918153,0.0,0.0,0.0,0.0,0.0,0.0,0.0
2022-04-06,3011.3193359375,3021.82171789543,2972.1740940943046,2995.0883820025165,736379,0.004202643969458242,0.0044715936364012835,0.005628980172913261,59.00996726739888,14.419772367069982,-6.9324426489961475,2930.798521363459,3045.2549760100023,2759.010624575935,78.7297874750957,-0.08623556536133437,1487958.45,0.49489217928094703,-0.008339180323571727,-0.002526809233260763,-0.05223180538919714,0.0,0.0,0.0,0.0,0.0,0.0,0.0
2022-04-07,3012.2744140625,3063.7837825426777,3003.2041741469393,3011.319651966125,1025244,0.0003171626846751874,0.004219901518096192,0.005764962456748135,59.09920323733062,18.629436020799858,-1.8200669150369464,2938.5581301919387,3046.842585318722,2784.161174446903,77.43334611228447,0.3922776179114287,1335417.25,0.7677330811774372,-0.00943974110495216,0.00031664321853308586,-0.004848103940329085,0.0,0.0,0.0,0.0,0.0,0.0,0.0
2022-04-08,3061.205810546875,3074.333788681774,3008.6461132857303,3024.686162280702,678898,0.016244003619306335,0.005130345318202267,0.006887013890089319,63.4851612180035,25.61866354859194,3.6676791776888313,2950.2388616543135,3060.257835287329,2798.763429361109,76.594369632553,-0.3378181193940174,1170762.8,0.5798766411095398,0.008208759390795572,0.0013717292141226523,0.02187310507249296,0.0,0.0,0.0,0.0,0.0,0.0,0.0
2022-04-11,3014.613525390625,3076.243465143009,3007.5005944135564,3039.9625055913534,672652,-0.015220239356571241,0.004248299388074306,0.008821067573010991,57.19578195634628,27.08583999182065,8.351311340515196,2956.3697820101524,3061.4849669146142,2819.061395390073,76.03354828233152,-0.009200203859784484,1141120.75,0.5894661016373596,-0.006151497975913078,0.01127503920656614,-0.041836889214182715,0.0,0.0,0.0,0.0,0.0,0.0,0.0
2022-04-12,2987.115966796875,3019.052941411897,2973.2719181271573,3011.987562922743,794265,-0.009121420826302074,0.0028357376918534795,0.009766870483707508,53.80776688064936,25.733129226281562,11.827674917668471,2959.2979900850787,3059.5178567458106,2836.8631979416896,73.87265363964639,0.18079631072233493,1120123.15,0.709087210633938,-0.008183810641252287,-0.027612795314087446,0.06255072931291839,0.0,0.0,0.0,0.0,0.0,0.0,0.0
2022-04-13,2941.287353515625,2980.671284562192,2927.395753405237,2976.183949947032,1121350,-0.015342093775620236,2.136443771693086e-05,0.010595770833051691,48.63678027399351,20.72421427100062,13.6069827883349,2957.582691364178,3054.9954391701535,2850.312593056409,72.86176505050294,0.41180840147809605,1083306.4,1.0351180423193291,-0.0031174816283502382,-0.005357908202524464,0.03956421458138881,0.0,0.0,1.0,0.0,0.0,0.6460221409797668,1.0
2022-04-18,2884.861572265625,2919.6626054265625,2876.698309401646,2917.7530811587885,1032504,-0.019184042382855315,-0.0018451023485624106,0.012220890610386623,43.13971084381882,12.06247539696642,13.298081310061205,2950.656870497649,3056.191695575712,2847.1639196586634,72.27085641217981,-0.07923128372051547,1070569.9,0.9644433306036346,-0.017281188010147552,-0.0127127641001763,0.01307078562001851,0.0,0.0,0.0,0.0,0.0,0.0,0.0
2022-04-19,2855.8837890625,2920.807599180967,2835.6428831153885,2892.9285979258,749782,-0.010044774238636145,-0.003959994869428674,0.011542074046466509,40.601758239612664,2.8271306059837116,11.203891169245706,2941.6308627419203,3055.1696684646204,2834.3036957931918,73.19184638742256,-0.2738216994800988,964683.05,0.7772314440478663,-0.012519178806467801,-0.02466175907791357,-0.05222696598487553,0.0,0.0,0.0,0.0,0.0,0.0,0.0
2022-04-20,2943.53125,2949.7372030084334,2845.1907638663643,2855.9796211002636,838182,0.030690135667695406,-0.0010146252062461225,0.01593686103216441,50.153818177707315,2.5510638433224813,9.473325704061061,2941.8118520045946,3055.6601327567523,2837.3697012276225,75.4314601556116,0.11790093653888722,943641.4,0.8882420800952565,0.010490244596548015,0.005482238175189558,-0.004195775741185903,0.0,0.0,0.0,0.0,0.0,0.0,0.0
2022-04-21,3015.376708984375,3030.796020115449,2946.442947833902,2950.0233048856526,1069035,0.02440791446816637,0.000694928982931653,0.01774383377149621,56.35035247495065,8.036961952888305,9.186052953826511,2948.818028859812,3063.5807278359343,2839.674545601566,76.27669658131428,0.2754210899303493,921304.55,1.16034920266051,0.014941678252146096,0.011238428228273811,0.014325830857470967,0.0,0.0,0.0,0.0,0.0,0.0,0.0
2022-04-22,3021.248779296875,3029.7463009538455,2972.412796239629,2980.2895827389393,681191,0.0019473753627545776,0.00046940212226128655,0.017708593852368202,56.8227940434751,12.711868223739202,9.89121600780905,2955.7161955681036,3069.5229606767634,2847.824573502924,74.92361144795015,-0.36279822456701605,907943.95,0.7502566650727724,-0.012686452605167986,-0.013864409941880318,-0.015508172037103973,0.0,0.0,1.0,0.0,0.0,0.6691167950630188,1.0
2022-04-25,2988.97802734375,3012.36969647605,2955.0839761520497,2992.224124923633,1096774,-0.010681262719660967,-0.0006304404181723289,0.018057212407869495,53.401996460826105,13.655374482717889,10.644047702790818,2958.8839890705462,3070.3990038776574,2856.997407255155,74.29798228344124,0.6100829282829632,900586.8,1.2178437436569134,-0.012695122564301942,-0.037603226677089374,-0.040600110352591035,0.0,0.0,0.0,0.0,0.0,0.0,0.0
2022-04-26,2984.251953125,3006.2592653269776,2965.3000660058347,2988.405261343305,1703441,-0.001581167267044159,-0.0024129575068073785,0.01705855805987993,52.89972976598571,13.861963215377273,11.287630805308108,2961.2999856471606,3071.460772302903,2863.449652501785,71.91664064327708,0.5531376564360571,931595.1,1.8285207811848732,0.014560121616207233,0.035710130774456506,0.026094587342736064,0.0,0.0,0.0,0.0,0.0,0.0,0.0
2022-04-27,3005.924560546875,3020.8664902453093,2946.3472813113985,2955.9426845131093,963536,0.007262324951879506,-0.00016470107596230354,0.016659957583740764,54.990362346960225,15.594718361908235,12.149048316628134,2965.549945161419,3072.1978984279795,2874.255568368895,72.10253837832234,-0.4343590414930719,945755.3,1.0188005290586264,-0.009441443610115341,-0.003022514545983679,0.003143173995325599,0.0,0.0,0.0,0.0,0.0,0.0,0.0
2022-04-28,3100.780517578125,3120.1622329023567,3026.595556395493,3045.6907964989346,2001838,0.03155633320817364,0.0039030743274852675,0.019027818524666118,62.777798521625776,24.34142944089217,14.587524541480942,2978.4290472963435,3091.340117367169,2874.695527164081,75.11219080526227,1.0775954401288588,989800.4,2.022466347760619,0.012128508890934642,0.008533614225728625,0.02155332937375576,0.0,0.0,0.0,0.0,0.0,0.0,0.0
2022-04-29,3090.755859375,3129.7102001263843,3075.575235047286,3102.02209890501,1088970,-0.0032329467198003448,0.005113989033067257,0.018025919785739433,61.565482298676415,30.117182715163835,17.693456176217524,2989.1268389228826,3106.6389945553274,2874.2575386477974,73.61381753910771,-0.4560149222864188,1001771.65,1.087044138252465,-0.008263240381694681,-0.01191272774617258,0.01626545273320823,0.0,0.0,0.0,0.0,0.0,0.0,0.0
2022-05-02,3055.23876953125,3066.218533859253,3011.3674969442563,3050.4649589538576,595522,-0.01149139286948797,0.005883253984403991,0.017009248297729124,57.34050996634508,31.46585765516147,20.44793647200631,2995.4232132665365,3113.2769832811887,2879.081537226624,74.02628503136741,-0.45313277684417386,958304.65,0.6214328606252719,-0.0019559171203674675,0.0021408725792253502,-0.016096529776689183,0.0,0.0,0.0,0.0,0.0,0.0,0.0
2022-05-04,2960.573974609375,3050.1782524973232,2942.051451115362,3034.233772996663,1120002,-0.030984417933528352,0.0037892896149147705,0.020181143648497556,47.9043128209705,24.612318965891063,21.280812970783263,2992.1042381563307,3113.2680319506912,2877.8206887524334,76.82350170169032,0.8807063383048821,982435.15,1.1400263925817393,-0.022936183451936376,-0.03271872703204037,0.049252149269534806,0.0,0.0,0.0,0.0,0.0,0.0,0.0
2022-05-05,2937.373291015625,2985.4932060713604,2931.1195528422736,2964.2975347514816,724601,-0.007836549193745879,-6.337887122935815e-05,0.01803878874863188,45.91023573196465,17.111488321908382,20.446948041008287,2986.8917670000733,3113.77714562805,2873.3540799578873,75.21994109650436,-0.35303597672147013,975002.0,0.7431789883507931,0.00030284821366977077,-0.01615711214243476,0.006900328131851152,0.0,0.0,0.0,0.0,0.0,0.0,0.0
2022-05-06,2879.801025390625,2914.3155801646994,2868.00962086708,2883.381383068276,923941,-0.019599914590730738,-0.004464161777119069,0.016725709498416567,41.31438567617812,6.447107074379346,17.6469798476825,2976.6926487515543,3117.591253192038,2857.6483952454623,74.801636028793,0.2751031257202239,980905.35,0.9419267618430259,-0.0162684216398562,-0.035562424093656064,0.013435508054721046,0.0,0.0,0.0,0.0,0.0,0.0,0.0
2022-05-09,2869.298583984375,2901.330896635617,2840.4170326440444,2865.097724300624,998324,-0.0036469330046250414,-0.005023592613857031,0.016580358693977105,40.51756373839748,-2.8194502781652773,13.553693822512944,2966.4646425832516,3119.7255508837684,2841.3120223584187,73.8096523118487,0.08050622279994069,994002.6,1.0043474735377955,-0.006666182687180999,-0.012740369391679995,-0.057389420618114695,0.0,0.0,0.0,0.0,0.0,0.0,0.0
2022-05-10,2946.7294921875,2996.7589226598657,2898.657137139101,2912.9785656822783,2460016,0.02698600579086574,-0.00125686576280436,0.019220641384516204,48.416672698586005,-3.870618486568219,10.068831360696711,2964.5851044503224,3116.389739069303,2838.0933419853845,77.64184419496597,1.4641459085427178,1065741.2,2.3082677107725593,-0.003790968888092272,-0.029408129406947925,-0.032848813259734766,0.0,0.0,0.0,0.0,0.0,0.0,0.0
2022-05-11,2915.509033203125,2968.8803715178033,2844.236139593452,2950.596538449872,1883969,-0.010594952494671794,-0.0021582442855671235,0.019447557278837072,45.77702173758297,-7.140594654451434,6.626946157667081,2959.9111929029705,3105.9792233700314,2833.9341799502813,80.99915760420777,-0.23416392413707876,1125994.75,1.6731596661529728,-0.0044919933245182175,0.007287154331471202,0.04928755706501975,0.0,0.0,0.0,0.0,0.0,0.0,0.0
2022-05-12,2902.4287109375,2938.7574518527085,2852.828871389179,2904.3860196672968,1254245,-0.004486462609671338,-0.003333123041722208,0.019168079460723127,44.67799296331741,-10.664612007692995,3.1686345245950664,2954.436670811021,3101.7862895538833,2826.9086323211163,81.35125923701648,-0.33425390757491236,1155074.4,1.08585646084789,-0.022211752141785834,-0.021449452837154714,-0.000558135864533349,0.0,0.0,0.0,0.0,0.0,0.0,0.0
2022-05-13,2925.390869140625,2975.277185365363,2897.989245412497,2935.320301045442,1121729,0.00791135992990788,-0.0056976203695487835,0.015491908983818524,47.07992610831934,-11.472321108613414,0.24044339795337022,2951.6704039852693,3099.2871962583768,2823.2352158509984,81.06102214529145,-0.10565399901933037,1171447.6,0.9575579821069248,-0.0016352232651188903,-0.0027237037431095956,0.03815734034399809,0.0,0.0,0.0,0.0,0.0,0.0,0.0
2022-05-16,2864.190673828125,2950.119261126367,2850.155717855321,2950.119261126367,733044,-0.02092034810051846,-0.007466360507620595,0.016173935143644815,41.862963293617135,-16.85646978972045,-3.1789392395813936,2943.3390011131605,3101.6162249924337,2813.1965191481913,82.41120222570247,-0.34650526107464463,1152032.3,0.6363050758212248,0.0038112305721171857,0.026141208151546858,0.024114699582424848,0.0,0.0,0.0,0.0,0.0,0.0,0.0
2022-05-17,2912.023681640625,2918.325203173786,2817.5022572201588,2863.235257211396,1179081,0.01670035736432629,-0.0046471854842391695,0.017772380229949446,46.82279605677224,-17.066984859223794,-5.956548363509874,2940.3565897348235,3100.7097909535946,2816.8191641245307,83.7263267776971,0.6084723427243113,1159361.15,1.01700923823435,0.026321935902047233,0.01951840863632759,-0.0202205672425555,0.0,0.0,1.0,0.0,0.0,0.737258791923523,1.0
2022-05-18,2959.857421875,2987.259041438106,2889.1094727441546,2892.9285202957,1379763,0.016426288198118533,9.388512892551936e-05,0.016222006540170728,51.29742850154432,-13.221625822511669,-7.409563855310234,2942.213811843412,3097.842651747927,2830.083666611448,84.75655834314385,0.1702020471875978,1190860.2,1.1586271839465287,-0.0011685620062508173,-0.01752863773389912,-0.025194315082064933,0.0,0.0,0.0,0.0,0.0,0.0,0.0
2022-05-19,2909.064453125,2932.7425990418274,2864.7158016646904,2864.7635863873547,772390,-0.017160613337186992,-0.0008385212854185919,0.016978789307904307,46.7946364918915,-14.110067094916303,-8.749664503231447,2939.056730060706,3098.00108012933,2826.478558542545,85.49834847651285,-0.4402009620492795,1187570.6,0.6503950165152286,-0.026532725334179386,-0.026066020377231713,0.02685363659413098,0.0,0.0,0.0,0.0,0.0,0.0,0.0
2022-05-20,2969.261962890625,2983.631177259544,2931.119268539776,2940.6668883070065,778957,0.02069308216975352,0.0031907783906298336,0.016811970229769758,52.15486926251103,-9.843260280370032,-8.968383658659164,2941.933418901651,3093.5567242961642,2826.3114397663358,84.71751816637222,0.0085021815404136,1173066.7,0.6640347049319532,0.028891038794289337,0.042094274217305605,0.0045519647631473426,0.0,0.0,0.0,0.0,0.0,0.0,0.0
2022-05-23,3030.60546875,3043.7812308604152,2988.452820036629,3001.723918488542,813294,0.020659512911301414,0.00562142298222248,0.01745821406286228,56.91806260687169,-1.49464751916139,-7.47363643075961,2950.378376030065,3094.942340204284,2825.8614928035286,83.98907172375922,0.044080738731406166,1179671.85,0.6894239275100105,-0.0031630222318707046,-0.010597182718763642,0.007729854230100974,0.0,0.0,0.0,0.0,0.0,0.0,0.0
2022-05-24,2947.207275390625,3039.6280537264447,2931.119441892896,3031.1307648695347,691307,-0.027518657317599726,0.00017095667137593252,0.018522799278537956,49.67719999372635,-1.5895259084873032,-6.296814326305149,2950.0763664453566,3092.3103137255407,2824.316444086959,85.74046744588705,-0.1499912700696181,1159398.5,0.5962634935270315,-0.005522754266735541,-0.012096743802001209,0.0012343448413736358,0.0,0.0,0.0,0.0,0.0,0.0,0.0
2022-05-25,2709.662353515625,2901.521731702443,2698.443899962646,2901.521731702443,3381427,-0.08060000525192634,-0.006829548604349522,0.031632998921144934,35.73323404387466,-20.59519903079672,-9.156491267203464,2927.179793785382,3116.141727712143,2773.0260701394195,97.38496087317934,3.891353624366598,1243297.8,2.7197241079329504,-0.006161219184365629,-0.028826499471859002,0.0041387920993976035,0.0,0.0,0.0,0.0,0.0,0.0,0.0
2022-05-26,2711.667724609375,2730.619847206981,2595.5687828516034,2721.0722253636,3212196,0.0007400815423177498,-0.006306894189150614,0.0317190744556507,35.89681866440543,-35.09100792506206,-14.343394598775184,2906.6548348162382,3126.501856499063,2733.2402577587495,100.07539683619349,-0.05004721379464938,1355730.8,2.3693464808795373,0.009007387318995308,0.01392169063048665,0.02955365064157034,0.0,0.0,0.0,0.0,0.0,0.0,0.0
2022-05-27,2706.60693359375,2739.2119600611322,2655.1929107459073,2738.2571981370957,1879534,-0.0018663020434607214,-0.007284660386487474,0.03138098681252659,35.650199779691576,-46.451935454008435,-20.765102769821837,2887.60265374743,3113.2320904798657,2707.092665379509,98.92851487041003,-0.4148756800643547,1349615.6,1.3926439498772836,0.011273847198922216,0.004792761926206257,0.017291301132133174,0.0,0.0,0.0,0.0,0.0,0.0,0.0
2022-05-30,2715.34326171875,2753.533743599464,2689.5646864492683,2749.7146954113923,2525482,0.0032277786687704424,-0.004869847709558584,0.031143330287846507,36.461723125425145,-54.12666520085759,-27.437415256028988,2871.196997363746,3093.619487169273,2689.164008924477,96.43141074753757,0.34367454911696194,1421441.2,1.776705220025985,0.018893205092962884,0.04060848202177514,,0.0,0.0,0.0,0.0,0.0,0.0,0.0
2022-05-31,2730.284912109375,2747.8048870984567,2683.835836564893,2715.342980857544,2408221,0.005502674597821278,-0.005989615986209085,0.030475746012042636,37.9040750300113,-58.33087548189087,-33.61610730120137,2857.776798768092,3074.297316769263,2675.9907935823,94.11267073225373,-0.04643113670974486,1512076.15,1.5926585443464605,-0.004612433983534836,0.020069390438606893,0.02855225675292128,0.0,0.0,0.0,0.0,0.0,0.0,0.0
2022-06-01,2723.458251953125,2806.9043466973785,2703.933418203403,2730.284706129723,1770795,-0.002500347171085493,-0.007882279523129487,0.02950107406469984,37.485385426999045,-61.50460998255039,-39.19380783747118,2844.9845562142855,3068.8164795080734,2657.760058577864,94.74540342951957,-0.2646875016869299,1544615.8,1.1464307175933328,-0.0037264067061659745,-0.01117319885140644,-0.05332135800742366,0.0,0.0,0.0,0.0,0.0,0.0,0.0
2022-06-02,2776.97314453125,2786.950361109542,2719.1622570880354,2740.3579275008724,1164197,0.019649610027892672,-0.004201257186621521,0.03049451416640203,42.81773581482018,-59.02125259099421,-43.15929678817578,2838.507278911139,3061.1247779498945,2649.411745487606,92.81988204323294,-0.34255687417233505,1566595.6,0.7431381780977809,0.006370004993115463,0.00908863088671219,0.011350930298668294,0.0,0.0,0.0,0.0,0.0,0.0,0.0
2022-06-03,2756.302001953125,2787.3795480349254,2726.799952844637,2773.583285368932,1228489,-0.0074437675491507704,-0.00701494215851195,0.029213497752569352,41.35052455170114,-58.05197538058246,-46.13783250665712,2830.678204915138,3059.0049062309786,2639.181714862771,90.51700441087975,0.05522433059009768,1581823.0,0.7766286114185974,-0.002628050201467391,-0.0096153403282081,0.017940656401678856,0.0,0.0,0.0,0.0,0.0,0.0,0.0
2022-06-06,2689.994140625,2742.0764541572885,2680.6852111584144,2741.217261598849,1193698,-0.024056820073104834,-0.011486575456952575,0.027899524397264296,36.973808580012715,-61.92052518913488,-49.29437104315267,2817.2797226017915,3060.8592273865047,2619.396949371308,89.45270343829624,-0.028320155898831856,1591591.7,0.7500026545752909,-0.0008893953501298846,-0.008234007750422045,-0.0017540852182712507,0.0,0.0,0.0,0.0,0.0,0.0,0.0
2022-06-07,2620.535400390625,2677.152837620019,2607.4552066834062,2673.3337893495195,1403598,-0.02582114926772172,-0.011316824651964773,0.02779611355434398,33.0299460364009,-69.7866614374484,-53.39282912201182,2798.54216810549,3058.4023298236352,2589.2344377544896,88.95886275996034,0.1758401203654525,1538770.8,0.9121553385338479,-0.009245946006475991,-0.016728624535315983,0.008869530078206012,0.0,0.0,0.0,0.0,0.0,0.0,0.0
2022-06-08,2582.822021484375,2649.464453270561,2577.85730588487,2646.504597940146,1743575,-0.014391478512607914,-0.004695971978032931,0.01384257859548912,31.09079080721463,-78.16277377907636,-58.34681805342473,2777.997392236812,3059.883925467273,2554.4841409389774,87.7194545189411,0.24221821347707828,1531751.1,1.1382887206674766,-0.0036609606157923524,0.018903591682419618,0.024964768548138894,0.0,0.0,0.0,0.0,0.0,0.0,0.0
2022-06-09,2580.03759765625,2590.4084966910477,2529.095540917134,2573.507754972157,1857501,-0.0010780548581991178,-0.004877785618084618,0.013775021371080106,30.94633383818791,-84.05663037742079,-63.48878051822395,2759.144078467235,3058.127515341133,2524.001439736992,85.83327603715345,0.06534046427598472,1561913.9,1.1892467312058623,0.00744972774168895,0.0025973724006647103,-0.004126898597458295,0.0,0.0,0.0,0.0,0.0,0.0,0.0
2022-06-10,2601.114990234375,2627.282183029534,2546.6200107435393,2559.1034421687527,1592920,0.00816941295633522,-0.003874214118105024,0.01437145984901953,33.466411382940905,-86.0350265336815,-67.99802972131546,2744.0936891117244,3046.6567971250497,2503.0445700624505,85.46391148349925,-0.1424392234512929,1585473.45,1.004696735855148,-0.016767698414100085,-0.011966384732325475,-0.008612964664192924,1.0,0.0,1.0,0.4916667640209198,0.0,0.6249149441719055,2.0
2022-06-13,2555.0224609375,2576.3883351293102,2537.497642780172,2563.8568429289194,1674206,-0.017720296668899627,-0.005969021651872031,0.014743146197286765,30.817750050503093,-90.28149279336685,-72.45472233572575,2726.086905476084,3043.981935865136,2474.8026100333013,83.90344262426379,0.05102955578434565,1632531.55,1.0255275005251812,-0.026379749115209128,-0.03146461660488464,0.002130927811521799,0.0,0.0,1.0,0.0,0.0,0.7429224252700806,1.0
2022-06-14,2530.6796875,2560.4000462705394,2482.2824749935107,2513.0109234266993,2296040,-0.009527420525519803,-0.007472031164206139,0.014199824920314342,29.490292721866226,-94.52152101698493,-76.86808207197758,2707.4766942402666,3032.454605786696,2448.195540697679,83.49016609946128,0.3714202433870144,1688379.5,1.3599075326370642,-0.00268160945598539,0.008121680667561026,-0.00899647096034717,0.0,0.0,0.0,0.0,0.0,0.0,0.0
2022-06-15,2555.40673828125,2576.9648550663155,2522.7099329419625,2544.6998872484305,928842,0.0097709128908674,-0.0062449051580108494,0.015174021460364269,32.66321172900123,-94.79378385331574,-80.45322242824523,2692.993841291789,3004.5386969815945,2435.6663811434055,81.40193438695356,-0.5954591383425376,1665833.45,0.5575839529455962,-0.0025393443813560568,-0.00613809180686542,-0.021952596128672508,0.0,0.0,1.0,0.0,0.0,0.8350603580474854,1.0
2022-06-16,2551.853271484375,2617.1512171274967,2535.096713203548,2587.8631679787436,1280628,-0.0013905679842047824,-0.008348922959220595,0.012387395516421295,32.43731001267224,-94.21029158804504,-83.2046362602052,2679.5518822625118,2981.7919251848416,2422.692034776096,81.44854649673893,0.3787361036645629,1691245.35,0.7572100641695777,-0.021128447854290244,-0.028049391984777294,0.010969499611255706,0.0,0.0,1.0,0.0,0.0,0.5342562794685364,1.0
2022-06-17,2477.673095703125,2551.4214168918406,2458.2758100275164,2544.795689148406,2043251,-0.02906913834356173,-0.01051146003866169,0.013995120031162532,28.072528966046292,-98.59702487173081,-86.28311398251033,2660.3253311616177,2945.16558001086,2410.1594932313274,82.3148975653189,0.5955070481045237,1754460.05,1.164603890524609,-0.00436829362663993,-0.0001324286707183875,-0.05583836865316638,0.0,0.0,0.0,0.0,0.0,0.0,0.0
2022-06-20,2554.974853515625,2567.1223360405265,2485.499880846668,2496.6868647533215,1595360,0.031199336969255365,-0.004985844334425671,0.018299240972855794,37.5092206733983,-94.74378935827372,-87.97524905766302,2650.2919523381897,2871.5788337091562,2436.1831780095936,82.82449347761052,-0.21920508053097731,1793563.35,0.8894918598777121,0.0037042135956451006,-0.01827086987422455,,0.0,0.0,0.0,0.0,0.0,0.0,0.0
2022-06-21,2571.923095703125,2602.3153565527696,2535.096878708233,2568.6580575441517,1042074,0.006633428178042244,-0.0017403865898492743,0.017027192578608075,39.3868581598519,-89.29317481444559,-88.23883420901953,2642.8282517062785,2808.6659882395466,2461.5676055104536,81.7097780752481,-0.3468094975428744,1811101.7,0.5753812720732359,0.018804337854487096,0.03654750584752198,0.013525448569202014,0.0,0.0,0.0,0.0,0.0,0.0,0.0
2022-06-22,2560.400146484375,2600.346990347362,2521.9895844395032,2581.1897694153754,1871760,-0.004480285292356223,-0.0007492672678241052,0.016488923308755038,38.53900627762724,-84.92437390081068,-87.57594214737776,2634.977955970859,2800.5745855638847,2454.7327874829903,81.47032292043457,0.7961872189499017,1735618.35,1.078439854015141,-0.014419265085317434,-0.021857908309405483,-0.025381627766071335,0.0,0.0,0.0,0.0,0.0,0.0,0.0
2022-06-23,2648.60009765625,2657.9626715846475,2568.658120267627,2568.658120267627,1612872,0.03444772149891495,0.0028033103678873016,0.019887106837588268,47.80128492480703,-73.49783150860185,-84.76032001962258,2636.2753027980393,2793.432068849844,2455.5685415017183,82.61976593328015,-0.1383126041800231,1655652.15,0.9741611485238612,0.009300447519609234,0.0166267627067882,-0.015124349779137458,0.0,0.0,0.0,0.0,0.0,0.0,0.0
2022-06-24,2651.192626953125,2674.1430758588185,2617.679509111878,2664.732442327755,2215583,0.000978830023894206,0.0020842520746432005,0.019801336623156106,48.049113419745645,-63.50101867611147,-80.50845975092037,2637.696000336619,2786.9610325130093,2456.498147174491,80.75146599139875,0.37368805460073706,1672454.6,1.3247492637468306,0.009166472588529428,0.002747660152603082,0.027896407175748594,0.0,1.0,0.0,0.0,0.3846975266933441,0.0,1.0
2022-06-27,2708.85693359375,2715.2906560988704,2655.130204729523,2669.438045872529,1295734,0.021750327024293137,0.0060313144439624765,0.0193436114291251,53.3539760551437,-50.345097908086245,-74.47578738235354,2644.4732320753933,2785.92439030676,2456.88615656824,79.56193478813779,-0.41517243994018727,1610967.2,0.804320534893572,0.008458990377725017,0.008611658893126206,0.01741507729381775,0.0,0.0,0.0,0.0,0.0,0.0,0.0
2022-06-28,2618.15966796875,2674.143103318981,2596.8418550991078,2669.533789456492,1838358,-0.03348174815001215,0.003635881681513242,0.022679909436913608,45.486498868140046,-46.69912877606566,-68.92045566109597,2641.967178350951,2772.5535032210128,2459.0445192399247,81.88001648145953,0.4187773107752053,1582474.05,1.1616986705090044,0.0011464333961117568,0.006727053307931774,0.02511084465202562,0.0,0.0,0.0,0.0,0.0,0.0,0.0
2022-06-29,2590.600341796875,2610.9578923039235,2571.587067153331,2598.9545919531333,1066354,-0.010526220577393719,0.0016061683346871303,0.022976156235803753,43.39265630651732,-45.50888121595881,-64.23814077206855,2637.075098679134,2758.167359197609,2460.144872247703,79.35805821959949,-0.41994214402200225,1547252.0,0.6891921936439571,-0.0032239710103227903,0.0021845440508410086,-0.014578752091568226,0.0,0.0,0.0,0.0,0.0,0.0,0.0
2022-06-30,2588.103271484375,2618.591650958373,2573.50730678156,2606.9725981846987,1291447,-0.0009638963881121176,0.0016488354942963968,0.02297036834609583,43.19862211390611,-44.256927839482614,-60.241898185551364,2632.411115136776,2727.398822620645,2472.02642151998,76.90993578797188,0.21108656224855915,1553614.5,0.8312531841071257,-0.001193081241402827,-0.011924667953577939,-0.012472084560411711,0.0,0.0,0.0,0.0,0.0,0.0,0.0
2022-07-01,2662.9560546875,2669.5339569543394,2578.3088756915113,2597.418035780258,1477191,0.02892186877851821,0.0074479362065043905,0.021635025960268728,50.36373433403993,-36.80053804011959,-55.55362615646501,2635.3201569987496,2705.10226782147,2484.9883815925928,77.93244617903304,0.14382626619598016,1566049.6,0.9432593961264062,-0.0017870563085186086,0.015831835704062547,-0.027697938966968927,0.0,0.0,0.0,0.0,0.0,0.0,0.0
2022-07-04,2679.424560546875,2686.8185461125486,2635.7325505940084,2664.8764209648375,653147,0.006184295016955277,0.004946432011274382,0.019965419140740712,51.80420430607224,-29.22553088613722,-50.288007102399455,2639.520576384285,2702.832722317788,2486.200969088462,76.01484256042639,-0.5578452617163251,1539022.05,0.42439093059128036,0.005288188249805481,0.003065948456168366,,0.0,0.0,0.0,0.0,0.0,0.0,0.0
2022-07-05,2656.66650390625,2700.550522276424,2650.3286676643143,2674.3352679148966,1073043,-0.008493635900680085,0.003433725603402149,0.020391905572326653,49.659473080300366,-24.773099248096514,-45.18502553153887,2641.1535218625672,2707.4827348357903,2485.1640669220224,74.17248627840377,0.642881311557735,1522494.3,0.7047927864163432,-0.0015471713984448465,-0.0019103412846158685,-0.07936935257857203,0.0,0.0,0.0,0.0,0.0,0.0,0.0
2022-07-06,2747.69921875,2754.997318667945,2693.6843706583054,2718.0752160602665,2085735,0.03426576678325999,0.00730833081096377,0.022311745425895736,57.27852763811052,-13.740543370380237,-38.896129099307146,2651.3007310899416,2733.5285837118045,2475.6059377725705,75.89808117006741,0.9437571467313053,1539602.3,1.3547232294989426,0.011318189707300252,0.022712756814742052,-0.020239313706355788,0.0,0.0,0.0,0.0,0.0,0.0,0.0
2022-07-07,2776.507080078125,2815.4938900669704,2762.4873671282226,2786.1097195394723,1469087,0.01048435765150102,0.004911994426222377,0.020266124429259395,59.374016792859656,-2.6421526095791705,-31.645333801361552,2663.2251452792925,2762.84052323388,2465.940946492682,75.31926618056049,-0.2956502144328018,1520181.6,0.9663891471913618,0.00894949203151052,0.026200873362445476,0.03932862239006374,0.0,0.0,0.0,0.0,0.0,0.0,0.0
2022-07-08,2765.368408203125,2773.2425263832183,2727.6299848308627,2765.560414121769,1274148,-0.004011757057967413,0.004412935718036215,0.02043448924635258,58.185618720927856,5.194722766940686,-24.277322487701106,2672.953075081562,2784.748866088129,2460.457945435309,73.4305396853249,-0.1326939793218509,1504243.0,0.8470360174519675,0.005436047866567373,-0.0006079027355623268,0.022646871310378458,0.0,0.0,0.0,0.0,0.0,0.0,0.0
2022-07-11,2816.502685546875,2823.7046663484102,2738.0491549033827,2759.7990431482267,1081885,0.018490945796612923,0.0040869975952681934,0.020151255904343895,61.95070961127799,15.354613374063774,-16.35093531534813,2686.624466554449,2815.1582810011932,2456.1965529831814,74.30375195387509,-0.15089534339809818,1474626.95,0.7336669114856473,-0.00028356592763323363,0.014720164946395942,0.0007475409602328842,0.0,0.0,0.0,0.0,0.0,0.0,0.0
2022-07-12,2778.23583984375,2807.091820782619,2770.7457335349723,2803.9709626905833,1115524,-0.013586653369618507,0.006076507073307558,0.016719994127538274,57.759238524699974,20.08703441046009,-9.063341370186487,2695.349359248668,2830.976563455527,2465.1338857632227,72.26469481516278,0.03109295350245178,1415601.15,0.7880213999543587,-0.0097249750439381,0.0009591761797653753,-0.07105509541338029,0.0,0.0,0.0,0.0,0.0,0.0,0.0
2022-07-13,2824.32861328125,2850.975941011324,2809.7807065125103,2831.8187198554347,2153712,0.01659066259835318,0.008788195390882247,0.015907329541472403,61.16733762812368,27.242776016207245,-1.8021178929077406,2707.6330977279613,2854.4643706873485,2468.5382660314017,72.29865241176357,0.9306729393540614,1476844.65,1.4583199390673895,-0.005707292501522909,0.0027548062351332447,0.0008041193363399479,0.0,0.0,1.0,0.0,0.0,0.86623215675354,1.0
2022-07-14,2822.35986328125,2837.4361957474302,2796.672801085964,2834.7954697273544,882479,-0.0006970683194378324,0.008814878197749676,0.015889367556589422,60.94116832174653,32.381616009129175,5.034628887499642,2718.5594563520845,2873.202218744028,2476.8510771544097,70.04613400102807,-0.590252085701338,1456937.2,0.6057083311483844,-0.0017536552323109689,-0.0022694987892483143,-0.004720309552512347,0.0,0.0,0.0,0.0,0.0,0.0,0.0
2022-07-15,2859.81005859375,2866.3879605872917,2823.6081536846073,2832.73066143187,1668006,0.013269107104209255,0.00724960203031878,0.014388638273413744,63.691414781582,39.02623140162768,11.83294939032525,2732.0118946608145,2886.1037206829565,2502.163271504544,68.18770280852904,0.8901367624612031,1438174.95,1.1598074351107284,0.0069359576863876615,0.005626735634762348,0.020787136424893493,0.0,0.0,1.0,0.0,0.0,0.6714280247688293,1.0
2022-07-18,2897.93310546875,2904.798900002055,2869.653140196487,2875.7509110020346,823390,0.013330621997233782,0.00796423472834663,0.014506830299868762,66.2932925864679,46.828538010831835,18.832067114426568,2747.8139147377606,2911.5567044681093,2511.0061129147034,66.53064127994159,-0.5063626869447712,1399576.45,0.5883137001912258,0.014287304158276504,0.012142871675037137,0.0505139659546201,0.0,0.0,0.0,0.0,0.0,0.0,0.0
2022-07-19,2899.133056640625,2902.877992362105,2859.810059367854,2864.8995053161207,638171,0.0004140713840532495,0.008855005456819965,0.013631017994589465,66.37496979889303,52.50352034217167,25.56635775997559,2762.2252615856523,2933.100006994119,2522.1838064824433,64.8547335452494,-0.22494686600517377,1379381.3,0.4626501751183665,0.003811764271124396,0.025523420248725115,0.010162810437287728,0.0,0.0,0.0,0.0,0.0,0.0,0.0
2022-07-20,2886.98583984375,2923.715940183847,2880.792183537039,2912.4808975559463,867436,-0.004189948015339007,0.005009433976960065,0.010795172192305682,64.66667430893068,55.38239210695065,31.529564629370604,2774.107221419757,2945.541490157347,2542.400892655153,63.28823519536075,0.35925324090251665,1329165.1,0.6526171955613339,0.01103388850696918,-0.0017203807294396967,-0.004005592093971444,0.0,0.0,0.0,0.0,0.0,0.0,0.0
2022-07-21,2944.265869140625,2962.366706874781,2862.5472999453928,2862.5472999453928,1184060,0.019840772513098015,0.005945075463119764,0.011690743002616402,68.75087979748525,61.576127113214625,37.53887712613941,2790.3128069169825,2973.13933330612,2544.3696266548172,65.89760460493413,0.36501136683282676,1307724.5,0.9054353573707612,0.005108719746296009,0.006433795299704004,-0.02861950627569798,1.0,0.0,0.0,0.6675342321395874,0.0,0.0,1.0
2022-07-22,2945.513671875,2969.856457819799,2926.8846442275476,2944.2655162384062,1268141,0.0004238077639160398,0.00638863194530811,0.011350182118966675,68.83539058354381,65.82658607285111,43.19641891548176,2805.0938416748886,2996.532194702898,2550.4088697502275,64.2600481040282,0.07101075958988567,1260352.4,1.0061797002171775,0.006877295960614926,0.003424657534246478,-0.006354743483831582,0.0,0.0,1.0,0.0,0.0,0.6773711442947388,1.0
2022-07-25,2981.57177734375,2993.335011807055,2930.38965724001,2947.5304640908957,985844,0.01224170365021493,0.0057637077306683104,0.01076685682128397,71.25465597313269,71.28298727722085,48.81373258782958,2821.9012641195422,3025.515614887331,2548.696933940794,64.1661414228151,-0.22260694985809937,1244857.9,0.7919329587738488,-0.005290199311757782,-0.004550625711035261,0.01889539375291549,0.0,0.0,0.0,0.0,0.0,0.0,0.0
2022-07-26,2984.980712890625,3024.639663893808,2931.686059660633,2972.9774126136,2876310,0.001143335059976991,0.00723670657362786,0.008618719712097222,71.48006480438904,75.01754162880252,54.05449439602417,2837.4326401929784,3045.4800418252526,2565.41461149506,66.22238876641225,1.9176117113863858,1296755.5,2.2180819745896585,-0.00884795806776506,-0.01005712890624999,-0.0071326675141836215,0.0,0.0,0.0,0.0,0.0,0.0,0.0
2022-07-27,3059.449462890625,3066.123251454533,2972.9776343574176,2995.0156484218815,1976407,0.02494781613777497,0.00807242192757004,0.00993167588204428,75.92192717101749,83.0291008315653,59.849415683132406,2858.577099497516,3071.9722399736597,2585.807325456028,68.14547650431963,-0.31286718051948503,1342258.15,1.4724492453258713,0.0095821774414373,0.010736536206312097,0.021264379197856842,0.0,0.0,0.0,0.0,0.0,0.0,0.0
2022-07-28,3142.367919921875,3149.6660203301317,3055.560145332463,3070.9243698218784,1332572,0.02710241108310618,0.010852369867824441,0.011033781939500525,79.7110447272668,94.97434064440995,66.87440067538792,2885.6047966807882,3109.733550088862,2603.472480184575,69.99979068241599,-0.3257603317535305,1344314.4,0.9912651385717508,0.017293731123692924,0.020673872742361432,0.0048771021353501975,0.0,0.0,0.0,0.0,0.0,0.0,0.0
2022-07-29,3201.2802734375,3221.0618066232037,3144.864760557274,3154.8514128913494,1836550,0.01874775806554485,0.011400234963958,0.011299921677621347,81.89146188755008,107.95037906148173,75.08959635260669,2915.669127800475,3161.795692021188,2605.2427601272493,70.62079754090975,0.3781994518870275,1362282.35,1.3481419619067956,0.013505953826479233,0.009288327053369239,0.026787406784877454,0.0,0.0,0.0,0.0,0.0,0.0,0.0
2022-08-01,3192.4462890625,3221.686286112643,3182.7955872787943,3207.3303836779237,1076122,-0.0027595160749590564,0.009791221156738717,0.012110954501107397,80.49451108753165,116.18188187045234,83.30805345617583,2942.0288574444776,3201.680377473177,2616.660247526823,68.3543619189768,-0.414052435272658,1383431.1,0.7778645427300283,0.010595531668439406,0.00376977856399896,-0.09071905429630744,0.0,0.0,0.0,0.0,0.0,0.0,0.0
2022-08-02,3261.20068359375,3269.4590482602152,3193.4542419200475,3198.6395740523612,1650536,0.02153658614925069,0.011903472633258461,0.012135730387296637,82.93451066421747,126.79173597831641,92.00478996060394,2972.4261742205986,3245.8949238101795,2632.89911915857,68.97281886745813,0.5337814857423229,1412305.75,1.1686817815476571,0.000311327663805816,-0.01690046172459203,0.005098491876978972,0.0,0.0,0.0,0.0,0.0,0.0,0.0
2022-08-03,3302.97216796875,3310.990466615837,3237.290200283828,3268.73884813234,1169005,0.012808621249572827,0.013603329559749643,0.010741454166183084,84.22558240154598,136.9915778536706,101.00214753921729,3003.906745053756,3298.740902919485,2635.5804349711398,69.31049368635459,-0.291742197686085,1366469.25,0.8554930892151433,0.002461808358865669,-0.007640435722436778,-0.03739807143417062,0.0,0.0,0.0,0.0,0.0,0.0,0.0
2022-08-04,3322.99365234375,3338.789948637784,3275.3644630163844,3317.7122002160545,981434,0.006061657003701759,0.012225418008810019,0.0107362018235405,84.81843827331674,145.0189048246325,109.80549899630034,3034.2959743194697,3348.056263431486,2640.913731685702,68.89013596742925,-0.16045354810287382,1342086.6,0.7312747180398045,-0.0003537116074355806,-0.01143572971184037,-0.027484976919465165,0.0,0.0,0.0,0.0,0.0,0.0,0.0
2022-08-05,3335.861328125,3353.1941418355755,3314.399566379438,3336.917712399679,792478,0.003872314282687306,0.012570268660687145,0.01036394060688912,85.20333839991056,150.68196527930786,117.98079225290185,3063.0164842057106,3389.8429787966875,2656.1763083126875,66.74045307376555,-0.19253052166523676,1318003.1,0.601271726902615,0.0008917270739845495,0.00309244334272174,0.008499738621101205,0.0,0.0,0.0,0.0,0.0,0.0,0.0
2022-08-08,3321.025146484375,3338.7900313540094,3299.995457630702,3327.3149228801653,724644,-0.004447481529144981,0.010901350142751154,0.011682581338093119,82.60297520930399,152.21814954706042,124.82826371173357,3087.58873775606,3424.0746815172797,2672.396851685845,64.74431883444713,-0.08559732888483973,1300141.05,0.5573579881967422,0.007334364671648164,0.0015985663776847403,0.018225910138076618,0.0,0.0,0.0,0.0,0.0,0.0,0.0
2022-08-10,3276.084716796875,3312.7669906597243,3261.0566783535105,3304.268560133813,1089295,-0.013532095574486647,0.00943380707930479,0.013778332205642133,75.12378432264563,148.10204141085933,129.48301925155874,3105.540735759947,3439.9788498835333,2706.2775710149044,64.40318664133409,0.50321399197399,1298829.6,0.8386742956889802,0.0005506610997998429,-0.008663972315700375,0.011317661664584922,0.0,0.0,0.0,0.0,0.0,0.0,0.0
2022-08-11,3269.891357421875,3339.7505726408153,3255.295389583615,3312.911237186865,1410533,-0.0018904759523604708,0.006749977870291246,0.013013272977168519,74.12766131771637,142.69534065416792,132.12548353208058,3121.193175918226,3453.1171657130035,2737.6955295994967,65.83547209961026,0.2949045024534218,1261670.65,1.1179882800634224,0.007085929368824795,0.012879499219724089,0.022587237307770014,0.0,1.0,0.0,0.0,0.7477570176124573,0.0,1.0
2022-08-12,3291.641357421875,3298.3151459650344,3248.57341917374,3263.9376446265273,548472,0.00665159713965191,0.004704896475945819,0.010893790403486389,75.36314887414882,138.5682065495903,133.41402813558253,3137.426336061431,3463.174847883832,2774.5659968427303,64.68591886330196,-0.6111597530862447,1244970.3,0.440550268548575,0.0022170219505635025,0.006471403594491276,-0.014558202514620922,0.0,0.0,0.0,0.0,0.0,0.0,0.0
2022-08-16,3361.884521484375,3369.9987060179437,3318.000500211219,3332.1163352044505,911189,0.02133985949110717,0.004964106618502051,0.011288736560084715,78.87217753019118,139.35901534956975,134.60302557837997,3158.8033061017113,3482.2247417071603,2805.7235493084645,65.66244955849959,0.6613227293280239,1207129.45,0.7548395078920492,0.007181519343531395,0.01974055273547659,-0.029022104947578176,0.0,0.0,0.0,0.0,0.0,0.0,0.0
2022-08-17,3383.682373046875,3404.760121975189,3365.341470426292,3378.1608547806704,817912,0.006483819245782785,0.0058884401505762355,0.010959680714531898,79.83214334951074,140.12931792035624,135.70828404677525,3180.2203600964885,3502.0859796462105,2834.4372381272274,64.03481748223633,-0.10236844386839616,1206855.55,0.6777215384227218,0.006675923198833145,0.0007743497865388971,0.01418675806737868,0.0,0.0,0.0,0.0,0.0,0.0,0.0
2022-08-18,3394.86962890625,3401.927429064047,3375.856353682949,3384.9308021369548,599877,0.0033062370004017794,0.004065405235691344,0.009484491137198585,80.3262078753514,140.0283466934252,136.57229657610526,3200.66314760218,3516.723222496874,2869.3736525031263,61.32312161786932,-0.2665751327771203,1204940.85,0.49784767443148764,0.0006826699360520383,0.015474742799932883,0.031393430476339024,0.0,0.0,1.0,0.0,0.0,0.712158739566803,1.0
2022-08-19,3344.16748046875,3397.89420502961,3326.354536165768,3380.129320815099,581829,-0.014934932406766688,0.0012910498700573925,0.01063118409051713,71.74756536677346,134.30885771784233,136.1196088044527,3214.3302269228057,3513.410034159726,2918.4050049027737,62.05287499258166,-0.03008616766437122,1190660.5,0.4886607055495668,-0.011029475746944017,-0.019484079869619864,0.0013459456231650346,0.0,0.0,0.0,0.0,0.0,0.0,0.0
2022-08-22,3216.644287109375,3347.0481832963033,3200.751871253156,3324.530039712452,2336567,-0.03813301639471123,-0.0031284174697839063,0.016170549599827142,55.64960390414606,118.1244009850243,132.52056724056703,3214.550613607241,3499.7265838501144,2959.326297009261,68.07026335333634,3.0158998606119667,1248285.85,1.871820464839844,-0.0150773300473388,-0.025088783184055385,-0.0024813674600963065,0.0,0.0,0.0,0.0,0.0,0.0,0.0
2022-08-23,3223.222412109375,3249.4854932792246,3185.0519160259096,3200.560086696613,831446,0.002045027181389436,-0.0033111461799136934,0.01609278808769066,56.19558701078262,104.62287475862786,126.9410287441792,3215.3764991788726,3480.292002556593,3006.5317523262197,67.81050006047768,-0.6441591445911887,1226451.1,0.6779283739889833,0.00496268217550444,0.003985424677009464,0.038764487288968974,0.0,0.0,0.0,0.0,0.0,0.0,0.0
2022-08-24,3244.58837890625,3250.4939092195896,3170.7919906183415,3206.8980137845756,1182154,0.0066287596898695345,-0.0022035220580122416,0.016384418799707666,58.00398851229891,94.55688005497859,120.4641990063391,3218.1585829624323,3460.7896537703155,3052.335761268747,68.65988709910413,0.4218049037460039,1236266.6,0.9562290205041534,0.001561611079505143,0.018146761685926993,0.009978048172218701,0.0,0.0,1.0,0.0,0.0,0.6371772289276123,1.0
2022-08-25,3228.88818359375,3269.843355551865,3218.0371518806896,3240.891485391496,615392,-0.00483888662567189,-0.001334201163130766,0.01594119051368171,56.16896920791987,84.34040845248956,113.2394408955692,3219.1804496892246,3431.5940627229093,3105.9220993864656,67.45605256853779,-0.4794316138168123,1123220.7,0.5478816407140645,-0.004686182219266755,0.014704257577738522,-0.018573452481128516,0.0,0.0,0.0,0.0,0.0,0.0,0.0
2022-08-26,3191.485595703125,3250.0136420289014,3174.2967287305933,3245.0683760007423,1384783,-0.011583735875609014,-0.0023035271554556203,0.016270087025406336,51.95230622771515,72.39122387860925,105.06979749217722,3216.5428445476914,3412.375979425825,3138.3437959648,68.04611404923567,1.2502453720555353,1093639.5,1.266215238202351,0.002080255529346653,-0.0037325988834500112,0.016609639487670913,0.0,0.0,0.0,0.0,0.0,0.0,0.0
2022-08-29,3210.40283203125,3215.300272533534,3108.0866491221404,3117.977415869429,1031166,0.005927407710564214,-0.00237594609836439,0.01622735406282852,53.83978042705242,63.71342320583426,96.79852263490864,3215.958081450887,3405.385616092769,3152.1376505087937,70.84379328938981,-0.25535914291264405,1078569.2,0.9560499224342769,-0.014009988924553851,-0.013553705556990314,0.040598064767283004,0.0,0.0,0.0,0.0,0.0,0.0,0.0
2022-08-30,3256.831787109375,3274.2604865975322,3198.639689377925,3198.639689377925,1426459,0.014462034052203032,-0.003063728642254804,0.015225311058453738,58.181781332345416,59.89223193617954,89.41726449516283,3219.850815323124,3403.5977388662977,3159.480679102452,71.1850078558339,0.38334564948805516,1058064.65,1.3481775428372926,0.02578426378902554,0.03485256007773119,-0.05500046608349607,0.0,0.0,0.0,0.0,0.0,0.0,0.0
2022-09-01,3309.59814453125,3336.341357951905,3183.2753604873647,3183.2753604873647,1417762,0.01620174478483216,-0.002091936088349866,0.016182466023642983,62.49912244055691,60.42517062823845,83.61884572177796,3228.398180009612,3402.8567092638477,3171.9368942517776,77.03364997074151,-0.0060969155089630744,1075146.65,1.3186684811788234,-0.012190795272107646,0.010794472945232059,-0.04280233542184286,0.0,0.0,0.0,0.0,0.0,0.0,0.0
2022-09-02,3294.7138671875,3350.3611194897585,3288.904223058877,3350.3611194897585,740821,-0.004497306528994938,-0.002872290441289538,0.01608106500258516,60.59861805377867,58.966759494843245,78.68842847639102,3234.7139597408395,3403.9342016281394,3174.210720246861,75.92102471789437,-0.4774715361252453,1029660.9,0.7194805590850347,-0.0001910505934481499,-0.0018154764659420453,0.007145907626172843,0.0,0.0,0.0,0.0,0.0,0.0,0.0
2022-09-05,3288.71240234375,3312.9110097882226,3270.227319173193,3288.952468358952,518438,-0.0018215435651390832,-0.0015609515571267773,0.015512742094719714,59.808894792885916,56.67339449402243,74.2854216799173,3239.8566685601645,3403.044134327522,3173.674810984978,73.5469294248326,-0.30018452500671555,997132.55,0.5199288700383916,0.007203850071011875,0.008879841322961601,,0.0,0.0,0.0,0.0,0.0,0.0,0.0
2022-09-06,3260.336181640625,3298.0746018260543,3249.533212185222,3284.1027144425116,540937,-0.00862836795424926,0.0013895132869194194,0.009376012690560192,56.087061894601554,51.967117762144426,69.82176089636273,3241.8070983773514,3399.3776732450333,3171.0755249971544,71.76081944026114,0.043397667609241575,975107.7,0.5547459014014555,-0.0005774531254664206,0.0036055402057926234,-0.0020425157908869895,0.0,0.0,0.0,0.0,0.0,0.0,0.0
2022-09-07,3265.234130859375,3298.5071881959534,3251.4061871360022,3257.215831837169,682921,0.001502283490374623,0.001335238917817938,0.009373367042041345,56.58921155710696,48.078365641944856,65.47308184547916,3244.0382443280205,3393.7119804838117,3169.678498031813,69.99940384166757,0.26247788559481045,969629.85,0.7043110316787381,-0.0017671004916441913,0.0008452956174256343,-0.052030612256638964,0.0,0.0,0.0,0.0,0.0,0.0,0.0
2022-09-08,3313.054931640625,3346.184041498708,3291.208924415367,3312.910985808333,1143090,0.014645443133556979,0.0021369072621866825,0.01018415730490991,61.24846983087116,48.298485659757716,62.03816260833487,3250.6112621673165,3392.8065164825334,3169.7869405487168,70.78158289864369,0.6738246444317864,990552.15,1.153992750406932,0.009892512965589573,-0.0028505196075114814,0.013068199157714844,0.0,0.0,0.0,0.0,0.0,0.0,0.0
2022-09-09,3305.084716796875,3345.271624224618,3297.0183585951427,3345.271624224618,702805,-0.0024056995758301447,0.002380225967170857,0.010026825556682708,60.09085165261107,47.28473365586751,59.087476817841406,3255.7992102272747,3394.701020423025,3170.7924366082248,69.17241737941737,-0.38517089642985247,971227.65,0.7236254033747906,0.0019439347917691308,-0.004658575345751759,0.04139085528720465,0.0,0.0,0.0,0.0,0.0,0.0,0.0
2022-09-12,3295.818115234375,3316.4157315297252,3286.9837331578924,3305.0848036704638,641280,-0.002803741010149019,0.0032582254537168566,0.009000046475120068,58.70168044404855,45.21241006771015,56.312463467815164,3259.610534513665,3395.9723370450747,3172.1137957674255,66.33381602173276,-0.08754206358805072,932765.0,0.6875043553306567,0.005775695663245095,0.022018947712587167,0.01249465432858865,0.0,0.0,0.0,0.0,0.0,0.0,0.0
2022-09-13,3286.2158203125,3321.5535867705485,3278.96577932801,3295.626455564187,776044,-0.0029134784099553723,0.0023741368416648977,0.009141825716695327,57.22537806681733,42.30755854398694,53.51148248304952,3262.1443712564114,3395.6523715471485,3171.891207554414,64.63767255179032,0.21014845309381247,944143.6,0.8219554737224295,0.007454201929980142,-0.0017693715951603295,-0.008829806713347765,0.0,0.0,0.0,0.0,0.0,0.0,0.0
2022-09-14,3302.300048828125,3311.4706175072884,3245.6925292662418,3245.6925292662418,816678,0.004894452889005807,0.0014173787253451754,0.00818696572461644,59.08169570129089,40.83261266147338,50.975708518734294,3265.968721501337,3387.2355132389275,3174.34961859701,64.71913081530862,0.052360433171315,939418.05,0.8693445905153727,-0.0036690976717561608,-0.006881426080639241,0.009981757255049128,0.0,0.0,0.0,0.0,0.0,0.0,0.0
2022-09-15,3260.48046875,3321.313290226796,3254.430992773295,3303.3083392497806,590182,-0.012663773569868475,-0.0014691731101248884,0.007450706343666219,52.68025015456758,35.8756644833411,47.955699711655654,3265.4460307631143,3370.254475065176,3179.010466341074,64.87364271803663,-0.2773381920414165,928031.55,0.6359503618169016,-0.007017960667916379,-0.009133871083497391,-0.03464401901267855,0.0,0.0,0.0,0.0,0.0,0.0,0.0
2022-09-16,3190.525146484375,3284.1028248243006,3178.041714694107,3276.8047247711334,1598265,-0.021455525630688532,-0.003164995020294248,0.009781750585995388,44.076994065400804,26.002694596283163,43.56509868858116,3258.3107084508533,3349.55874074423,3179.2717524198324,67.81560467604783,1.7080883524065458,977950.95,1.634299757058368,-0.019384853148544656,-0.03719005725780644,0.005614290585541859,0.0,0.0,0.0,0.0,0.0,0.0,0.0
2022-09-19,3184.4755859375,3209.298504861112,3102.9012035678297,3188.700653889006,1013563,-0.0018961018230936322,-0.003172450846089703,0.009780641157009827,43.41666676997321,17.488548748310222,38.34978870052697,3251.27879202101,3340.0989594346634,3172.762344276274,70.57144014870744,-0.36583545281915075,999537.65,1.0140318376201236,0.0052136885924867205,-0.009464109723302583,0.007115506696620866,0.0,0.0,0.0,0.0,0.0,0.0,0.0
2022-09-20,3258.36767578125,3274.500157462503,3201.5200953020485,3203.0566114391,708184,0.023203848749870915,1.0770824322314797e-05,0.01258553675999518,52.73155057821975,16.51314764414883,33.982460489251345,3251.9539238076995,3340.169357869013,3176.8642847091123,71.96094953272855,-0.3012925688881698,918118.5,0.7713426970483658,0.011008809885230342,0.015887178331291496,-0.01499997014584753,0.0,0.0,0.0,0.0,0.0,0.0,0.0
2022-09-21,3222.694091796875,3288.8081285119597,3214.9639195945465,3269.6989684048476,605378,-0.010948299128280992,-0.0012342874375432466,0.013029609541661342,48.574099479642015,12.715004493767992,29.728969290154673,3249.167273140002,3340.1889270746424,3176.7918834722323,72.09546806020602,-0.14516848728579013,906815.1,0.667587030696776,-0.005495005437451739,-0.012904689974922445,-0.008717732195799743,0.0,0.0,0.0,0.0,0.0,0.0,0.0
2022-09-22,3299.467041015625,3303.308096942302,3183.8991770459484,3222.693982569056,829396,0.023822599052814253,-0.0003165718456175193,0.014511283815541079,56.51921394694277,15.718688806574846,26.92691319343871,3253.9577272233946,3344.5511761542302,3177.917500603582,75.47500033421657,0.37004648335420187,889177.2,0.9327679567132401,-0.004997577656902563,-0.002769776277001479,0.007013216526509991,0.0,0.0,0.0,0.0,0.0,0.0,0.0
2022-09-23,3260.336181640625,3301.3394054856885,3248.284822160265,3298.5066737163825,513370,-0.011859751556407394,-0.0012619770436752443,0.014963432668616447,52.100874193294,14.771322334482647,24.4957950216475,3254.5651990726547,3344.798885968064,3180.814590594436,73.87354197644565,-0.3810314976199548,884076.1,0.5806853052582238,-0.017155677232420508,-0.029552245647625708,-0.04764534161192091,0.0,0.0,0.0,0.0,0.0,0.0,0.0
2022-09-26,3301.435791015625,3330.1956517895255,3220.725552509247,3236.089776969637,1429914,0.01260594217444111,0.00027899127478376863,0.015568255339279,55.99218395573164,17.139350805527556,23.024506178423515,3259.029064971985,3345.0044533601917,3191.604042733558,76.41615321243373,1.7853477998324796,886332.65,1.6132927067506764,-0.017951321762256445,-0.042472782582641644,-0.024260057228871146,0.0,0.0,1.0,0.0,0.0,0.8442376852035522,1.0
2022-09-27,3332.740234375,3360.924077198145,3294.713919765233,3317.568250378072,1455383,0.009482069420997163,0.0015185460578790223,0.015777885342238045,58.74155910996883,21.29654408295619,22.67891375933005,3266.0491763437008,3351.187918061385,3197.65431826674,75.68715351389645,0.017811560695258688,907543.5,1.6036509544721549,-0.0005230508522044985,-0.0027499387386272778,0.02629073457838471,0.0,0.0,0.0,0.0,0.0,0.0,0.0
2022-09-28,3428.766357421875,3440.5295907343448,3284.1026880528657,3313.870870312994,1843428,0.028812963595671093,0.00391039712854555,0.018002635483628775,65.79985994015587,31.971112231884035,24.53735345384085,3281.5460507320986,3384.507453362885,3181.52823999649,81.45427845443805,0.26662741010441926,928391.95,1.9856139424733272,-0.00874917846539458,-0.006713794209145751,0.035354157533781905,0.0,0.0,0.0,0.0,0.0,0.0,0.0
2022-09-29,3250.3017578125,3421.8528341669094,3238.3943430955655,3421.8528341669094,2624894,-0.052049215667049564,-2.8147081172558153e-05,0.02498556868848143,49.01655438044179,25.73354243976246,24.776591251025174,3278.570403787375,3381.727732641128,3178.3783220463715,89.2341167310003,0.4239200012151274,988748.55,2.654763943775189,-0.0024023347691036756,0.003741672403062779,-0.009292452237914417,0.0,0.0,0.0,0.0,0.0,0.0,0.0
2022-09-30,3209.63427734375,3276.3245635402413,3154.707224844648,3266.818043960579,2159720,-0.012511909200738303,0.0008662145618224648,0.024283558044831836,46.129148488291456,17.30916832090861,23.283106665001863,3272.0050584117917,3381.6958483535445,3169.9022473495806,91.54720401418551,-0.17721629902007474,1059693.5,2.038061005375611,0.01642575596626905,0.019721049657928535,-0.005989363680546256,0.0,0.0,0.0,0.0,0.0,0.0,0.0
2022-10-03,3171.656005859375,3219.2851960479807,3155.187571339195,3214.9640078653656,934543,-0.011832585336110424,-0.00012743378947921435,0.02461024285045958,43.54916176801386,7.482014025949411,20.12288813719137,3262.448005787752,3384.8936684129676,3154.99878764172,89.58651977808552,-0.5672851110329117,1080498.75,0.8649181685772427,-0.012109264448790458,-0.012382075471698117,0.010231941055554028,0.0,0.0,0.0,0.0,0.0,0.0,0.0
2022-10-04,3205.121337890625,3234.5055116422795,3180.4425986549954,3197.679291491508,994382,0.010551375044905775,-0.0013926811599757282,0.023581198213200472,46.39426428905714,2.3670106346594366,16.571712636684985,3256.9883231308827,3385.525715429953,3148.8452562497346,87.67673306414402,0.06403022653853263,1103171.0,0.9013851886969473,0.02291367093271912,0.02268656716417916,0.033085780117176444,0.0,0.0,0.0,0.0,0.0,0.0,0.0
2022-10-06,3196.671142578125,3232.96917260239,3180.106586781766,3205.121513582424,922770,-0.0026364665863356507,-0.0005614979057811942,0.023352336770872836,45.767020374555926,-2.3415347895379455,12.789063151440399,3251.2438297449057,3386.0320029339896,3141.4826699175733,85.19000826103543,-0.07201658919811504,1115163.45,0.8274751113838963,0.0033286441360573793,0.020782239104458533,0.011245532735102204,0.0,0.0,0.0,0.0,0.0,0.0,0.0
2022-10-07,3210.8349609375,3226.103300489967,3156.6281004498096,3186.1562209422673,774544,0.00443080245907046,-0.0025006775651555736,0.021859956782705414,47.059020109873856,-4.874004699605393,9.25644958123124,3247.3953660489624,3380.796695369673,3136.495980411577,84.06752195954414,-0.1606315766659081,1096736.15,0.7062263790611808,-0.0009895331040011834,0.003202548132291483,0.03706841842696784,0.0,0.0,0.0,0.0,0.0,0.0,0.0
2022-10-10,3147.697509765625,3167.9111149956398,3130.6528228025536,3149.6660979647463,734377,-0.019663873085971395,-0.0032810897181119736,0.02236468440819375,42.229477048547835,-11.839195124912294,5.037320640002534,3237.900332117216,3380.0194875280836,3121.5344675500414,83.78999454350144,-0.05185890020450745,1098314.75,0.6686398411748544,-0.00425364584114718,-0.009805011772110017,-0.017667440358344666,0.0,0.0,0.0,0.0,0.0,0.0,0.0
2022-10-11,3167.623046875,3226.487281366394,3143.9045711885638,3159.748928373845,1411316,0.006330194387343946,-0.00390866449682169,0.02195361898000977,44.17657290533212,-15.571832012083632,0.9154901095853005,3231.207257332243,3376.7169919816556,3112.017456260532,83.70375994595351,0.921786766197743,1136816.55,1.2414632774302943,-0.014932383199930399,-0.030742673813507482,-0.01975258839437377,0.0,0.0,0.0,0.0,0.0,0.0,0.0
2022-10-12,3119.129638671875,3206.8017932783837,3078.6065426712075,3202.48060505567,1812549,-0.015309084283550045,-0.006387779867276411,0.02167141015544715,40.590927313318645,-22.187225874224623,-3.705053087176684,3220.533198412208,3377.51879015732,3094.5070399208053,86.88172356461226,0.2842970674179277,1188641.8,1.5248908460059203,0.008246145339619648,0.01615590023557778,-0.019514306389004976,0.0,0.0,0.0,0.0,0.0,0.0,0.0
2022-10-13,3081.4873046875,3128.7322485726286,3066.9872239061738,3101.7489697094384,779890,-0.012068217209594168,-0.010475897947802936,0.01780417584221009,38.01180270524542,-30.120188153866366,-8.98808010051462,3207.290732343188,3378.0512314570983,3071.893324206964,85.08624507188674,-0.5697274942636034,1186802.4,0.6571355096686694,-0.006380083772817624,-0.009936871355390009,0.022931344689701927,0.0,0.0,0.0,0.0,0.0,0.0,0.0
2022-10-14,3058.921630859375,3117.0176153726356,3053.6401777218057,3106.4547090974975,845765,-0.0073229812739447064,-0.006003274508492451,0.010189616882184038,36.51398476437755,-37.79233271646899,-14.748930623705496,3193.160341725682,3383.0885794156325,3046.700092459367,83.53561597038268,0.08446704022362117,1199581.55,0.7050500234852728,0.010070888003887335,-0.008029340692048859,-0.031088108817739157,0.0,0.0,0.0,0.0,0.0,0.0,0.0
2022-10-17,3070.54052734375,3090.1298208724347,3044.1332650460517,3058.9212381569732,1067773,0.003798363569422536,-0.004372247231476367,0.010336353932283172,37.87146322312054,-42.44572679705925,-20.288289858376245,3181.4822641654982,3388.3224534618575,3029.4677564990798,80.85425453152557,0.26249371870436833,1173056.95,0.9102482194065685,0.007337586960815656,-0.004285175205994585,-0.00010907461677966968,0.0,0.0,0.0,0.0,0.0,0.0,0.0
2022-10-18,3097.667724609375,3120.858006481758,3084.3679744059714,3090.129558417938,1015424,0.008834665109954454,-0.0023055221868698793,0.010737340237484738,41.04123491516385,-43.44384343961383,-24.919400574623765,3173.499927064915,3390.2260903814054,3018.8833334467195,78.67305628913145,-0.04902633799506073,1173150.0,0.8655534245407663,0.010117285874136073,0.017214613764569675,-0.017354332237721648,0.0,0.0,0.0,0.0,0.0,0.0,0.0
2022-10-19,3085.088623046875,3116.7292796464553,3069.340384889601,3113.17634920799,943543,-0.004060829850330738,-0.0037667426763935306,0.00974134330090343,40.02156339738917,-44.734218216520276,-28.88236410300307,3165.079802872721,3386.8066222709895,3004.9748962836984,76.43847332254025,-0.07078914817849491,1184917.95,0.7962939543619877,0.0014468379208691928,0.003995726032852698,0.026435687160753396,0.0,0.0,0.0,0.0,0.0,0.0,0.0
2022-10-20,3016.093505859375,3113.0323571325616,2978.547319118266,3070.924681343968,2284352,-0.022364063279115665,-0.005739502345671532,0.011351499784354893,34.899833826027574,-50.73928793741197,-33.25374886988485,3150.890631728593,3391.3367136666357,2979.784746294302,80.58465651480849,1.421036455148308,1268866.65,1.8003089607564358,0.0029521745492440132,-0.0012875753267646006,-0.0003247095282142842,0.0,0.0,0.0,0.0,0.0,0.0,0.0
2022-10-21,2969.520263671875,3038.995457001832,2950.5550499027663,3015.2289232911776,1738731,-0.015441577688828922,-0.007726740360461471,0.011110120226655033,31.929423347630973,-58.58113352927967,-38.31922580176382,3133.617263342239,3388.1407148623484,2949.9860673642143,81.14578155654115,-0.23885154301963973,1314333.4,1.3228995017550342,0.0007032337856462956,0.00046878032487551735,0.012123866420017615,0.0,0.0,0.0,0.0,0.0,0.0,0.0
2022-10-24,2997.6083984375,3033.474357119406,2992.1829999316456,3024.8319800335953,178709,0.009458812290067842,-0.004814471822857547,0.011445270468640762,35.495216466413964,-61.81678945580143,-43.01873853257134,3120.664038113216,3382.9024044639386,2928.9515994423114,79.91780383446898,-0.8972187187092195,1297600.35,0.137722681717834,0.008787356376761757,0.0028116500500308117,-0.0025668220724014423,0.0,0.0,0.0,0.0,0.0,0.0,0.0
2022-10-25,2962.318603515625,3010.4279282986763,2957.5172830558186,3009.467664206715,1016316,-0.011772650136778973,-0.006624756275269839,0.010905601554696175,33.145920591209986,-66.46252301643563,-47.7074954293442,3105.583520532493,3370.552898177711,2907.3893869785393,77.98872107792532,4.686988344179644,1276920.45,0.7959117578546103,-0.004196122026705051,-0.006191574524496257,0.00278784581686109,0.0,0.0,0.0,0.0,0.0,0.0,0.0
2022-10-27,2922.515869140625,2998.9049288659503,2912.4811556997847,2998.9049288659503,2005709,-0.01343634487112999,-0.006437482334027833,0.010754940871686701,30.679513224540813,-72.52008198967997,-52.670012741411355,3088.14850611422,3350.4266333952955,2886.493215237517,78.59122479851392,0.9735092235092235,1304436.75,1.5376054070847054,0.004564907874966551,0.02962267761305548,0.01327198882499836,0.0,1.0,0.0,0.0,0.4342237114906311,0.0,1.0
2022-10-28,2932.070068359375,2949.5470610956077,2919.2026242519423,2937.1595145592846,715736,0.0032691693207329564,-0.004903743680995121,0.010954497538713798,31.987754670505694,-75.677434729163,-57.27149713896169,3073.2838929947106,3291.189532977904,2896.060686748658,75.14502565888188,-0.6431506265365514,1248052.15,0.5734824462263056,0.002810605244745412,-0.004110099920937915,-0.012273127605637701,0.0,0.0,0.0,0.0,0.0,0.0,0.0
2022-10-31,2988.51904296875,2993.615833875331,2943.658173612827,2963.8046900108484,814364,0.01925225976641154,-0.002246219576959496,0.013279242763366774,39.27914917242926,-72.78567112625342,-60.37433193642004,3065.2110501350953,3269.3383629825453,2891.733585259642,74.17364993438719,0.1377994120737256,1157525.65,0.7035386213687792,0.012672230395564199,0.005731973025301373,-0.009815128380082028,0.0,0.0,0.0,0.0,0.0,0.0,0.0
2022-11-01,3038.236083984375,3043.044332667504,2991.2115057744813,2991.2115057744813,939335,0.0166360127878713,-0.0009624546551146196,0.01449354563335849,44.883660477213326,-65.7245462722858,-61.4443748035932,3062.6420057397886,3251.902582133789,2892.029546772461,72.77019563184196,0.15345840434989766,1096506.4,0.8566616665438525,0.007395053222392978,0.009232915460846147,-0.0018981366835409963,0.0,0.0,0.0,0.0,0.0,0.0,0.0
2022-11-02,3011.790771484375,3038.7650940471785,3002.366791714755,3036.889923981908,787012,-0.008704166420576254,-0.0027163378081676904,0.014235149257536,42.62972960146819,-61.552925845133814,-61.46608501190133,3057.799031048797,3239.6377615528163,2888.3078439159335,70.17220325331208,-0.16216046458398758,1089129.85,0.7226062163294854,-0.003447197631545107,-0.008019015614769587,0.015953535255016416,0.0,0.0,0.0,0.0,0.0,0.0,0.0
2022-11-03,3020.83056640625,3027.994810467122,2985.9226316793693,2985.9226316793693,563798,0.003001468431161891,-0.002010107980018427,0.014335865330997054,43.67103625715674,-56.861981176587506,-60.54526424483857,3054.278224892364,3218.789406288317,2890.7271220319953,68.16505864862927,-0.28362210487260675,1067600.65,0.5280982172500551,-0.0016673473084335422,0.005806713756093096,-0.015495064854611496,0.0,0.0,1.0,0.0,0.0,0.0,1.0
2022-11-04,3059.3447265625,3062.8546544689084,3006.0210566083083,3027.273611387166,609757,0.012749526764114005,0.0015012510243045396,0.013038064844423398,48.001451157237945,-49.46638518532927,-58.329488432936714,3054.7607488609483,3198.537169828091,2897.246716890659,67.35566859234147,0.08151678438022136,1051950.0,0.5796444697941917,0.003570168155688336,0.003056317746499726,0.04119574945928561,0.0,0.0,0.0,0.0,0.0,0.0,0.0
2022-11-07,2984.5283203125,3075.3560980797806,2978.6621625495136,3063.816300338393,1669943,-0.024455042807177918,0.00059990451246964,0.014561996594279267,41.35108245091765,-49.07665566015157,-56.47892187837969,3048.0719461420485,3169.5229977082486,2903.630224948002,69.45125908790759,1.7387024667203494,1096719.95,1.5226703954824565,0.004727586225111935,0.010495484803478616,-0.006594313968665277,0.0,0.0,0.0,0.0,0.0,0.0,0.0
2022-11-09,2968.132080078125,3025.3502426456444,2961.8813564362954,3025.3502426456444,1391333,-0.005493745903760838,-0.000895351306913228,0.014316890304948909,40.04178915445403,-49.51999607182688,-55.08713671706913,3040.458625564532,3153.3745863048343,2901.822093382666,69.02394673943911,-0.16683802980101714,1129567.75,1.2317393091295321,-0.002516139235956394,-0.013736931530880847,-0.028418614378432405,0.0,0.0,0.0,0.0,0.0,0.0,0.0
2022-11-10,2928.367919921875,2967.6514098447083,2917.164793183384,2967.6514098447083,1375007,-0.013397031898662481,-0.0010577894831015789,0.014462490404139898,36.98342356968609,-52.47508186469986,-54.56472574659528,3029.7833202652314,3130.9403342561664,2900.330832736021,67.73418532196067,-0.011734070851478373,1127752.3,1.2192455736955712,-0.007093725904609771,-0.0014720731841332269,0.011009137898195354,0.0,0.0,0.0,0.0,0.0,0.0,0.0
2022-11-11,2938.224609375,2979.190983432732,2931.10849499773,2972.1708931656667,810288,0.0033659327388710913,0.0006224382778985294,0.013826631668723314,38.24260649094058,-53.40602477322955,-54.332985551922135,3021.0634430375903,3116.245277852782,2896.935386209718,66.52624804973898,-0.4107026364229418,1077639.25,0.751910251969757,0.017833173247033374,0.0166704608874213,0.024767799083755815,0.0,0.0,0.0,0.0,0.0,0.0,0.0
2022-11-14,2936.109130859375,2959.9099634779127,2924.4251796668427,2938.801797262686,811702,-0.0007199852961802256,0.00022352281620721114,0.01379930461253697,38.06679689207504,-53.69553645183396,-54.205495731904506,3012.9725561634746,3107.416139445576,2891.226707234112,64.30900060411976,0.0017450585470843993,1079229.85,0.7521122585703128,-0.0011198455015547504,0.01126600734627714,-0.02969057753460791,0.0,0.0,0.0,0.0,0.0,0.0,0.0
2022-11-15,2961.20849609375,2976.306352119864,2925.3389089333205,2950.8226305265925,873840,0.008548512373253825,-0.0008468519231085603,0.01251462642264583,41.50291531938879,-51.30821833002892,-53.62604025152939,3008.042645680644,3100.119593085564,2888.7519401175614,63.35603221715004,0.07655272501484545,1080633.6,0.8086367109073788,0.004050924260950772,-0.001103022310753654,0.007730311632180964,0.0,0.0,0.0,0.0,0.0,0.0,0.0
2022-11-16,2964.814697265625,2974.383066576614,2933.993771783139,2961.208510230493,770953,0.0012178140028411555,-0.002388671801611575,0.010976657414670401,42.00081104468139,-48.5654291857868,-52.613918038380874,3003.925698212547,3089.5207174783254,2888.778232716987,61.715550972601825,-0.11774123409319781,1065792.6,0.7233611867824941,0.0003396111515991951,-0.010269421426332914,-0.0106541657095377,0.0,0.0,0.0,0.0,0.0,0.0,0.0
2022-11-17,2953.803466796875,2977.7965811102035,2942.648235782799,2973.421027790985,706271,-0.0037139691997970514,-0.0018896520795336547,0.010769111208929334,40.85728959920829,-46.74145688298131,-51.439425807300964,2999.1521523634356,3070.0587196950137,2893.8538047190486,59.81789342651631,-0.0838987590683219,1050334.95,0.6724245441894512,-0.00357149639481924,0.00044630639240272885,-0.03316822970935174,0.0,0.0,0.0,0.0,0.0,0.0,0.0
2022-11-18,2976.786865234375,2995.3948822087336,2938.5612868486323,2976.30604034902,1258576,0.0077809504578933986,-0.001411703876860504,0.011110940328317779,44.26807028011998,-42.946319085107916,-49.74080446286236,2997.0221250178106,3050.8569739185173,2902.2253747142954,59.60472927891523,0.7820015263262969,1066086.6,1.1805570016544622,-0.00197613371355454,0.0010036393070758098,-0.024058766563638367,0.0,0.0,0.0,0.0,0.0,0.0,0.0
2022-11-21,2976.5947265625,2991.0676032689976,2948.610622966843,2985.922682835123,612194,-6.454565965707815e-05,-0.002693111119237612,0.0099773704596512,44.24509806076432,-39.49883108527001,-47.69240978734389,2995.0766584982575,3046.6381419609575,2902.494328742168,58.37989006628947,-0.5135820165011886,982478.7,0.6231117275112428,-0.008067729540576885,-0.012700494305901144,-0.0019402624173791017,0.0,0.0,0.0,0.0,0.0,0.0,0.0
2022-11-22,2984.816650390625,2999.866374965882,2954.476554026456,2984.9608039410477,764079,0.0027621912229953693,2.8612283779716475e-05,0.006481016395180232,45.547290608124975,-35.69179863089994,-45.2922875560551,2994.099514868959,3047.497125409848,2903.164983965152,57.452027985799226,0.24809945866833072,933746.1,0.8182941808271007,0.00463933015368867,-0.01218685132498698,0.010405988494750495,0.0,0.0,0.0,0.0,0.0,0.0,0.0
2022-11-23,2981.8837890625,2995.346886453334,2971.4979241197284,2991.692570205979,488341,-0.0009825934627312183,0.0004797275278826785,0.006205044624309184,45.142268904444414,-32.53629719988021,-42.74108948482012,2992.936112411201,3046.0626596638313,2903.0269887736686,55.05180901064252,-0.3608762968227107,949227.7,0.5144613879262058,0.0012634580983039712,0.002513081003564732,-0.033386112809698054,0.0,0.0,0.0,0.0,0.0,0.0,0.0
2022-11-24,2995.82763671875,3000.587756222067,2973.4211496638513,2998.375914750267,571872,0.0046761874850373975,0.0022870494662526664,0.003928597533297406,47.53114233756031,-28.58092450271488,-39.909056488399074,2993.2114956785867,3048.083115794494,2904.3574359633185,53.06000883546918,0.171050556885455,927005.5,0.6169024887123108,0.011870949889830174,0.0021650233214671744,,0.0,0.0,0.0,0.0,0.0,0.0,0.0
2022-11-25,2988.95166015625,3000.1550209237853,2957.3134764073975,2995.8275969277415,898769,-0.0022951843017346985,0.0017209377621920873,0.004157095136717438,46.45680400825204,-25.704788189378178,-37.0682028285949,2992.805797057412,3047.1861012788004,2911.898029580575,52.33011852696337,0.5716261680935595,871658.5,1.0311022034432062,0.0015500019600884762,0.011711185665683521,-0.020840725118491887,0.0,0.0,0.0,0.0,0.0,0.0,0.0
2022-11-28,3030.3505859375,3037.8515007962537,2977.9406755882137,2988.9515180546664,914689,0.01385065082621173,0.003178001374431283,0.00553247432809145,53.30082584684194,-19.855994568864844,-33.625761176648886,2996.381491236468,3051.870541055452,2917.0416415617356,52.8715975756117,0.017713116496007375,881606.15,1.0375256570068165,0.0027008413120686026,0.0006743499992420965,-0.0052612080170041375,0.0,0.0,0.0,0.0,0.0,0.0,0.0
2022-11-29,3014.81982421875,3047.467783335858,3007.222651011187,3035.927987374977,877720,-0.005125070937607501,0.0018106430433451504,0.005743367025374986,50.683475543212204,-16.28624842700856,-30.157858626720824,2998.137522949066,3054.4652382970103,2917.0770224451776,51.96970720054451,-0.040417016056823685,884773.95,0.9920273986366801,0.00297912654375021,-0.003369272144813973,-0.0019233520544980065,0.0,0.0,0.0,0.0,0.0,0.0,0.0
2022-11-30,3053.38232421875,3077.2312866490474,3013.1374202217985,3019.4841681508233,2547283,0.0127909799750614,0.002967959640567175,0.00669742005795411,56.40744545043597,-10.227629672824605,-26.17181283594158,3003.398932593798,3057.804853719084,2915.252031046541,52.83571857388055,1.902159002871075,965171.35,2.639202873147861,0.007535634625419174,0.014536807554658138,0.028905233784940476,0.0,0.0,0.0,0.0,0.0,0.0,0.0
2022-12-01,3057.421142578125,3074.3941662882226,3040.0151886702047,3068.6242679467373,761717,0.0013227358812357703,0.003471630148670457,0.006317705871221695,56.970749002311,-5.042109472954962,-21.94587216334426,3008.5439049732577,3065.8620435776547,2911.757878297345,51.51737993417607,-0.7009688362070489,963906.6,0.7902394277619844,0.002886735334004964,0.019771174091209653,0.016972924535437972,0.0,0.0,0.0,0.0,0.0,0.0,0.0
2022-12-02,3022.898193359375,3052.5651853327236,3013.8106491743165,3051.459147131473,932259,-0.011291525638381317,0.0015643825390429856,0.0076174161564025455,50.91442296380549,-3.6758874936640495,-18.291875229408216,3009.91098005765,3066.142341834455,2911.684342735858,50.952602324864095,0.22389155027392071,982329.65,0.94902866873661,-0.006187396179402005,0.009367211469105241,-0.015078241252386881,0.0,0.0,0.0,0.0,0.0,0.0,0.0
2022-12-05,3035.832275390625,3047.1797904185837,2993.135116554744,3009.9639886960153,926122,0.004278702491424813,0.0019987073541511747,0.00763801170590294,52.933182345767506,-1.5318165786939062,-14.939863499265355,3012.3796748512664,3061.269694379029,2914.205745074096,51.17346457764807,-0.006582934570757648,998147.9,0.9278404533035635,0.00026482378562620035,0.006906186786017177,-0.03377351174424792,0.0,0.0,0.0,0.0,0.0,0.0,0.0
2022-12-06,3040.447998046875,3047.468088247683,3005.155498824238,3005.155498824238,958365,0.0015204142513625118,0.0018745296569878888,0.007634313336254758,53.66554052483164,0.5336734563679784,-11.845156108138688,3015.0528484889433,3067.535624575768,2913.531782650795,50.54054492377645,0.03481506756129327,962569.0,0.9956325208894116,-0.0031175136590962937,-0.006751675016401837,-0.04027578397149845,0.0,0.0,0.0,0.0,0.0,0.0,0.0
2022-12-07,3102.762939453125,3110.6484205011393,3054.584192739722,3058.046225774349,1832282,0.020495315639760925,0.004022320567237103,0.009527650527680927,62.21382234995322,7.116845607910818,-8.052755764928786,3023.4061904855316,3087.6353460452356,2906.8951471188266,51.94482189023987,0.9118832595096857,984616.45,1.8609093926878837,-0.004411902750398933,-0.01186879601303703,-0.027473224286031384,0.0,0.0,0.0,0.0,0.0,0.0,0.0
2022-12-08,3097.906494140625,3116.61053454459,3079.8274321537633,3106.128646336481,851312,-0.0015652002448359736,0.003398181794249766,0.009683218450255188,61.265186601982734,11.806089170567702,-4.080986777829489,3030.5014575003024,3100.3766585078893,2911.107692078048,50.86184192599607,-0.5353815624450822,958431.7,0.8882343937497059,0.002631912360927746,-0.0077527578953654475,-0.013217528408298818,0.0,0.0,0.0,0.0,0.0,0.0,0.0
2022-12-09,3103.19580078125,3118.00534869022,3083.0492842604326,3110.9371286907362,847879,0.001707380984748541,0.00379843832289809,0.009502776278456214,61.94576863861505,15.767394609273651,-0.11131050040886104,3037.424728288964,3112.333238167193,2915.64823155937,49.725714961981176,-0.004032599094104139,960311.25,0.8829210321132862,-0.006058782405979346,-0.014966475666774004,-0.0006566388805759882,0.0,0.0,0.0,0.0,0.0,0.0,0.0
2022-12-12,3044.919921875,3106.128837406906,3021.4073965683783,3103.243888022317,1323816,-0.01877931095794172,0.0005354421444827451,0.011130344702452269,51.2594580112523,14.04250802190063,2.7194532040530373,3038.138556249539,3111.7950343367856,2927.0675144913394,52.22540966744877,0.5613265572092245,985916.95,1.3427256727861308,2.977743269738653e-05,0.004580534837362649,0.024835734921744512,0.0,0.0,0.0,0.0,0.0,0.0,0.0
2022-12-13,3056.604248046875,3062.854972480509,3022.129004759479,3062.854972480509,886601,0.0038373180483117775,0.001431681043074673,0.010983774362703001,53.009800207123895,13.463155569471382,4.8681936771367065,3039.897193563571,3113.8584558107214,2934.5436682127165,51.40402095699029,-0.33026870803797503,986555.0,0.8986838037413019,0.0059927938646799905,-0.00800713090445726,0.03449163373622688,0.0,0.0,0.0,0.0,0.0,0.0,0.0
2022-12-14,3025.30224609375,3072.4712173723487,3005.155729041812,3057.0848200396545,1103870,-0.010240776827136311,-0.0008714946371450982,0.010749450175205354,48.033257094621575,10.358794881769427,5.966313918063251,3038.507198566445,3112.6464865370986,2941.8043923691516,52.54055434081505,0.2450583746239854,1003200.85,1.1003479512602088,0.002810661073194387,0.014461910778096998,0.025037142233833354,0.0,0.0,0.0,0.0,0.0,0.0,0.0
2022-12-15,3010.540771484375,3039.9671126766616,2997.173699224924,3021.5034846148365,799124,-0.0048793387928214305,-0.0014917021045508182,0.010787635441689395,45.84736703042045,6.631000985166793,6.099251331483959,3035.8437293205334,3109.069155547339,2951.0554538276606,51.844329991595245,-0.27607055178598927,1007843.5,0.7929048508027288,-0.013150934355333654,-0.013040168537696406,-0.018016903491569036,0.0,0.0,0.0,0.0,0.0,0.0,0.0
2022-12-16,2938.70556640625,2997.462463827097,2933.3204683260396,2995.5391642032105,1192821,-0.023861229769263637,-0.0027486725176390503,0.012631165980574838,37.01862481951953,-2.0956459313401865,4.46027187891913,3026.592475709649,3113.76861800526,2942.5478614869276,53.65689950350525,0.49266071348126195,1004555.75,1.1874114502853625,-0.00792295301794177,-0.01511588889154658,-0.026720824940388632,0.0,0.0,0.0,0.0,0.0,0.0,0.0
2022-12-19,2962.794677734375,2969.5743552613635,2924.376818118461,2944.5714623738004,655594,0.008197184366987686,-0.0023568243300827628,0.012930624800833115,41.113743645054775,-6.987241945945698,2.1707691139461645,3020.516494950099,3114.932243167705,2940.00423144167,53.05265933489078,-0.4503835864727398,1006725.75,0.6512140967885246,0.008289956688926514,0.007389722806290466,0.0096154115312157,0.0,0.0,0.0,0.0,0.0,0.0,0.0
2022-12-20,2963.948974609375,2970.199698599247,2902.259230989682,2957.1214015794226,739257,0.00038959732298526895,-0.002469906022920487,0.012897852955889496,41.31066597914313,-10.647981614700257,-0.3929810317831197,3015.129112060506,3116.3620843830163,2936.4876226482334,54.11607421165322,0.12761404161722045,1005484.65,0.7352245506681777,-0.0019081205394395617,-0.012075331753394591,0.002380887277516619,0.0,0.0,0.0,0.0,0.0,0.0,0.0
2022-12-21,2951.927734375,2993.086386073971,2933.079542228304,2966.6891503144047,616324,-0.0040558188880290835,-0.004925019475699488,0.01006660811674577,39.81728998023289,-14.353697309888503,-3.1851242874041965,3009.109933233315,3118.697593658515,2931.1565079039847,54.53684347122562,-0.16629264247751463,1011883.8,0.6090857468021526,-0.01012771964355863,-0.01622116953507724,0.027628442849023438,0.0,0.0,0.0,0.0,0.0,0.0,0.0
2022-12-22,2970.103515625,2974.863635145594,2921.540201070336,2956.1114641789413,663202,0.006157258200579996,-0.004152773631157891,0.010633251031923665,43.1628422331536,-15.643541047601502,-5.676807639443658,3005.3950363182375,3119.6516057332647,2927.6300837198605,54.45017137151364,0.0760606434278075,1016450.3,0.6524686942391575,-0.003942502735851727,-0.01416629358349153,-0.014841771734818598,0.0,0.0,0.0,0.0,0.0,0.0,0.0
2022-12-23,2940.628662109375,2968.4686100567724,2919.568626599361,2960.8714362025826,1230858,-0.00992384721965578,-0.0053158964515983235,0.01055688074121637,39.34330964505639,-18.827098774434035,-8.306865866441733,2999.226810203108,3122.8723789839028,2919.5770106645346,54.17050834680832,0.8559322800594691,1033054.75,1.1914741208053106,-0.01768316025411787,-0.03451117525673586,0.03630519498811546,0.0,0.0,0.0,0.0,0.0,0.0,0.0
2022-12-26,2938.849853515625,2954.091861643241,2912.644897042805,2940.6287647397735,536884,-0.0006049075888671096,-0.0034984561146908623,0.009492269199320768,39.1183302520753,-21.248684587557364,-10.89522961066486,2993.476623851919,3124.3018498811875,2908.9974665250625,53.261683793496,-0.5638132099722308,1014164.5,0.5293855188186927,0.011669632893506865,,,0.0,0.0,0.0,0.0,0.0,0.0,0.0
2022-12-27,2993.231201171875,3009.0021636634738,2939.090271565551,2942.6483287984115,729041,0.01850429602287984,-0.0020317583172340557,0.011641516060765324,48.764375862278285,-18.565674974689955,-12.42931868346988,2993.4532502633438,3123.7060160112474,2907.4344380903153,54.4681571045212,0.35791157866503753,1006730.55,0.7241669580802926,0.006533654614990558,0.037086693822359074,0.004885649083117949,0.0,0.0,0.0,0.0,0.0,0.0,0.0
2022-12-28,3003.905517578125,3023.234773011515,2985.9227127691793,2990.6828324571666,972274,0.0035661516564677864,-0.0006510654688736461,0.01137545871846802,50.42473704684359,-15.400514852717606,-13.023557917319426,2994.4487042933233,3119.9146036160437,2906.2781698214567,53.242721614365074,0.3336341851830007,927980.1,1.047731519242708,-0.0005405150382313817,0.004940609725504697,-0.012688244653045744,0.0,0.0,0.0,0.0,0.0,0.0,0.0
2022-12-29,2995.683349609375,3005.1556942688258,2973.950204495096,2982.076098536841,596265,-0.002737159314977089,-0.000436847521089212,0.011306950411344063,49.104704619509725,-13.401083542665674,-13.099063042388675,2994.5662895615187,3115.079577902995,2904.93941623763,51.66863362574827,-0.38673151807000905,919707.5,0.6483202539937969,0.00377983170092433,0.0014046730939694108,-0.012010568992825599,0.0,0.0,0.0,0.0,0.0,0.0,0.0
2022-12-30,2969.47802734375,3010.6848110750457,2953.5147831225368,3010.6848110750457,836220,-0.008747694334597211,0.0010745060223774304,0.00848626828180456,45.056296453967555,-13.772311687971978,-13.233712771505337,2992.1769312550646,3113.670614931137,2901.006362607925,52.06159036337403,0.40243012754396124,914905.55,0.9139959857058468,-0.00471107793689185,0.009468118744520693,0.044371522381365214,0.0,0.0,0.0,0.0,0.0,0.0,0.0
2023-01-02,2930.38720703125,2969.4781755422664,2905.1439010391027,2969.4781755422664,1015990,-0.013164205948837271,-0.0010616330092050653,0.009156225667895096,39.78678879295382,-17.02456656534332,-13.991883530272935,2986.292195614701,3112.597928574211,2891.5345421289144,52.938210659073285,0.21497931166439455,919398.95,1.1050589083226603,0.005089583355357918,0.009958356720956019,,0.0,0.0,0.0,0.0,0.0,0.0,0.0
2023-01-03,2912.1162109375,2942.600464778347,2908.9908488684678,2930.1471459511476,860367,-0.00623501087157019,-0.0017240938286606112,0.009278394509045624,37.57479793650962,-20.83613270676915,-15.360733365572177,2979.227816121634,3111.304884389073,2879.9944076031143,51.55759674841657,-0.15317375171015468,914499.05,0.9408068821941368,0.00192892762485819,0.0012611506197461875,-0.04434879554857574,0.0,0.0,1.0,0.0,0.0,0.8982755541801453,1.0
2023-01-04,2901.1533203125,2933.0319175710515,2886.4400312786356,2918.6071704354563,836382,-0.0037645786881117527,-0.0016949698086688781,0.009270716121285402,36.27174972362913,-24.45948625538813,-17.180483943535368,2971.7921498540977,3097.197697990696,2873.9406320874295,51.20290314441652,-0.02787763826367118,864704.05,0.9672465394373947,-0.010399069487028845,-0.020496923885392038,-0.05188796851894306,0.0,0.0,0.0,0.0,0.0,0.0,0.0
2023-01-05,2889.1328125,2929.7625185463594,2880.525858544867,2922.98284016768,1113920,-0.004143354895564499,-0.0027250311182833277,0.008864676709164318,34.844877163580634,-27.97845633971474,-19.340078422771242,2963.9198320108508,3081.719053439023,2868.5419084750392,51.06245720563623,0.3318316271751425,877834.45,1.2689408578120853,-0.0028154392892826285,0.0023380873777387734,0.010919914484911919,0.0,0.0,0.0,0.0,0.0,0.0,0.0
2023-01-06,2864.177490234375,2907.5479873972154,2838.790031022517,2894.5657159138805,1045526,-0.00863765146332296,-0.0025964115426500454,0.008757302568922055,32.027978288343064,-32.40737933478158,-21.95353860517331,2954.420561365472,3063.0384371322366,2863.3206937271384,52.32642143199782,-0.06139938236139042,887716.8,1.1777697572018464,-0.007375503705446151,-0.006648019646286585,-0.0015250062632974348,1.0,0.0,1.0,0.8289601802825928,0.0,0.0,2.0
2023-01-09,2869.70703125,2901.9222981410403,2837.8284356853487,2878.5062674018286,808263,0.0019305860179679168,-0.0023428621819665428,0.008857500780479267,33.31437560371242,-35.06691539707981,-24.57621396355461,2946.3526061163793,3054.7978252664743,2854.040016530401,53.16695293369023,-0.2269317071024537,861939.15,0.9377262884508727,0.013536251708490266,0.006105450431492132,0.013745727825500209,0.0,0.0,0.0,0.0,0.0,0.0,0.0
2023-01-10,2846.8203125,2870.524888100327,2838.9827251214197,2869.70739179226,864325,-0.007975280577694033,-0.00499081984202393,0.005089217520708592,30.722684539153136,-38.576695683529124,-27.376310307549517,2936.8733400576766,3043.2421369150707,2844.617311327117,51.622325079777184,0.06936108667599528,860825.35,1.0040654588064815,-0.010333504750958511,-0.007702224802253688,0.00564967909129277,0.0,1.0,0.0,0.0,0.9629377126693726,0.0,1.0
2023-01-11,2827.635009765625,2860.81192823823,2822.4421946984185,2860.81192823823,890426,-0.006739203963852192,-0.006021355404055928,0.004113882528478971,28.70662437953402,-42.417354579831226,-30.38451916200586,2926.4696895536717,3038.223262924503,2829.869461684872,50.67571139835106,0.030198131489890923,850153.15,1.0473712883378719,-0.0010299775022909463,-0.00047037914224179467,0.03208489068391862,0.0,0.0,0.0,0.0,0.0,0.0,0.0
2023-01-12,2804.122802734375,2827.106374766739,2784.9379353905406,2826.2888784919887,1558620,-0.008315149214819906,-0.00657915439404021,0.003995558841258407,26.418585932088405,-46.818646816408545,-33.67134469288639,2914.8176050946913,3036.1198150760274,2811.3311126583476,50.105808753832015,0.7504205852030377,888127.95,1.7549498357753521,-0.00209547554088918,0.00047060050290270716,0.01645095730584445,0.0,0.0,0.0,0.0,0.0,0.0,0.0
2023-01-13,2797.583251953125,2812.8254942690755,2761.617645527254,2812.8254942690755,1507864,-0.0023321199680959026,-0.0059375969573900785,0.004121747075395451,25.80258189399838,-50.255080433697,-36.988091841048515,2903.6524286050185,3041.452463741907,2791.8862325471555,50.18452589583127,-0.032564704674648115,903880.1,1.6682124100309323,0.005510095918388247,0.0029401388167591413,0.014875639868603407,0.0,0.0,0.0,0.0,0.0,0.0,0.0
2023-01-16,2804.21875,2817.2491508336598,2784.93762590378,2812.8254681521257,644073,0.00237186794789479,-0.004383989567716873,0.0040219613908611925,27.64609512171478,-51.84540800551167,-39.95955507394115,2894.1825544521594,3040.7363126301907,2776.7447908854347,48.90788296969189,-0.5728573664468414,903304.05,0.7130190548796941,-0.003438847072569362,-0.0014071437901129746,,0.0,0.0,0.0,0.0,0.0,0.0,0.0
2023-01-17,2828.11572265625,2831.914427080682,2799.5066419180816,2812.8255851812473,716489,0.008521793335933614,-0.0029083091469664923,0.005646455981047678,34.00553708300187,-50.59424907631501,-42.08649387441592,2887.890475233501,3035.8475552763502,2768.0502230439624,47.72930455489963,0.11243446006896729,902165.65,0.7941878523084979,0.008854568511824201,0.011742602497281096,0.007504683381911681,0.0,0.0,0.0,0.0,0.0,0.0,0.0
2023-01-18,2832.298828125,2846.483161446397,2817.0086915404977,2834.8952354045505,893808,0.001479113968087864,-0.0023839398813465308,0.005799509932450558,35.08118034194365,-48.70372869181574,-43.40994083789589,2882.596032651739,3031.0836576868123,2760.8512300085004,46.42538779425674,0.24748321328031553,916039.85,0.975730477227601,0.006206556323560042,0.00034824609636396886,-0.010940349534963922,0.0,0.0,0.0,0.0,0.0,0.0,0.0
2023-01-19,2756.23193359375,2859.561371928088,2734.546922727722,2841.5783364132308,2379947,-0.02685694524034621,-0.004655298915824701,0.009700805067299244,26.593073313942924,-52.73553788375375,-45.27506024706746,2870.5613565509784,3028.8181152185234,2741.729614273664,52.0388921804074,1.662704965719707,1001877.1,2.3754879715286434,-0.003165367099256078,-0.0009282385490926304,0.013885623188546248,0.0,0.0,0.0,0.0,0.0,0.0,0.0
2023-01-20,2680.887451171875,2738.7787241581427,2674.348185352456,2738.7787241581427,3171005,-0.027336045818044052,-0.006525138351296811,0.012067148810207118,21.13759660329444,-61.3037740206787,-48.48080300178971,2852.497175086302,3038.636518264554,2705.9370901338834,54.170667613327886,0.33238471276881376,1098884.45,2.885658269165607,-0.004428975305189153,-0.007200036404200638,0.017061206230601034,0.0,0.0,0.0,0.0,0.0,0.0,0.0
2023-01-23,2677.66552734375,2692.6192275092203,2661.7022827901756,2692.6192275092203,1402260,-0.0012018124172712419,-0.006838378194820726,0.011862181062633606,20.939770051234447,-67.57518059834001,-52.29967852109977,2835.8465419679637,3042.7471106160037,2675.708065165246,52.50968740659338,-0.5577868845996774,1142153.25,1.227733668839974,0.005042276095628795,-0.006316556626330239,0.006390564938268728,0.0,0.0,0.0,0.0,0.0,0.0,0.0
2023-01-24,2702.812744140625,2718.679964210641,2677.6654635872474,2687.8109148905974,1061471,0.009391470495503151,-0.005101703087501008,0.012902872605496794,26.70556653664964,-69.7125424677156,-55.782251310422936,2823.176656460598,3029.4706047407467,2659.9427253373783,51.68860263636484,-0.24302839701624523,1158774.75,0.9160287622767065,-1.3798013043020418e-05,-0.01012357337956149,-0.02335871562490266,0.0,0.0,0.0,0.0,0.0,0.0,0.0
2023-01-25,2668.578369140625,2703.1977641997464,2660.9814291359926,2703.101505302352,857953,-0.012666203041337587,-0.005694402995249548,0.013120740205610892,24.126016172806004,-73.32361609793634,-59.29052426792562,2808.4530100491725,3012.733843333569,2643.146771900806,51.01201209546406,-0.19173203978252817,1153058.7,0.7440670626742594,-0.01249297962501228,-0.018313740001129397,-0.0001160397904870214,0.0,0.0,0.0,0.0,0.0,0.0,0.0
2023-01-27,2618.235595703125,2666.510600934349,2582.8470727553918,2660.5002900019526,1801498,-0.018865015927455042,-0.0067493896665130615,0.013763281171231406,20.925132763056496,-79.3331558135178,-63.29905057704406,2790.3370658257395,2998.5188380661416,2619.617001777608,53.49196097330472,1.0997630406327619,1213320.35,1.4847669867236628,-0.016074246906178757,-0.012598454771729273,-0.009260289782664799,0.0,0.0,0.0,0.0,0.0,0.0,0.0
2023-01-30,2660.115478515625,2669.5396929751982,2592.84812578688,2619.5339062191783,1171912,0.01599546002706198,-0.004916631666997273,0.015524450516424558,29.325529677414337,-79.79655775021502,-66.59855201167827,2777.935009891443,2978.6016410309303,2608.597943930007,55.14907570294856,-0.3494791556804393,1230104.95,0.9526926950419963,0.0025334426073457816,-0.001349497753507789,-0.020309278350515436,0.0,0.0,0.0,0.0,0.0,0.0,0.0
2023-01-31,2621.31298828125,2673.3380973679728,2613.8120734950803,2654.15323237214,1961805,-0.014586769088696605,-0.006612495370656413,0.015566013079200662,26.51497884694956,-82.34561481048104,-69.74796457143881,2763.0186268809484,2966.4670959424957,2589.8250671434416,55.46171485794455,0.6740207455849927,1277395.7,1.5357848785619053,0.0007479862801675896,0.011179331186655483,-0.004829253883869455,0.0,0.0,0.0,0.0,0.0,0.0,0.0
2023-02-01,2638.526611328125,2671.46311663582,2601.070398962959,2644.3446395132155,1176872,0.006566794245414176,-0.006807995279708356,0.015365804916625274,29.73233029482563,-82.03116121224411,-72.20460389959987,2751.162244447346,2951.6173748789347,2577.315828246065,56.528215059009995,-0.40010755401275866,1293220.95,0.9100316539103391,-0.0025959245256645946,-0.009354818855866975,-0.01952895688954026,0.0,0.0,0.0,0.0,0.0,0.0,0.0
2023-02-02,2601.8876953125,2635.882109756223,2590.6845690197974,2635.882109756223,1308570,-0.013886127150782301,-0.008344519391595372,0.015212518069951358,27.02058191523014,-83.77272891615712,-74.51822890291133,2736.945620720218,2938.3936089586714,2560.6130316663284,55.907774148246965,0.11190511797374736,1316830.35,0.9937270962808534,-0.0003349392530399564,0.0038017850050533486,-0.008087858505117507,0.0,0.0,0.0,0.0,0.0,0.0,0.0
2023-02-03,2654.538330078125,2657.904104778879,2596.454769153374,2601.8879972591817,1278409,0.020235552387783295,-0.003635269628782423,0.016107715932574995,36.04721119932689,-79.98247942747912,-75.61107900782488,2729.097307325733,2919.5250371467423,2556.0221552360704,56.303599968051124,-0.023048824289109482,1325054.8,0.9647970785812028,0.013835596307890219,-0.008185720472854263,-0.027138807073526894,0.0,0.0,0.0,0.0,0.0,0.0,0.0
2023-02-06,2648.575927734375,2658.9617929045335,2613.7642506743296,2654.538109753865,1120284,-0.002246116500255857,-0.0011262766970036031,0.013793634249193188,35.511541493434706,-76.57706272812993,-75.8042757518859,2721.428604507508,2902.9605657702455,2551.0264703625667,55.51031012963347,-0.12368889768454383,1328792.7,0.8430841018316853,-0.005010133160870178,0.0051737032153076346,0.013134793473804196,0.0,0.0,0.0,0.0,0.0,0.0,0.0
2023-02-07,2652.2783203125,2668.0974128202306,2642.757846273393,2656.0767901277627,732250,0.001397880475827007,-0.0008663074076937782,0.013816531706936004,36.146081255518084,-72.74098057593301,-75.19161671669532,2714.842863155603,2882.0578900483642,2550.1862749906986,53.35525701657661,-0.3463710987571009,1324992.05,0.552644825302914,-0.0024261514654264627,0.008823544371361791,0.03333750646812339,0.0,0.0,0.0,0.0,0.0,0.0,0.0
2023-02-08,2659.53857421875,2677.2328352532836,2639.0553881141686,2661.8464396483796,811956,0.002737365023363969,-0.0015317179549076965,0.013422227299829217,37.44591130530163,-68.32738050888747,-73.81876947513376,2709.5757880187602,2862.9882133728033,2550.527777838134,52.27112773961506,0.10885080232161148,1322373.6,0.614014072876228,0.008475536424681795,0.0001214475029822637,0.01672832901952126,0.0,0.0,0.0,0.0,0.0,0.0,0.0
2023-02-09,2706.65966796875,2712.1891544147215,2660.067546527856,2675.2616605871262,946372,0.01771777037068989,0.0015066793862950512,0.014046166459301417,45.237570705239335,-60.331824481899275,-71.12138047648686,2709.298062299712,2846.7889397475747,2554.6295172836753,52.29823148649767,0.16554591628117787,1325170.9,0.7141509068754831,0.0012170079483646568,-0.005830180813965691,-0.006933792023538943,0.0,0.0,0.0,0.0,0.0,0.0,0.0
2023-02-10,2697.04296875,2722.3822986642,2685.887737796843,2721.4687783619997,700072,-0.0035529768786805027,0.0030378832911725053,0.012305380157574965,44.032147685635636,-54.14710189721427,-67.72652476063234,2708.130910533073,2833.5161428308897,2557.194330801923,51.16939787084476,-0.26025706593179,1282243.5,0.5459743020728902,-0.0020649578680046465,0.013561362963881995,0.02236685668222993,0.0,0.0,0.0,0.0,0.0,0.0,0.0
2023-02-13,2683.724365234375,2720.507472632105,2673.386629168346,2706.5635495662987,467228,-0.0049382244443060275,0.0009445148440357043,0.011617510789937235,42.349080204094186,-49.746913236418095,-64.1306024557895,2705.8064776474826,2819.6459049432997,2559.678680017638,50.88021541319576,-0.3326000754208138,1230211.7,0.37979479466826727,-0.00479375070002519,-0.01675501903081522,0.002546605188765483,0.0,0.0,0.0,0.0,0.0,0.0,0.0
2023-02-14,2670.50146484375,2697.1872464964017,2658.961667372333,2697.1872464964017,524746,-0.0049270709622484254,0.0019104846566805223,0.010533664420328078,40.68630834603604,-46.787373852579094,-60.66195673514743,2702.4440954756988,2801.996289828405,2563.956566616907,49.97631282111525,0.12310477967930011,1224245.35,0.4286281340582588,0.0089443537049958,-0.01838911336952742,-0.011892377000789156,0.0,0.0,0.0,0.0,0.0,0.0,0.0
2023-02-15,2679.300537109375,2690.984723223754,2648.3835894802605,2670.501535216661,817717,0.0032949138509983378,0.0015832966172389384,0.010423198912666883,42.30956553375184,-43.233536674791594,-57.176272723076266,2700.2399470598584,2774.196133871833,2576.875204018792,49.44951431557083,0.5583101157512396,1229306.75,0.6651854795395861,0.004796470794436125,0.012988589010058949,-0.0023370480644713254,0.0,0.0,0.0,0.0,0.0,0.0,0.0
2023-02-16,2698.34130859375,2725.652304784861,2683.099299569851,2689.7345895227695,788964,0.007106620261763341,0.0036825713584935026,0.008974792898458745,45.768305360623295,-38.437579489170275,-53.42853407629507,2700.0591243488007,2737.7110315588084,2599.9645543786914,49.228246698421906,-0.03516253178055484,1224064.55,0.6445444400787523,0.0011101336008929596,0.01331531149452081,-0.0028109378249004946,0.0,1.0,0.0,0.0,0.9064093232154846,0.0,1.0
2023-02-17,2724.9306640625,2736.710872802038,2678.675219916967,2695.4559601046753,840526,0.009853963019454737,0.002644412421660647,0.007289484987353923,50.253531014643116,-32.12093989621371,-49.16701524027881,2702.427842416772,2729.203821631209,2605.341637353166,49.85734714032542,0.06535405924731674,1147093.5,0.7327441049923131,-0.005081567689351307,-0.017763762242861802,-0.02513506465808857,0.0,0.0,0.0,0.0,0.0,0.0,0.0
2023-02-20,2717.189453125,2742.6250416362345,2704.2553111569887,2735.893493497576,646218,-0.002840883637735936,0.002584935707912639,0.007336099079635589,48.983350675028525,-27.423487641518932,-44.81830972052684,2703.83371010327,2734.53663057533,2603.6390286043575,49.036803093105455,-0.23117428848126054,1020854.15,0.6330169691723347,-0.005550518480140765,-0.006936672452141357,,0.0,0.0,0.0,0.0,0.0,0.0,0.0
2023-02-21,2709.063720703125,2729.8352153263954,2697.4276643184817,2728.20045763691,631934,-0.0029904916687092387,0.0021460984934590145,0.007543324176280639,47.622686367345764,-24.078835753215117,-40.6704149270645,2704.331806350875,2738.322989418321,2602.992489097304,47.84899937273462,-0.02210399586517242,982337.85,0.643295990274629,-0.001003126492992057,-0.011974599569563926,0.0006024464067206914,0.0,0.0,0.0,0.0,0.0,0.0,0.0
2023-02-22,2688.72509765625,2706.034796543216,2673.386828098085,2702.188196790557,580270,-0.0075076207663348216,0.0011215999144891353,0.008127213426442704,44.30525847775961,-22.806433568076045,-37.097618655266814,2702.845453141863,2736.5498919902034,2603.3568218769838,46.97956317504214,-0.08175537318770632,958277.8,0.6055342198264427,-0.015280363131582653,-0.016664501424975553,-0.029500355058504235,0.0,0.0,0.0,0.0,0.0,0.0,0.0
2023-02-23,2602.176513671875,2697.9569381280908,2596.551002593894,2697.42798372474,1790570,-0.03218945070279555,-0.003869122192859409,0.011448360050431332,33.584049419106236,-28.453795438095767,-35.36885401183261,2693.257935097102,2739.4986770504147,2593.7678512698976,50.86716120069605,2.0857531838626846,1004908.65,1.7818236513338799,-0.002452434977984641,-0.017845710589775576,0.01997519405497883,0.0,0.0,0.0,0.0,0.0,0.0,0.0
2023-02-24,2633.477783203125,2656.0765518375138,2606.0707659231216,2608.0903242653862,1429040,0.012028880195787073,-0.0023109364854126515,0.012507560538861767,39.30451702302881,-30.057139556693983,-34.306511120804885,2687.5645872976756,2738.5180525760434,2596.2726944942688,51.08379526962053,-0.20190777238532986,986285.75,1.4489107238951795,-0.002595429723749043,-0.005359445210375791,0.01155582761484486,0.0,0.0,0.0,0.0,0.0,0.0,0.0
2023-02-27,2644.44091796875,2652.855354440603,2620.544059255369,2635.305244085024,561317,0.004162987375686322,-0.0014008153034134163,0.012625712205129272,41.21431830378643,-30.096237280199148,-33.46445635268374,2683.4575711711113,2738.380445046614,2594.8428459690113,49.742902406450064,-0.607206936124951,955756.0,0.5873015706937754,-0.004185411445805309,0.021816237420573703,-0.008537838896112149,0.0,0.0,0.0,0.0,0.0,0.0,0.0
2023-02-28,2720.315185546875,2730.1239672160436,2622.8518778008324,2644.5371292159634,1815923,0.028691988186450246,0.001961090611456451,0.015687205357248834,52.38167453585947,-23.731244210842306,-31.517813924315455,2686.967820159279,2743.8055551731945,2599.3179555689926,53.852130049933,2.2351113541902348,948461.9,1.914597729228765,-0.0051027157362857345,0.01144697673834405,0.017465160639244193,0.0,0.0,0.0,0.0,0.0,0.0,0.0
2023-03-01,2731.95068359375,2743.875281372328,2708.0538281490344,2719.545495717463,816598,0.004277260998539756,0.0020593253262105927,0.015699556849797812,53.83015414254673,-17.545796871158473,-28.72341051368406,2691.2519023911336,2751.352772742447,2601.1131452263025,52.564224562315914,-0.5503124306482159,930448.2,0.8776394000224839,0.008492348770636093,0.011571687822260479,0.005006534414126351,0.0,0.0,0.0,0.0,0.0,0.0,0.0
2023-03-02,2725.21923828125,2739.740243980394,2703.197552063492,2722.4305478092297,604523,-0.0024639702879427627,0.0011022662712399823,0.01564931721698302,52.82895987612321,-13.036677961905752,-25.5860640033284,2694.4868867616206,2752.151720255743,2612.647352009882,51.41982937335779,-0.25970550993267194,895245.85,0.6752592039382255,-0.007392168719804415,0.020615995492221817,0.005218864359478381,0.0,0.0,0.0,0.0,0.0,0.0,0.0
2023-03-03,2720.36279296875,2742.624889164294,2702.8605809590326,2728.248273394387,679295,-0.0017820383931983486,-6.133387002532631e-05,0.015356133514936164,52.076421370038226,-9.742735103950963,-22.417398223452913,2696.951258781347,2756.082740384035,2615.2987781706524,50.58729214706519,0.1236876016297146,865290.15,0.7850488070388875,0.015728598629827895,0.014903282697484643,0.01274338443722356,0.0,0.0,0.0,0.0,0.0,0.0,0.0
2023-03-06,2754.6943359375,2773.398379998222,2721.7096965984633,2733.970733125848,1050267,0.012620207516984783,0.0014847752454467456,0.015816617807535086,56.76510158104962,-4.31228373791555,-18.79637532634544,2702.4505994628853,2765.288108619884,2616.705250755116,50.762170352951394,0.5461132497663019,861789.3,1.2187050825532413,0.006655523618366965,-0.005218431787583411,0.004077810400261006,0.0,0.0,0.0,0.0,0.0,0.0,0.0
2023-03-08,2749.885498046875,2759.9346906443657,2718.5837527706,2759.9346906443657,580250,-0.0017456883792474898,0.0016092555743929204,0.015782344275878917,55.939535716717764,-0.3921247644848336,-15.11552521397332,2706.968208851837,2772.1508946218655,2619.603182526572,50.08993946158099,-0.4475214397862639,854189.3,0.6792990734021135,0.0024250512391459367,-0.006831812294373019,-0.0075639001860128285,0.0,0.0,0.0,0.0,0.0,0.0,0.0
2023-03-09,2744.11572265625,2762.2908092293596,2728.0562186019392,2752.241616181735,774224,-0.0020981875044335796,0.0021501989005830446,0.015525760030530024,54.9077082629462,2.2234265341294304,-11.647734864352772,2710.5060673094,2777.225708664756,2622.9860833274315,48.95741454485523,0.33429383886255915,852302.7,0.9083908803761856,-0.009282249899975281,-0.011669328442323712,-0.012944680338905279,0.0,0.0,0.0,0.0,0.0,0.0,0.0
2023-03-10,2721.6611328125,2734.931946597537,2699.350905098202,2734.931946597537,489978,-0.008182814470380384,0.004550862523824561,0.010746424691509538,50.96755660470349,2.4560601106463764,-8.826975869352943,2711.5684545001714,2778.506148426763,2623.2057900498,48.65794333151185,-0.36713664262539003,829483.0,0.5907028836034012,-0.010045664635585094,-0.010315669953785966,0.014585151303084576,0.0,0.0,1.0,0.0,0.0,0.927485466003418,1.0
2023-03-13,2677.425537109375,2740.173191502104,2665.8857386003674,2715.2184241819355,813217,-0.01625316067816751,0.001722658436429103,0.012185009197734221,44.23342464593095,-0.9184318739344235,-7.245267070269239,2708.3167480820002,2778.1859597838393,2621.564235528661,50.48862258652792,0.6597010478021461,835140.25,0.9737490199999341,-0.014851035931626178,-0.01984175315230141,-0.02428125351377952,0.0,0.0,0.0,0.0,0.0,0.0,0.0
2023-03-14,2640.3056640625,2680.0697406076083,2634.9684609609885,2676.223141583495,1060450,-0.013864016956733227,-8.004199681285184e-05,0.013084180432448168,39.51527120253719,-6.512927639109876,-7.098799184037367,2701.839501984905,2779.991911037112,2615.4164141582005,50.103812376534485,0.30401848461111847,864801.35,1.226235366075689,-0.006470680525861194,-0.0101217481282031,-0.04110436836460141,0.0,0.0,0.0,0.0,0.0,0.0,0.0
2023-03-15,2718.968505859375,2756.4249527751335,2659.153936239376,2665.885484728586,2170346,0.02979308148581583,3.0067333123706685e-05,0.013355042923497408,51.35644237953166,-4.546759703366661,-6.588391287903226,2703.470835687235,2781.9212803548744,2618.333748942001,54.81920354339871,1.0466273751709179,947081.35,2.2916151817370283,-0.004174683738684903,-0.008542552154408356,-0.04854738095533617,0.0,0.0,0.0,0.0,0.0,0.0,0.0
2023-03-16,2782.29345703125,2788.7845935852847,2720.2189116219215,2740.702100592435,1755487,0.023290064241424657,0.0019313476574121969,0.015246328070950499,58.414438379696826,2.097063242375043,-4.851300381847573,2710.977752005713,2793.86407001464,2616.6902512744223,55.89040955643521,-0.1911487845716766,993969.85,1.7661370714614735,0.0007924286811309411,0.011096605744125299,0.013705990953644331,0.0,0.0,0.0,0.0,0.0,0.0,0.0
2023-03-17,2752.866455078125,2811.8156293992442,2745.5580581311065,2811.8156293992442,1848073,-0.010576527029799387,0.0011200919832265344,0.015714824665775954,54.459959761401905,4.930986326197399,-2.894843040238579,2714.9671522983235,2798.8947683600823,2617.1120675774177,56.63092110727111,0.05274092032581268,1046925.3,1.7652386469216093,0.006738129621978839,0.030342156229825612,-0.02315924763340671,0.0,0.0,0.0,0.0,0.0,0.0,0.0
2023-03-20,2745.654541015625,2803.209379826441,2722.478919942746,2803.209379826441,1074367,-0.0026197834803052267,0.0010363174745158465,0.015734235689386887,53.50398946048467,6.519793474335984,-1.0119157373236662,2717.88976074759,2801.143671805501,2616.9355518273114,58.35231673415853,-0.4186555401220623,1058617.35,1.014877566478577,-0.0065292432199922645,-0.010025062656641603,0.011237490490702662,0.0,0.0,0.0,0.0,0.0,0.0,0.0
2023-03-21,2730.219970703125,2776.28290102446,2726.2771127136625,2748.5392110986086,691891,-0.005621453858062786,-0.0007878486629889104,0.015293277913991741,51.42353738419773,6.459037984565839,0.48227500705423487,2719.0640664576413,2802.2000424582284,2617.182232932397,57.75613613248988,-0.35600125469229793,1060901.0,0.6521730114308498,0.007010642946744028,-0.0007594627670094445,0.020734500072013384,1.0,0.0,0.0,0.9117625951766968,0.0,0.0,1.0
2023-03-22,2730.94140625,2743.731161366338,2706.9001601248624,2716.6608121405507,731807,0.0002642408137865093,-0.0005868557436855104,0.015292498516884698,51.51843075980474,6.395380673133332,1.6648961402700544,2720.1952416759614,2803.7546255078882,2617.815418437424,56.261483640274555,0.057691168117521396,1065894.65,0.6865659753522546,0.0025953757489405316,-0.001013489743326046,0.018189096549826145,0.0,0.0,0.0,0.0,0.0,0.0,0.0
2023-03-23,2690.503662109375,2714.737188354864,2661.606040761309,2709.06354885779,1016581,-0.01480725439516195,-0.0018577624327583476,0.015946187889944983,46.08422179777841,3.0468219287636202,1.941281297968768,2717.3674721934294,2803.762346714979,2617.985553675646,57.195332343732865,0.38913811975015267,1087710.2,0.934606478821289,-0.004372693304643627,-0.010778595312134542,-0.01017080133610404,0.0,0.0,0.0,0.0,0.0,0.0,0.0
2023-03-24,2691.17724609375,2707.6694479734106,2666.511020061223,2690.5041381190754,784111,0.00025035609274981496,-0.0010144453764453277,0.015796814790953313,46.18604766414552,0.44231882091662555,1.6414888025583394,2714.873164945841,2794.4669485591803,2636.1810250736326,56.04983917005105,-0.22867828535060164,1037387.25,0.7558517805187985,-0.007720933328590696,-0.023330280401822723,-0.01211969113366107,0.0,0.0,0.0,0.0,0.0,0.0,0.0
2023-03-27,2696.225830078125,2711.852640506576,2679.6373697771537,2691.1771682473945,791560,0.0018759760219075883,0.0007984682935621823,0.014866531202377024,46.99408071102876,-1.2005509180544323,1.0730808584357852,2713.0972282917724,2788.8703582516764,2648.052420068636,54.34736999572042,0.00949993049453468,1005513.25,0.7872198601062691,0.0023988383407489433,-0.011550135905157188,0.041738964821663505,0.0,0.0,0.0,0.0,0.0,0.0,0.0
2023-03-28,2677.66552734375,2702.8128084958967,2658.961487165355,2683.9643799922264,558581,-0.0068838086659221975,0.0014964891226432852,0.014252798262134861,44.35715399395611,-3.9546120323207106,0.06754228028448606,2709.722780582437,2784.8021265769235,2655.443112680889,53.597652233921956,-0.2943289201071302,1005376.45,0.555593877298399,-0.002001683861354908,-0.012083356633835196,0.006784418339258913,0.0,0.0,0.0,0.0,0.0,0.0,0.0
2023-03-29,2664.250732421875,2686.6090899489673,2649.345160737147,2677.665699982574,1087648,-0.00500988446274786,-0.001983807472213084,0.010267486107414032,42.50090289446749,-7.137411508407695,-1.3734484774539502,2705.39210932905,2786.430412951912,2648.2083809934006,52.43095773234325,0.9471625422275374,968962.7,1.1224869646685058,0.007609856589321451,0.024596757786248258,-0.00470442135287541,0.0,0.0,0.0,0.0,0.0,0.0,0.0
2023-03-31,2655.740234375,2668.5783538804626,2642.1329828059716,2650.3551360410547,1967803,-0.00319433075247344,-0.004632246971602893,0.005178437088208635,41.319537819918395,-10.228619927788259,-3.144482767520812,2700.6633593334263,2787.22343174156,2639.7943172818773,50.574844399639524,0.8092278016417076,1026522.95,1.9169595769875385,0.016337198944623932,0.01626659400843411,0.006307556719743257,0.0,0.0,0.0,0.0,0.0,0.0,0.0
2023-04-03,2670.50146484375,2674.973042452812,2604.772607835025,2641.603841720187,1035295,0.005558235808489798,-0.003018770687773975,0.00561569539361801,44.21587338363126,-11.356407342299917,-4.7868676824766325,2697.790797953457,2786.5779760030164,2634.9679956766713,51.97667227236433,-0.4738828022927092,1048061.55,0.9878188928884949,0.002206297973761151,0.009035755634052123,0.06468602080050201,0.0,0.0,0.0,0.0,0.0,0.0,0.0
2023-04-05,2700.793701171875,2703.726780275762,2646.7008951576618,2654.1536817640645,668643,0.011343276432127736,-0.0016224646965306787,0.007229851813879097,49.702383851098894,-9.694109030146137,-5.768315952010534,2698.0767887361635,2785.5843154193985,2634.0047470806016,52.33733033277404,-0.3541521981657402,1047528.95,0.6383050320470857,0.009138954817361267,0.005117052497807251,0.000588596902828753,0.0,0.0,0.0,0.0,0.0,0.0,0.0
2023-04-06,2702.091552734375,2716.660452043966,2679.9254797895787,2699.783452545627,627554,0.00048054450139489724,-0.0010122648605849105,0.007111368912058149,49.929603026864505,-8.177732062303676,-6.250199174069163,2698.459147212184,2780.1376032007993,2634.191180978888,51.22287618431784,-0.061451327539509104,1026393.3,0.6114166957247285,0.002397874785437182,0.028382318246792604,0.0015296492067322642,0.0,0.0,0.0,0.0,0.0,0.0,0.0
2023-04-10,2669.87646484375,2702.2358860809027,2649.4414069863765,2702.2358860809027,1215461,-0.011922278450567259,-0.0022309167870202874,0.007871833859818983,44.54984485996728,-9.466358462677817,-6.893431031790894,2695.736986986619,2775.095396766443,2631.232484092932,51.33513353504701,0.9368229666291665,1058153.85,1.1486618888170184,0.0014148632219350699,0.04294555966216729,-0.011043261408306249,0.0,0.0,0.0,0.0,0.0,0.0,0.0
2023-04-11,2648.19091796875,2683.002589195594,2644.5847316929494,2683.002589195594,1246379,-0.008122303470048053,-0.0015624216945088975,0.00691027598240648,41.322213273672354,-12.097988487613293,-7.934342522955374,2691.2087899372978,2771.519020589239,2625.2163798013858,50.41247096130396,0.025437262075870715,1081761.6,1.1521753036898332,0.005574768321964241,-0.0028480175380285466,0.016987411499069127,0.0,0.0,0.0,0.0,0.0,0.0,0.0
2023-04-12,2679.87744140625,2698.5814820923397,2645.498462836133,2649.8740161551564,2235399,0.011965347068633836,-0.0003909225969204955,0.00813604797882576,47.32721255102323,-11.494238193187812,-8.646321657001861,2690.129613886722,2769.0350826145063,2623.521948635494,50.60322441093986,0.7935146532475275,1169032.65,1.9121784152050845,0.005083967961446945,0.0007140742946691869,0.02009112496718224,0.0,0.0,0.0,0.0,0.0,0.0,0.0
2023-04-13,2701.995361328125,2705.4092648661913,2675.309581000033,2679.829287829778,602597,0.008253332626386278,0.00024681306352737354,0.008571754272125694,51.08985184121444,-9.12583351640069,-8.742224028881628,2691.2596850716177,2769.7768538169134,2625.237159854961,49.1386858005983,-0.7304297800974233,1158501.65,0.5201520429427097,0.0008757724412713497,0.011297419103560635,-0.014199077833101703,0.0,0.0,1.0,0.0,0.0,0.6821613907814026,1.0
2023-04-17,2734.066650390625,2736.4707748995056,2698.3893487677215,2716.6606950352148,754555,0.011869483390502866,0.00212214226916988,0.008884110939706083,55.99818154238159,-4.607854274429428,-7.915350077991189,2695.336538911523,2771.1003704715886,2633.2897418330986,48.34888153854015,0.25217184951136495,1143206.9,0.6600336299579718,-0.006795512150830185,0.009877661262643889,-0.017958469078985018,0.0,0.0,0.0,0.0,0.0,0.0,0.0
2023-04-18,2745.125732421875,2748.827943446275,2721.565311296844,2738.7787495546268,717724,0.004044920422722642,0.00302762275771693,0.008530853585483724,57.5790736933743,-0.13340981427336374,-6.3589620252476236,2700.0783668648896,2774.5904635514685,2632.4153714094687,46.84272086788951,-0.0488115511791718,1070575.8,0.6704093255237041,-0.0026373533282438855,0.010363326200009348,0.0001179153679098377,0.0,0.0,0.0,0.0,0.0,0.0,0.0
2023-04-19,2701.947265625,2743.298205028126,2693.2442883997182,2727.575372424066,799624,-0.0157291399395324,0.0017741418390110342,0.010286833349994329,50.02242577625767,-0.07070669322638423,-5.101310958843376,2700.256357222995,2760.704708586824,2638.266507233489,47.20262966462288,0.11411071665431272,1022782.65,0.7818122452507382,-0.002344283016240789,0.0016134186460887712,-0.01946436194201895,0.0,0.0,0.0,0.0,0.0,0.0,0.0
2023-04-20,2734.7880859375,2741.663788620078,2705.2652470066528,2711.8526425494983,761101,0.012154500841045524,0.0024337683422666068,0.010757177851391969,54.87339620077352,2.59900599569346,-3.5612475679360087,2703.5450932910435,2757.095448821775,2640.067930084475,46.667907759655385,-0.048176392904665244,968434.05,0.7859089630316075,0.0003234746363958152,-0.0042572215807283875,-0.02430226426507187,0.0,0.0,1.0,0.0,0.0,0.8575262427330017,1.0
2023-04-21,2771.57080078125,2776.282790581209,2737.9130599879204,2737.9130599879204,894930,0.013449932385214636,0.0026444339375752968,0.01096957719141482,59.60292468209855,7.595276597104203,-1.3299427349279664,2710.0237320996343,2763.434208727201,2636.3207961556113,46.29839325137351,0.17583605855201867,959462.2,0.932741279437585,-2.260708945023282e-05,-0.021261871845359215,0.006905119587233832,0.0,0.0,0.0,0.0,0.0,0.0,0.0
2023-04-24,2780.225830078125,2786.861119785549,2742.6252289953018,2771.5709818800333,782967,0.0031227884542712747,0.0029086583328629344,0.01094345504078251,60.648032487958176,12.113607449844949,1.3587673020266167,2716.7096461928236,2773.9423587703927,2630.8132320499194,46.151071647007335,-0.12510810901411284,964016.0,0.8121929511543377,0.006771973756565242,0.010625737898465104,0.013103106133225628,0.0,0.0,0.0,0.0,0.0,0.0,0.0
2023-04-25,2786.861083984375,2790.4672706872534,2754.3091447686147,2780.1776649172634,636120,0.0023865881089464303,0.004339544988814304,0.009647534971802986,61.470981263400525,16.044871450070787,4.2959881316354505,2723.3907355063047,2784.889059276207,2625.4584993175436,45.437289809266716,-0.18755196579166167,959231.65,0.6631557663886507,0.0014568576938982503,0.004906556316625288,-0.02369160684559457,0.0,0.0,0.0,0.0,0.0,0.0,0.0
2023-04-26,2798.400634765625,2804.6032283922855,2777.292470747601,2785.8510591902477,569221,0.004140698238446872,0.005565845159663796,0.008611220917550169,62.92317619012758,19.862608020261632,7.4093121093606875,2730.5345354357637,2799.6377872585977,2621.499468600777,44.14253751179656,-0.10516726403823173,936863.65,0.607581476770926,0.0024958627615121465,0.013601502023944834,-0.038132899958769007,0.0,0.0,0.0,0.0,0.0,0.0,0.0
2023-04-27,2788.736083984375,2808.017208001721,2782.8701615055516,2803.689784222266,599461,-0.003453597980640599,0.004023950654736352,0.008717800910606218,60.85443273001533,21.85639634745985,10.298728956980522,2736.0775400594407,2810.2356144146365,2620.657525233801,42.78571672496605,0.0531252360682406,927631.15,0.646227759815957,0.005695152810193838,0.015254028467204916,0.008752738882826572,0.0,0.0,0.0,0.0,0.0,0.0,0.0
2023-04-28,2791.044189453125,2807.9690838446318,2737.4322169734214,2807.9690838446318,1080665,0.0008276528861965726,0.003281382680717382,0.008633365830410961,61.18266432706203,23.353527850919818,12.909688735768382,2741.3124590493153,2820.0081791001953,2620.366796485742,44.76794173541207,0.8027277837924403,942086.4,1.1470975485900232,0.008370013603697934,0.005648440952382927,0.01492915819753926,0.0,0.0,0.0,0.0,0.0,0.0,0.0
2023-05-02,2788.351806640625,2821.192054366399,2782.0529533096164,2799.3145207722773,663800,-0.0009646507291694029,0.001997969268750155,0.00815554941341341,60.54492763869181,24.045580082537526,15.136867005122213,2745.7923969151543,2827.7478148011096,2623.6957887145154,44.36588168693855,-0.38574858998857187,947347.35,0.7006933623659791,0.004575166931912511,-0.0003369892033869837,-0.05030888900005004,1.0,0.0,0.0,0.5610554814338684,0.0,0.0,1.0
2023-05-03,2817.34521484375,2848.7911145929224,2785.8993150945776,2806.0939597673378,1237193,0.010398045230187725,0.002633281749496663,0.008569661757624976,64.79996393770128,26.626627014310543,17.43481900695988,2752.6069510035923,2838.72432900775,2628.0287227500626,45.68916153061043,0.8638038565833082,954824.6,1.2957280321432858,-0.00318502836487633,0.0028093043391543837,-0.0396972633548085,0.0,0.0,0.0,0.0,0.0,0.0,0.0
2023-05-04,2868.457275390625,2871.6305319919757,2810.084943170986,2834.94368506683,1008540,0.01814192321110708,0.006020388064560611,0.007067660791430357,70.7821221762223,32.42269280773735,20.432393767115375,2763.640315230929,2858.421980912668,2629.6027749467066,46.82176347992321,-0.18481595030039777,906861.45,1.1121213720133325,0.009173717607303677,0.0004481884446034812,0.0023503133505013984,0.0,0.0,0.0,0.0,0.0,0.0,0.0
2023-05-05,2897.402587890625,2908.990514416002,2837.8765618538496,2857.061427547088,1326561,0.010090898947085813,0.00581402787516464,0.006896716896683063,73.52605220700683,38.90330839737089,24.12657669316648,2776.379579293757,2882.635305262181,2628.0795629018817,48.556919842939585,0.3153280980427151,921424.75,1.43968457543603,-0.010232406865540389,-0.0030242072624864225,0.03862073174838354,0.0,2.0,0.0,0.0,0.8396746516227722,0.0,2.0
2023-05-08,2903.6533203125,2919.280128909465,2878.217731120995,2899.3740258368857,941879,0.0021573572302306943,0.004684770359666246,0.0064152103345856085,74.09189700539659,44.03600515341759,28.108462385216704,2788.500887962209,2905.46837575197,2625.5324543261545,48.02159683904892,-0.2899844032803618,935086.55,1.0072639800027066,0.010814123118324304,0.016402692980058475,0.02270915026785958,0.0,0.0,0.0,0.0,0.0,0.0,0.0
2023-05-09,2918.4150390625,2956.881033422681,2895.2873129978816,2900.384104206165,1025850,0.00508384339367729,0.004880875853606847,0.00639208895518448,75.42762041411092,48.73308695483911,32.233387299141185,2800.873664257475,2927.959298389071,2624.6738803218664,48.99103423803109,0.08915264062581296,955001.35,1.074186963191204,8.480038171931881e-05,-0.00851112203286808,0.005583694237731862,0.0,0.0,0.0,0.0,0.0,0.0,0.0
2023-05-10,2924.761474609375,2939.763304717275,2903.124355094773,2926.252078687047,751851,0.0021746172021213095,0.004859678762924336,0.0064016237720333794,76.00049665007897,52.36404234767133,36.25951830884721,2812.6725033386083,2945.5444629210965,2632.577216766403,48.108742479779,-0.2670946044743383,931820.85,0.8068621774239115,0.0026908205008338015,0.008584183062465112,-0.013300603652178444,0.0,0.0,0.0,0.0,0.0,0.0,0.0
2023-05-11,3019.33984375,3035.110805954027,2915.241256892468,2935.003206480099,3229605,0.03233712217617901,0.007679321156697549,0.010769381564387741,82.53517768248238,62.15677995330043,41.43897063773786,2832.355107187312,2980.0898083923585,2635.1467638732665,53.234514378477584,3.295538610708771,1030982.15,3.132551809941617,-0.0009882342854272697,0.004752943224217265,-0.01871483099908422,0.0,0.0,0.0,0.0,0.0,0.0,0.0
2023-05-12,3011.021728515625,3057.8058965327527,2967.651229404851,3018.618667887825,1998170,-0.0027549450094508376,0.007749186453816526,0.01069111481467191,80.4601645448397,68.45725999652632,46.842628509495555,2849.370975885247,3007.644593236946,2640.706407739616,55.87166814629359,-0.38129585506586716,1019120.7,1.9606804179328319,0.0009728797753729701,-0.0035203654642808058,-0.010802949476173662,0.0,0.0,0.0,0.0,0.0,0.0,0.0
2023-05-15,3011.886962890625,3046.506353268678,3001.356945272854,3014.002545347064,810281,0.00028735573935123604,0.007695156739131992,0.01073127062171025,80.51503957907521,72.68241536519008,52.010585880634466,2864.848688933378,3031.404535710064,2647.9356254227487,55.10579242126006,-0.5944884569380984,1029504.9,0.7870589056934066,0.004589120522186851,0.04316630287925172,0.014291562817269954,0.0,0.0,0.0,0.0,0.0,0.0,0.0
2023-05-16,3017.75341796875,3044.294812344417,3002.6074331837185,3011.8872601091457,822404,0.0019477673466519185,0.007986398546714124,0.01050731768257691,80.90656912684636,75.63241196664103,56.734951097835776,2879.4110440796044,3054.028437207772,2653.6804006828525,54.14733433121996,0.014961476327348233,1032897.35,0.7962107754463694,-0.006106338807060685,-0.0007408320340189789,-0.004253617978799751,0.0,0.0,0.0,0.0,0.0,0.0,0.0
2023-05-17,2973.85400390625,3027.225570082851,2957.602215504132,3015.733901438223,835371,-0.01454705139296919,0.005491888884398432,0.01261986118011244,69.63107076886816,73.57980747599231,60.103922373467086,2888.405611682142,3065.445937348548,2665.1357276905146,55.25276434889846,0.015767189848298502,1038779.7,0.8041849489357561,-0.005728269488420423,-0.01334466898770914,0.027366110294294366,0.0,0.0,0.0,0.0,0.0,0.0,0.0
2023-05-18,2989.817138671875,3005.1554049029464,2974.6230259891327,2986.5473887246812,498067,0.005367827319248564,0.004214479295212581,0.011818170266666967,71.20269236050257,72.40653769993924,62.56444543876152,2898.063852347831,3072.034297231552,2687.334355112198,53.54195268088403,-0.40377748329784013,1023701.85,0.48653521530707405,-0.002849053652701161,-0.02372260215232136,-0.014293119636263452,0.0,0.0,0.0,0.0,0.0,0.0,0.0
2023-05-19,2966.160400390625,3007.99216276627,2950.3894390612563,3004.193693368172,633262,-0.007912436508327292,0.0024141457496712703,0.012188975466455056,65.77054761662662,68.77501630082361,63.80655961117394,2904.5492378757162,3074.991392098485,2707.514491690578,53.83200775403616,0.27143938466109985,1017309.9,0.6224868154728466,0.0040513721791914925,0.008686118102322782,-0.003690993633589157,0.0,0.0,0.0,0.0,0.0,0.0,0.0
2023-05-22,2966.593505859375,2986.4998454256697,2929.185420889144,2952.2650171141404,659425,0.00014601552521997796,0.0022130115791701988,0.012210259944100339,65.8219573782927,65.18059608192061,64.08136690532328,2910.458215778922,3078.908424098722,2723.0997301981524,54.080751809928266,0.041314653334638685,1005534.65,0.65579540197844,0.006097761825706316,0.007085240709636453,0.005424662910584743,0.0,0.0,0.0,0.0,0.0,0.0,0.0
2023-05-23,3000.924072265625,3007.9920565162283,2966.689249895439,2968.612549247073,581204,0.011572386421814462,0.002861865881983916,0.012547510307262148,69.70592277554746,64.36027675100559,64.13714887445974,2919.0740116347984,3085.9418460903826,2738.136132425242,53.174880298994346,-0.11862000985707244,995446.5,0.5838626184330348,0.001834600568861644,-0.000757670947649558,0.011185662561077114,0.0,0.0,0.0,0.0,0.0,0.0,0.0
2023-05-24,2982.556640625,3012.9927606993137,2979.1908665665806,2995.538911993189,439465,-0.006120591923792995,0.0020323449693924857,0.012868097166757332,65.42234720205371,61.518917751167464,63.61350264980129,2925.1199763005316,3088.3166568562856,2755.330877323402,51.79109557283284,-0.24387134293638724,985613.75,0.44587953445251755,-0.0034117947119577385,-0.00010835855694435459,0.019781420417785744,0.0,0.0,0.0,0.0,0.0,0.0,0.0
2023-05-25,3003.76123046875,3009.0021748372155,2967.651234115579,2982.5568057710525,500313,0.00710953467066644,-0.0004904137811587717,0.007703148986780926,67.87662672783159,60.28324572742122,62.94745126532528,2932.609619554648,3092.0738216857735,2772.1097720642265,51.045370226318816,0.1384592629674719,982168.35,0.5093963779223796,0.001955111686716471,0.011158107572895481,-0.026799367761154436,0.0,0.0,0.0,0.0,0.0,0.0,0.0
2023-05-26,3008.42529296875,3016.647446131259,2992.4139168979127,3003.232477696531,568249,0.0015527407613793454,-5.9645204075753355e-05,0.0076828618940228775,68.40778958338774,59.00020003101099,62.15800101846243,2939.8301598798002,3091.9614588004447,2794.1910558479926,49.130238726820785,0.13578699733966526,980607.75,0.5794865480106597,0.009726420827874671,0.012534766301532496,0.009047925422020153,0.0,0.0,0.0,0.0,0.0,0.0,0.0
2023-05-29,3017.080078125,3034.005209018278,2996.548995152517,3026.504293400171,535712,0.002876848953662803,0.0001993041173554033,0.007739288961861033,69.41830899867983,58.01300805875508,61.32900242652096,2947.1872949507715,3089.0199626003523,2819.7361409152727,48.29637980817366,-0.05725834977272293,953360.1,0.5619198873542117,0.005367798508963517,0.007724102229078156,,0.0,0.0,0.0,0.0,0.0,0.0,0.0
2023-05-30,3023.811767578125,3034.005350145837,3007.6081080803183,3026.2158922612834,506026,0.0022311934979559744,0.0002276467324858089,0.007746918817390329,70.21629600628042,57.11545102195214,60.486292145607194,2954.484863772424,3080.279466898173,2852.022632711202,46.7321556836983,-0.05541410310017325,945471.4,0.5352102665400561,0.0018925684396833287,-0.0020999579470091234,-0.04431444012932795,0.0,0.0,0.0,0.0,0.0,0.0,0.0
2023-05-31,3070.49951171875,3095.8872058978664,3016.1663010311104,3031.0718721047106,2349066,0.015440029912317854,0.0032263548630145134,0.007175073776313328,75.07418131176172,59.4857269385584,60.28617910419744,2965.5338778625505,3079.474099322713,2878.143429974162,49.08849491105956,3.6421843936872813,1001065.05,2.3465667890413315,-0.0053370195013254795,0.00757570600475721,-0.011966239359022968,0.0,0.0,0.0,0.0,0.0,0.0,0.0
2023-06-01,3116.41845703125,3125.2655882275367,3084.0109057566847,3111.273771472663,1104861,0.014954877907404907,0.0041850599218301475,0.008076827951917304,78.74601222593834,64.32793046580173,61.094529376518295,2979.903837783379,3095.468309334373,2886.945338126565,49.494036453754354,-0.5296594476272698,1005881.1,1.0984011927453454,-0.0025169624936233204,0.01086051031663704,0.0222955551271502,0.0,0.0,0.0,0.0,0.0,0.0,0.0
2023-06-02,3113.1005859375,3125.3134905431193,3095.550478379122,3115.16803894423,781973,-0.0010646423577245212,0.004869839336890424,0.007177411120679168,77.85360260437675,67.12392436182381,62.3004083735794,2992.589242369486,3109.7737816824547,2894.20966558317,48.08467757591456,-0.29224309664292614,978651.7,0.7990309524828906,0.002507044360454902,0.014152905172552854,0.02490574184872929,0.0,0.0,0.0,0.0,0.0,0.0,0.0
2023-06-05,3077.038818359375,3115.697091740736,3072.470982001157,3115.697091740736,492565,-0.011583874848446363,0.0036968502995237905,0.008808381361133431,68.73578768056451,65.67285066316663,62.97489683149685,3000.6320591304275,3113.17281102498,2908.149186045332,47.7376370161763,-0.37009973490133286,956186.0,0.5151351306126633,0.003223787573137793,0.003463342504460787,0.007618571548400288,0.0,0.0,0.0,0.0,0.0,0.0,0.0
2023-06-06,3089.54052734375,3114.6875767802444,3072.4712426622928,3084.7322781377056,577698,0.004062902589913042,0.0029459019163336486,0.008371638165404403,70.04551525390923,64.78484833205266,63.33688713160801,3009.0995322936014,3118.0017098700264,2920.4328360284107,47.34325823773168,0.17283607239653653,933778.4,0.6186671270185732,0.00027699431442118616,0.011876979491418638,-0.005475142405917843,0.0,0.0,0.0,0.0,0.0,0.0,0.0
2023-06-07,3101.12841796875,3105.4077127556284,3083.289766671126,3093.6275023410562,470038,0.0037506841300323224,0.00393302952171618,0.00774210052546357,71.24784493101573,64.27522127540169,63.524553960366745,3017.864188072187,3122.929347825296,2933.141892409079,45.54145022678673,-0.18636034744797458,919687.75,0.5110843326987883,0.006849851638528914,0.015850710259288636,0.008651147264313597,0.0,0.0,0.0,0.0,0.0,0.0,0.0
2023-06-08,3089.0595703125,3122.4769008653398,3070.547811660927,3096.5123562631334,561161,-0.003891760040093728,0.0028329000506401637,0.008017310321433317,68.17843534698366,62.18070258578473,63.25578368545034,3024.6447006665026,3129.938436051755,2933.10477683887,45.99771015376002,0.1938630493704765,786265.55,0.7137041677585899,-0.0049048192636628185,-0.01589964050376491,-0.012865469824975051,0.0,0.0,0.0,0.0,0.0,0.0,0.0
2023-06-09,3078.943359375,3135.4291531038652,3067.326714535183,3107.258931172055,1239045,-0.003274851360822617,0.0023501408384199673,0.008245070163706314,65.62633346510631,59.02409473325497,62.409445895011274,3029.816001495883,3134.944956278264,2934.8904196982985,47.576619326254466,1.2080026944139024,748309.3,1.6557925980607215,-0.00381819725413457,0.0004014294170220367,-0.015402819682030167,0.0,0.0,0.0,0.0,0.0,0.0,0.0
2023-06-12,3092.689697265625,3100.0470002532447,3050.482459509538,3083.4447367462963,1029156,0.004464628376085189,0.002508918780662206,0.008271585699105456,67.4114627193498,56.974903629434266,61.322537441895875,3035.803972521573,3141.435147731274,2936.4805016827886,47.71861371321535,-0.16939578465673155,759253.05,1.3554848413187144,0.0020524046550352004,0.014143821085995878,-0.03944383662956019,0.0,1.0,0.0,0.0,0.8109331727027893,0.0,1.0
2023-06-13,3158.614013671875,3167.4716102214247,3102.7571278049513,3107.4522826438792,1598821,0.021316175516908897,0.0044174169825574984,0.010181597181750572,74.30366852441911,59.97904520010843,61.05383899353839,3047.50016691684,3160.3546038775503,2931.6471051068247,49.651706516257086,0.5535263847269025,798073.9,2.0033495644952177,0.0061635024393194016,0.03006926252627351,0.03410362893273855,0.0,0.0,0.0,0.0,0.0,0.0,0.0
2023-06-14,3165.729248046875,3184.799859184139,3149.078771225031,3160.695415939049,741615,0.0022526444650097233,0.003098678437826685,0.009420909494326982,74.92018675895098,62.21679253240154,61.28642970131102,3058.7600794054147,3176.1539918638805,2935.0352415345574,48.65666233360361,-0.5361488246651751,793386.1,0.9347466510945932,0.0021238341844009856,0.0027847362647164253,-0.014672283670107422,0.0,0.0,0.0,0.0,0.0,0.0,0.0
2023-06-15,3189.10791015625,3198.4495341441143,3168.778781761266,3171.344029617469,806994,0.007384921538630795,0.0023416828009492742,0.008633615255480249,76.88276015059031,65.12595459882186,62.0543346808132,3071.174158524542,3195.3174667872927,2935.8008437595827,47.51834974529187,0.08815760199025102,808832.45,0.9977270323414943,-0.0036149041015322014,-0.007564899018177362,0.033743187481955816,0.0,0.0,1.0,0.0,0.0,0.9339349269866943,1.0
2023-06-16,3210.88916015625,3215.874542408856,3181.5570844006475,3186.5909166087754,984671,0.0068298880482011715,0.0031311358415418433,0.008648457702187836,78.56566460278945,68.40057211981957,63.32358216861448,3084.480349156133,3213.7604317963915,2941.830754727046,46.575428906928785,0.22017140152219228,826402.9,1.1915144537851936,0.0073790483520230765,-0.002122803155501063,0.012422392812902583,0.0,0.0,0.0,0.0,0.0,0.0,0.0
2023-06-19,3203.967529296875,3238.0914248384406,3197.72362972135,3212.8253631358207,516915,-0.002155674180618017,0.004073955908324678,0.007270122339330169,76.65590195013576,69.63450905922855,64.58576754673729,3095.860080598108,3226.1694726788714,2953.1591161883157,46.132026493368926,-0.47503785528364295,819277.4,0.6309401431065961,-0.0037475183921172883,-0.007251982550861236,,0.0,0.0,0.0,0.0,0.0,0.0,0.0
2023-06-20,3212.679931640625,3220.569711504887,3172.4090374606176,3209.09818003523,866290,0.002719254257131043,0.003939591075046478,0.007282754856990193,77.40056260443409,70.5027195655698,65.7691579505038,3106.985780697395,3240.3836764227544,2960.1204983819334,46.27692988986182,0.6758848166526412,833531.7,1.0393006048840134,0.003265717567498605,0.004869971985771437,-0.009267707594518892,0.0,0.0,0.0,0.0,0.0,0.0,0.0
2023-06-21,3210.162841796875,3226.5228541415704,3194.5770833084857,3212.679639512322,742456,-0.0007834860295169443,0.0034861740590915514,0.007435370172069668,76.63991794998164,70.17869818481904,66.65106599736684,3116.812167468774,3248.615781713035,2974.64901320884,45.2532756715206,-0.14294751180320675,848681.25,0.87483492771874,0.0021337637466720683,-0.0032954371470970134,0.016073797051073146,0.0,0.0,0.0,0.0,0.0,0.0,0.0
2023-06-22,3144.287109375,3220.569794070018,3138.8659137015707,3218.7788000507817,871640,-0.02052099400197449,0.001823250662903475,0.010497722667775673,60.016516073484794,63.870033853599125,66.0948595686133,3119.4288286027004,3246.9279419814407,2990.3894408310593,47.856890292729645,0.17399549602939435,867247.6,1.005064758899304,-0.004539443817404343,-0.007974397406216749,-0.038641120990697386,0.0,0.0,0.0,0.0,0.0,0.0,0.0
2023-06-23,3192.3505859375,3198.594484930035,3149.1270834904476,3160.6952777441134,1260659,0.01528596940756266,0.003679332739742003,0.011118669863890332,65.83855968241863,62.03360797681853,65.28260925025435,3126.373757872681,3249.389042412753,3006.320869696622,48.31763924003717,0.4463069615896471,901868.1,1.397830791442784,-0.005633615236065759,-0.006175853292565869,-0.003911531129144219,0.0,0.0,0.0,0.0,0.0,0.0,0.0
2023-06-26,3202.466796875,3209.4369726832247,3166.8908229139124,3189.736985082562,592801,0.0031688909676972354,0.0035497589989032076,0.011116051176877747,66.93003990348427,60.69486825667127,64.36506105153774,3133.62071396814,3251.5184458377958,3022.730138146579,47.90538999212824,-0.5297689541739677,904722.55,0.6552296060267316,0.0013768299134766515,0.0032550678957421475,0.004468542151295107,0.0,0.0,0.0,0.0,0.0,0.0,0.0
2023-06-27,3219.7470703125,3237.6560663440036,3168.779130197188,3170.3763244959223,914141,0.005395925870133045,0.0019577340342256224,0.009276713290374392,68.76584621470111,60.33280204636503,63.5586092505032,3141.8232240961743,3254.1566625364985,3039.685451721314,49.40335757460592,0.5420706105421549,925128.3,0.9881234851425472,0.00675190341711196,0.01238813871633293,-0.025882962537698284,0.0,0.0,0.0,0.0,0.0,0.0,0.0
2023-06-28,3241.285888671875,3248.0622647551136,3217.326558948996,3224.586961895323,713110,0.006689599489963838,0.0024014295367210336,0.009397704251488214,70.93188395716938,61.07977497526235,63.062842395455036,3151.2958588176693,3264.1833678755,3046.7373840776245,48.069953876856744,-0.2199124642697352,843330.5,0.8455878211448536,0.00822107281232487,0.004661599549132811,0.024494832420977053,0.0,0.0,0.0,0.0,0.0,0.0,0.0
2023-06-30,3254.64501953125,3339.3981690203527,3236.9295893887406,3245.884086196769,1436363,0.004121552778193482,0.0020750926606773025,0.009261091132330958,72.21873790954308,62.03463001688078,62.85719991974019,3161.138636028487,3277.6638875229833,3047.0795206801417,51.95557000219641,1.01422361206546,859905.6,1.6703728874425285,0.01143527476356887,0.0053165780570323395,0.007533026843893564,0.0,2.0,0.0,0.0,0.5376226156949997,0.0,2.0
2023-07-03,3251.40234375,3271.973487588133,3230.5891864549476,3257.5011301326176,474224,-0.0009963224135937088,0.0012924716144978143,0.009144584523786388,71.39255669126712,61.81711347700184,62.649182631192524,3169.735179621012,3288.453801429166,3050.1197825552085,51.20047936869564,-0.6698439043612234,844518.15,0.5615320404895975,0.00695709243369369,0.007500046950120298,-0.0033377836436174757,0.0,0.0,0.0,0.0,0.0,0.0,0.0
2023-07-04,3240.75341796875,3278.797976747532,3224.5869679793414,3251.4020089767873,473663,-0.003275179339683909,0.0011805210985912252,0.009198183586682309,68.6164225291179,60.09273904894053,62.13789391474212,3176.4988213684155,3292.5911974111937,3062.3538465341185,51.415517182945294,-0.0011829852559128717,843573.05,0.5614961265061751,0.003438946519135566,-0.0018133463690782614,,0.0,0.0,0.0,0.0,0.0,0.0,0.0
2023-07-05,3266.6005859375,3291.3828572817706,3234.025670724728,3244.287135345697,632406,0.007975666345189092,0.00170616230739703,0.009442825283627483,71.51203713252983,60.11879824897596,61.734074781588895,3185.0799418035667,3300.260427423792,3072.3906223808954,51.83992213823795,0.335139117896057,846308.45,0.7472523758920285,0.0004899685388621844,0.005641097883488211,0.02679169402704784,0.0,0.0,0.0,0.0,0.0,0.0,0.0
2023-07-06,3290.8017578125,3301.063221895064,3260.211401725198,3301.063221895064,693995,0.007408671871052874,0.002525378097454012,0.009557496565578083,73.93682497006478,61.38467830457057,61.66419548618523,3195.14868618537,3311.363289600956,3080.2550941881063,51.05505771192568,0.09738838657444737,857506.3,0.8093176691529846,0.00509321758125636,0.022532753443280873,-0.0016960845430460392,0.0,0.0,0.0,0.0,0.0,0.0,0.0
2023-07-07,3236.88134765625,3304.9355750432887,3230.54054818632,3276.8620156770744,620761,-0.016385189423288926,0.0029389585553225685,0.008477915588091772,61.39773125060702,57.37558091908659,60.80647257276551,3199.1232253730727,3308.9950101785334,3097.405551344904,52.722198365143036,-0.10552525594564799,860486.3,0.7214071856809341,-0.00848835445771845,-0.011808415780450998,0.025483594657389697,0.0,0.0,0.0,0.0,0.0,0.0,0.0
2023-07-10,3236.348876953125,3264.3257728000376,3188.720678585586,3238.1398709698337,548838,-0.0001645011496979043,0.0013939114995965118,0.0073043864719203565,61.28719561455302,53.53822113455135,59.35282228512268,3202.668525523554,3300.9402911797233,3121.2008221015267,54.35669092580793,-0.1158626266791889,825975.95,0.6644721314222285,0.0012466303397029588,-0.008468196825850427,-0.00994008878760011,0.0,0.0,0.0,0.0,0.0,0.0,0.0
2023-07-11,3284.17041015625,3291.3339125263283,3238.139412495138,3242.9312307252053,772158,0.014776383826748285,0.0025546607855016167,0.00845020170704733,67.028394002746,53.73644365421569,58.22954655894128,3210.430609774287,3297.948102526061,3143.3410820442514,54.40157268633617,0.4068960239633552,813126.05,0.9496166061830142,0.004313930032438185,-9.498733309165619e-05,0.022010542292907553,0.0,0.0,0.0,0.0,0.0,0.0,0.0
2023-07-12,3297.9169921875,3305.322508567636,3254.8386018881406,3299.1270593307404,1025127,0.004185709118119663,0.0024336391103002785,0.008413575332834796,68.47566471817473,54.37595851223796,57.45882894960062,3218.762646194593,3306.3906127347186,3148.8288696871564,54.12173940013325,0.3276130014841523,784441.35,1.3068242769201293,-0.002834429471475497,0.0025624687931176116,0.00894205378876789,0.0,0.0,0.0,0.0,0.0,0.0,0.0
2023-07-13,3289.979248046875,3315.584223467886,3276.2329315273178,3315.584223467886,750126,-0.002406896280115256,0.0015239895332923691,0.008394027039870324,66.65622594763641,53.62412351500052,56.6918878626806,3225.5451797043343,3311.6951959692665,3155.9492864526087,53.06670743873576,-0.2682604204162021,784866.9,0.9557365713855431,0.0015192303855748879,0.010223330659049124,0.015603545006570352,0.0,0.0,0.0,0.0,0.0,0.0,0.0
2023-07-14,3320.182373046875,3329.136870299061,3278.798074935423,3289.979143096942,832843,0.009180339060779863,0.002029868161551007,0.008714294966861288,69.93017254708504,54.83334397568342,56.32017908528117,3234.5582457369574,3323.9470845369206,3156.8048441740166,52.87185657622877,0.11027080783761667,786159.35,1.059381917927962,0.007765114931427508,0.011619213813162332,-0.0183136412560444,0.0,0.0,0.0,0.0,0.0,0.0,0.0
2023-07-17,3349.85302734375,3362.0505988585414,3315.5840198936094,3320.1822751036807,817694,0.00893645317128966,0.003023145720039344,0.008895239144514096,72.75978698793446,57.52274731214402,56.56069273065374,3245.5387011280804,3342.2671601124785,3152.381155317209,52.41433674685044,-0.018189502703390703,777810.5,1.0512766284332753,0.007511013251041421,-0.0002778128608698083,-0.01715290721760565,0.0,0.0,0.0,0.0,0.0,0.0,0.0
2023-07-18,3401.20849609375,3410.4534569338766,3345.2067268898095,3349.4660689728107,962485,0.015330663265164857,0.004883729980524221,0.009364921940736896,76.82481700439942,63.0710323642179,57.86276065736658,3260.364395886716,3371.1390567805724,3143.233355328802,53.33093626808021,0.17707235224912976,800089.0,1.2029724193183509,0.001917706853032497,-0.00852411083662663,0.01439486947029267,0.0,0.0,0.0,0.0,0.0,0.0,0.0
2023-07-19,3402.3701171875,3417.229837220129,3371.247282753286,3407.549299437636,620289,0.00034153186877072805,0.004120316532882385,0.009395976437270803,76.90875586425913,66.79188606931348,59.64858573975596,3273.8887502963144,3394.9085429865427,3138.43288767752,52.80605185370611,-0.35553385247562297,787788.95,0.7873796655817527,0.004248282371482448,0.002055951118943744,-0.002134850870386229,0.0,0.0,0.0,0.0,0.0,0.0,0.0
2023-07-20,3413.357666015625,3422.0701501319436,3383.299548546073,3397.917255322178,589848,0.0032293808285641656,0.0037023874286335134,0.009326147216444175,77.73038095517862,69.8224233679216,61.683353265389094,3287.1715041743437,3417.1758997234756,3136.4850133624623,51.803519691717874,-0.04907551157605572,780158.55,0.7560617005351027,0.007361412439498949,0.00027970413518141335,0.0022652945790300194,0.0,0.0,0.0,0.0,0.0,0.0,0.0
2023-07-21,3405.322509765625,3424.9255975161254,3393.0282748397317,3422.989490083977,857975,-0.0023540329013863603,0.00510550308082377,0.0066355552829927816,75.61156716120416,70.76009769454686,63.49870215122065,3298.423980897323,3427.0096942396185,3152.7547588853813,50.38164847633758,0.45456965184250864,779475.3,1.1007083867827498,-0.011719737128305097,-0.0003729483714037807,0.017955805074524545,0.0,0.0,0.0,0.0,0.0,0.0,0.0
2023-07-24,3430.49169921875,3454.015450367017,3386.7357211628387,3393.9961235949445,680246,0.007391132376139309,0.005861066433407491,0.006394596174471535,77.66529029138827,72.69615853138839,65.3381934272542,3311.001858832697,3444.2271671754906,3159.3513972776345,51.588654242611916,-0.20714939246481545,750454.65,0.9064451795987939,-0.0036794322929856182,0.001958680984787131,0.020599459420646005,0.0,0.0,0.0,0.0,0.0,0.0,0.0
2023-07-25,3291.77001953125,3434.557953840447,3242.9802029546445,3434.557953840447,2555630,-0.04043784152548513,0.00033964389818414987,0.015374085945542602,51.78290876765206,62.318452163171514,64.73424517443766,3309.170255089702,3441.3687887068086,3171.140098011941,61.58787543141126,2.7569202906007533,848596.1,3.0115976257727324,0.0004193703428323481,-0.004002651617502573,0.0108774661483646,0.0,0.0,0.0,0.0,0.0,0.0,0.0
2023-07-26,3265.2451171875,3303.9672650343723,3257.5006876181255,3291.2374534662067,959076,-0.008057945174288705,-0.0008847215310566869,0.0155205929349053,48.45759049636535,51.361642118905365,62.05972456333121,3304.9869086228255,3439.2000518475825,3177.858639558667,60.50778271604237,-0.6247203233644933,850842.85,1.127206980701548,0.004964339187534694,0.011869113244743046,-0.008608336034878539,0.0,0.0,0.0,0.0,0.0,0.0,0.0
2023-07-27,3261.760009765625,3304.9352988922155,3243.947916399477,3281.702010323553,874078,-0.001067334088803995,-0.0007507653119255608,0.015511773786931539,48.02124823323872,41.91391465890183,58.03056258244534,3300.870061112616,3438.4087043387135,3180.697399176912,60.542039842949244,-0.0886248847849388,858891.25,1.0176818077958065,-0.0059863783008722304,0.021243189283518094,0.0159189547029992,0.0,0.0,0.0,0.0,0.0,0.0,0.0
2023-07-28,3282.379638671875,3290.4145316632184,3257.0166789587815,3267.1812428253493,553750,0.00632162662014224,-0.0010366365559893232,0.01533373479202641,50.841657020216275,35.67906821798533,53.56026370955335,3299.109068499212,3437.9861820585884,3183.893383371099,58.603169333055504,-0.36647530311940124,814760.6,0.6796474940000781,-0.0007044597937843067,0.01826903693065951,0.008903134128907197,0.0,0.0,0.0,0.0,0.0,0.0,0.0
2023-07-31,3269.456298828125,3279.7659763246456,3216.9875985636363,3217.0360485174847,933890,-0.003937186208289756,-0.0023240004939472647,0.014938720808464928,49.04542146997115,29.356696252888923,48.71955021822046,3296.284995197204,3437.432140443798,3186.2528204937025,59.08808867414002,0.6864830699774267,837743.9,1.1147678902824598,0.005484562836559181,0.00675013360079868,0.006706667950949541,0.0,0.0,0.0,0.0,0.0,0.0,0.0
2023-08-01,3236.1552734375,3276.861981360464,3231.363454588251,3264.2772824660224,698667,-0.010185493350243324,-0.004875616155488083,0.013717373036406744,44.66626233048127,21.412229625109376,43.258086099598245,3290.558355029613,3437.737634049028,3185.4875124353466,58.117405681145236,-0.25187441775798003,848994.1,0.8229350474873736,-0.0010251191770254131,-0.017732664830999112,-0.007596936828326184,0.0,0.0,0.0,0.0,0.0,0.0,0.0
2023-08-02,3255.4677734375,3264.228706906695,3224.248040842965,3234.4610548979526,857218,0.005967729718817205,-0.004312996370483435,0.01406607823886739,47.58893906019044,16.484516687388805,37.90337221715635,3287.216394877983,3438.0658671781734,3184.0459980562014,56.82192427990129,0.22693357493627153,860234.7,0.9964931663416973,-0.010489749274959825,-0.014909264614641482,-0.020139048876643306,0.0,0.0,0.0,0.0,0.0,0.0,0.0
2023-08-03,3229.765869140625,3271.9728662070356,3211.9535402893544,3262.340779719136,711067,-0.007894995768837232,-0.005425434030223575,0.013841399670740032,44.23992733099697,10.385620832872974,32.399821940299674,3281.74491623633,3439.6621734291766,3176.3461029380105,57.05031011117129,-0.1704945533108264,861088.3,0.8257771009082343,-0.007420685416911321,-0.017778992643950664,0.023317337891407774,0.0,0.0,0.0,0.0,0.0,0.0,0.0
2023-08-04,3232.960693359375,3265.5358446749133,3216.8426925510153,3231.5086126976757,519248,0.0009891813673787997,-0.005091112603347059,0.013963663882642407,44.76031641415278,5.743786743988949,27.06861490103753,3277.098799771858,3439.9001112267206,3175.7160997107794,56.45337025493749,-0.26976220243661986,856012.65,0.6065891666437406,0.006983389270114548,0.0009282465002093954,0.012919878811448848,0.0,0.0,0.0,0.0,0.0,0.0,0.0
2023-08-07,3236.20361328125,3242.9799893784584,3210.066162620588,3210.114612575245,360358,0.0010030805287970512,-0.005729917788081284,0.013466448887720237,45.31817203136113,2.3002603519475997,22.114943991219544,3273.204020106086,3439.908579251712,3175.6931053186004,54.77197429086128,-0.3060002156965458,846588.65,0.42565890766430664,0.004114401867602702,0.00584246171987024,-0.01043601053075871,0.0,0.0,0.0,0.0,0.0,0.0,0.0
2023-08-08,3241.09228515625,3252.6120298189503,3226.1841161525476,3236.203566631201,500258,0.0015106193735576756,-0.001535071698177004,0.005811150984271704,46.20021654536696,-0.033893456368787156,17.68517650170188,3270.1457596346727,3440.599608377033,3170.6942636932795,52.74739853197138,0.3882250428740308,832993.65,0.6005543979837061,-0.0013497354646058168,-0.001751820447014163,0.009725824545016692,0.0,0.0,0.0,0.0,0.0,0.0,0.0
2023-08-09,3224.5869140625,3249.7078606159043,3197.4814101316233,3226.087444584064,643222,-0.0050925335169696995,-0.0012385305324451035,0.005509119423839068,43.64069814305293,-3.1789279694366996,13.512355607474165,3265.8068219611323,3441.4818507406876,3162.4790135171247,52.71018795713635,0.28578053724278263,813898.4,0.7902976587741173,0.003152707884763739,-0.012376376602997397,0.016014911362848716,0.0,0.0,0.0,0.0,0.0,0.0,0.0
2023-08-10,3134.4609375,3213.938239711281,3126.8134079118786,3204.2577028446804,1253219,-0.027949619273544335,-0.003926759050919137,0.010079356236454997,32.91701330145952,-12.796295841133997,8.250625317752533,3253.297690107691,3451.6927284709477,3136.716304732177,55.92899639952814,0.9483459831908734,839053.05,1.4936111608199265,-0.004556268458015711,-0.002618581034569023,-0.013135368198663011,0.0,0.0,0.0,0.0,0.0,0.0,0.0
2023-08-11,3083.59033203125,3145.1584132175803,3078.4111495544557,3134.461371231536,919023,-0.01622945906268769,-0.00618186761920213,0.010054367052522209,28.639259863207158,-24.24349793366173,1.7518006674696807,3237.1350845766015,3463.9774367866844,3100.7723923148783,56.70172977549932,-0.2666700712325619,843362.05,1.0897134866336469,-0.005874136161590715,-0.00393806954699949,0.004745324368912618,0.0,0.0,0.0,0.0,0.0,0.0,0.0
2023-08-14,3100.2890625,3107.35566586631,3051.5474612074386,3083.5901351605353,815534,0.005415353101639209,-0.005246613688209234,0.010700584647052582,31.77361993911346,-31.603731923933992,-4.919305850811054,3224.1021300931156,3465.0301237998474,3074.7633088173397,56.63790655288305,-0.11260762788308887,843254.05,0.9671272850690725,0.00032169565781225984,-0.0065894753631255965,-0.006911628740873033,0.0,0.0,0.0,0.0,0.0,0.0,0.0
2023-08-16,3092.01220703125,3106.3394501682233,3075.4099429867283,3092.8349109351743,597686,-0.002669704437842202,-0.004495034796969122,0.01057839426362177,31.045742608596186,-37.67040250158061,-11.469525180964965,3211.522137420557,3454.43951757223,3054.4342861387076,54.801592312069616,-0.2671231364970682,825014.1,0.724455497184836,0.0015667570139761278,0.010992111294620743,-0.016963157636467607,0.0,0.0,0.0,0.0,0.0,0.0,0.0
2023-08-17,3081.55712890625,3121.0053195927903,3060.9859865236986,3120.908419680373,873392,-0.0033813185152455905,-0.005429939620375401,0.00994513995837346,30.10750495551393,-42.828222975502285,-17.741264739872427,3199.1445175620515,3439.822349306601,3036.9701555762117,55.17428808042835,0.46128903805677224,837669.25,1.0426454116585993,-0.005124582584125403,0.0012184147793290467,0.00802882951278483,0.0,0.0,0.0,0.0,0.0,0.0,0.0
2023-08-18,3062.486328125,3083.735059559415,3054.209421726559,3073.473595808879,592652,-0.006188689673268799,-0.005259309010818558,0.009912732165717466,28.420307512587087,-47.90249693647547,-23.773511179193036,3186.12945190138,3419.3669837408283,3022.3383873529215,53.34224163417317,-0.32143642259145955,837809.45,0.7073828064364756,-0.0028452826260957353,-0.007301935137944526,0.008083693330637853,0.0,0.0,0.0,0.0,0.0,0.0,0.0
2023-08-21,3080.6376953125,3085.6715278701063,3051.450731055889,3058.9531481040435,353330,0.005927003500653338,-0.004765526797491104,0.01037096415618116,32.30852217702741,-49.884197991380915,-28.995648541630615,3176.0826179405344,3392.979666385077,3016.2572232633606,51.97642414703348,-0.40381539250690124,812577.2,0.4348263771122301,0.0043215209131937105,0.009901923574362259,-0.004009480601995241,0.0,0.0,0.0,0.0,0.0,0.0,0.0
2023-08-22,3078.120361328125,3096.416718411817,3069.698341245746,3096.416718411817,377068,-0.0008171470433557815,-0.0049475495547063875,0.010273988877612062,32.04851549864138,-51.06914485661173,-33.41034780462684,3166.752879215543,3352.0298806737696,3021.9698751856054,50.17227793410756,0.0671836526759686,797418.3,0.47286098149490674,0.00014693555773015454,0.002147657769520528,-0.005091171084973811,0.0,0.0,0.0,0.0,0.0,0.0,0.0
2023-08-23,3067.56884765625,3093.8998630522738,3064.1322094888014,3084.2193253080554,370811,-0.0034279080845696086,-0.005441402300519116,0.010045209394764382,30.925108182740217,-52.25725366380402,-37.17972897646227,3157.306780971801,3341.2879698851293,3010.2916687867455,48.714804764776474,-0.016593823925658002,688177.35,0.5388305790651203,0.0024515199000461063,0.004286337929131356,-0.009758416122055746,0.0,0.0,0.0,0.0,0.0,0.0,0.0
2023-08-24,3122.553955078125,3129.6205576662182,3069.601231229716,3083.250882262249,1167742,0.017924653089330222,-0.0031396836398891238,0.012476768782146966,42.279730117236554,-48.20630750856208,-39.38504468288223,3153.996988029546,3330.3722719117027,3006.9382505492345,49.667440853718745,2.149156848097818,698610.65,1.6715204670870676,-0.002946964680621278,0.002041149630923611,0.001802686306084711,0.0,0.0,0.0,0.0,0.0,0.0,0.0
2023-08-25,3155.177490234375,3160.6953490885794,3113.4542809824998,3121.876300953784,1363431,0.010447709030998453,0.0007000491905651551,0.009560780329278724,47.76599094403902,-41.88068241710698,-39.884172229727184,3154.1094168109585,3319.3435202827027,3007.3087502251096,49.49412851460166,0.1675789686420459,723078.3,1.8855924731802902,-0.006236153774081932,-0.013055532949942106,0.01343573342588189,0.0,0.0,0.0,0.0,0.0,0.0,0.0
2023-08-28,3155.564453125,3167.471560354234,3127.829810435283,3160.646734815666,707315,0.0001226437789387802,0.0023352594747278023,0.007525236837325853,47.829333773974696,-36.41656677392666,-39.190651138567084,3154.24799169801,3303.1288155318375,3010.8419364212873,48.79038718634091,-0.4812242056987116,730756.55,0.9679215328278616,0.002089194238900971,0.009381742912987656,-0.0007102886553490562,0.0,0.0,0.0,0.0,0.0,0.0,0.0
2023-08-29,3180.73388671875,3183.928511088422,3151.0631363586585,3156.8230084096517,533163,0.007976206465637015,0.002591344811127583,0.007683606027909406,51.91395654363063,-29.712742814966077,-37.29506947384689,3156.7704578904613,3289.8884155404317,3015.210095201756,47.65288629658538,-0.24621561821819138,710720.2,0.7501728528329433,0.0018957584743610756,0.016916024499382898,0.012674718289887643,0.0,0.0,0.0,0.0,0.0,0.0,0.0
2023-08-30,3189.446533203125,3197.336312799122,3171.7311029189345,3195.835782269961,599080,0.0027391937818987966,0.0031322346331016824,0.007459206216720479,53.277634217243545,-23.426826400332175,-34.521420859143944,3159.882465063096,3283.3097101922,3017.1179265265505,46.07805226684267,0.12363386056421777,705740.85,0.8488668326341036,0.0002480956863764039,0.014166895481100061,0.0043280238136353955,0.0,0.0,0.0,0.0,0.0,0.0,0.0
2023-08-31,3152.079833984375,3196.513405502563,3117.1329999146737,3194.625748003782,1601967,-0.011715731500669846,0.002298793334559257,0.00864000576237059,47.10740631407796,-21.215810042780504,-31.860298695871258,3159.139357341313,3269.1115127263492,3020.977330047088,48.456791789774556,1.6740452026440544,742978.3,2.1561423799322266,-0.004840350603388277,0.006488890952242032,0.011646866909984954,0.0,0.0,0.0,0.0,0.0,0.0,0.0
2023-09-01,3155.419677734375,3159.9210331776785,3114.325842928938,3137.559133147277,650131,0.0010595682615621715,0.003023619128042354,0.008138330997532358,47.69053266577194,-18.97533037469566,-29.28330503163614,3158.7851021406523,3259.3243746603484,3023.329848972464,48.252391679700686,-0.5941670458879615,739931.5,0.8786367386710797,0.009426710188917609,0.009401862053120214,0.019456624793125377,0.0,0.0,0.0,0.0,0.0,0.0,0.0
2023-09-04,3132.186279296875,3161.9054814060987,3113.35768160122,3155.4195687124884,696213,-0.00736301373837589,0.0016946174041394314,0.008678721926475836,44.052166919823634,-18.857102243720874,-27.19806447405309,3156.2518809174353,3246.5570064302315,3026.019775796331,48.27349226007054,0.07088109934766984,748779.75,0.9297967793600187,0.004810833701642592,0.011531978565523904,,0.0,0.0,0.0,0.0,0.0,0.0,0.0
2023-09-05,3120.32763671875,3145.0614568007177,3117.1330121399233,3141.3343554018793,597022,-0.0037860591678433586,0.0013977261916906735,0.008823764248516105,42.279171663497365,-19.495566195842002,-25.657564818410876,3152.8305243270843,3230.8899802094425,3030.09920436087,46.82027457440796,-0.1424722031906902,760612.95,0.7849222130651339,0.0023605960187407238,0.010611220790854636,0.016826626904785424,0.0,0.0,0.0,0.0,0.0,0.0,0.0
2023-09-06,3122.263916015625,3126.8137215310257,3092.931839099575,3106.4845920721555,754106,0.0006205371750356292,0.0018025707176511974,0.00866927925568792,42.68479956316195,-19.61915451988034,-24.44988275870477,3149.919418773612,3211.185794566682,3037.9205530895683,45.896103707053875,0.26311258211590194,773305.35,0.9751723559134823,0.0018467726478093027,-0.009632050807688364,0.006219430840733953,0.0,0.0,0.0,0.0,0.0,0.0,0.0
2023-09-07,3142.641357421875,3149.8048605705776,3098.9820391553017,3122.2637789004534,923108,0.006526495502742202,0.0006627549589923954,0.006878386043389278,46.91294783535721,-17.866851988985673,-23.13327660476095,3149.226270073447,3194.6323536736327,3046.2794383185546,46.248012114784025,0.22410907750369313,787299.65,1.1724989335382023,0.005915032360780392,0.014807589258497567,-0.007505522258590469,0.0,0.0,0.0,0.0,0.0,0.0,0.0
2023-09-08,3134.6064453125,3158.8077886985216,3128.7496729448344,3146.707117005511,395918,-0.002556738487005328,-0.0006376897928079828,0.005995535351777592,45.4880177187933,-16.93131619158021,-21.892884522124803,3147.8339058104993,3194.6451505565174,3046.2811922169203,45.091590946134254,-0.5711032728564804,744434.6,0.5318371822051259,0.004709190366575022,0.021239940160038273,0.008118364899897257,0.0,0.0,0.0,0.0,0.0,0.0,0.0
2023-09-11,3155.274169921875,3160.6953652379516,3138.4301298932432,3138.4301298932432,359345,0.00659340334104197,9.386163402336222e-06,0.006420812731775436,49.718638425426384,-14.356689701223331,-20.385645557944507,3148.5425023925354,3197.6817314443388,3050.4129951181612,43.73425730179978,-0.09237518880172157,716450.7,0.5015627732654878,0.008900143420050854,0.008792612372694686,-0.00011033795986881145,0.0,0.0,0.0,0.0,0.0,0.0,0.0
2023-09-12,3152.8056640625,3175.0224483402644,3139.3980263054327,3155.854938561736,554905,-0.0007823427462837484,-0.00086646875778974,0.00577857071656743,49.22722877232064,-12.372841041420543,-18.783084654639715,3148.948517789675,3200.4766949154873,3052.869691803263,43.1549833541592,0.5442123864253017,703419.25,0.7888680896918872,-0.0001575482868895195,-0.03243375189034048,0.015666352366585423,0.0,0.0,0.0,0.0,0.0,0.0,0.0
2023-09-13,3173.0380859375,3179.717562079966,3122.2637155084185,3141.3343265554686,880907,0.006417275287728952,-0.0004986606072067245,0.006139364899758666,53.3012915699493,-9.063560249080638,-16.839179773527903,3151.242762375182,3205.3634099223564,3056.0855646870186,44.17633072682978,0.5874915526081042,717580.3,1.2276075583457349,0.003841345269944396,0.006756213796556887,-0.001955249945137294,0.0,0.0,0.0,0.0,0.0,0.0,0.0
2023-09-14,3136.736328125,3188.9627834112866,3120.2794135109657,3177.1525743094667,1102554,-0.011440694006600416,-0.00047115685779978154,0.0060838955290326725,46.146455816345785,-9.263397171759607,-15.324023253174245,3149.8611972084977,3204.647089309128,3062.3198052221214,45.92683352493629,0.25161225872878745,729038.4,1.5123400907277311,0.001649208239910216,0.013937839190670598,0.019808443069544435,0.0,0.0,0.0,0.0,0.0,0.0,0.0
2023-09-15,3094.52880859375,3136.4940316087136,3083.2510773684426,3131.6537630414164,1568607,-0.013455871044309231,-0.0019227007883869218,0.007290129922357756,39.50634082601081,-12.681380396616078,-14.795494681862612,3144.591445911855,3201.035334995293,3069.135807582832,46.46672047005209,0.4227031056982242,777836.15,2.0166290805589324,0.004439613877174287,-0.003903246148440842,0.002454678382333819,0.0,0.0,0.0,0.0,0.0,0.0,0.0
2023-09-18,3103.870849609375,3126.716776773607,3088.091525892208,3097.77206359093,673602,0.003018889657669721,-0.0008845104487823607,0.007167502803115075,41.51237290511228,-14.469536284967944,-14.73030300248368,3140.7132938830473,3199.0638754326837,3073.430582575129,45.90661549943399,-0.5705731263471348,793849.75,0.848525807307995,-0.002924316846098174,-0.013714946120708671,0.005323112939162211,0.0,0.0,0.0,0.0,0.0,0.0,0.0
2023-09-20,3111.66357421875,3124.8774129806384,3092.931640171357,3103.87069449248,901084,0.0025106471844200673,-0.00025483981355601816,0.00716085909798311,43.204277574501326,-15.08397627099157,-14.801037656185258,3137.946653915019,3196.0604736635087,3079.7883056333667,44.90941245013739,0.3377098048996292,820050.55,1.0988151888929285,-0.011518249945432046,-0.011660044421024307,-0.008585940110625412,0.0,0.0,0.0,0.0,0.0,0.0,0.0
2023-09-21,3140.560302734375,3157.017218445504,3078.9437687406876,3107.4529078073,845739,0.009286585077848741,0.0006117649767252931,0.007776485871961028,49.08586175041506,-13.08832582265859,-14.458495289479925,3138.1955728501957,3189.9261690657386,3093.2217557389486,47.27827225404304,-0.06142046690430636,843796.95,1.0023015608198158,-0.007991939166498319,-0.012059816690786263,-0.0024590583827739376,0.0,0.0,0.0,0.0,0.0,0.0,0.0
2023-09-22,3170.23095703125,3178.701427448774,3118.246280938701,3131.6054701225894,896521,0.009447567133495927,0.0009038721398006655,0.008072571456359576,54.31700255546144,-9.00873751241761,-13.368543734067464,3141.24656181982,3193.0199919927304,3094.895633007269,48.219477558045185,0.060044529104132494,830235.9,1.0798388747101877,-0.003449417659114995,-0.00663423264042462,-0.000321612086923051,0.0,0.0,0.0,0.0,0.0,0.0,0.0
2023-09-25,3217.084716796875,3228.2657851977533,3166.6490204413353,3167.762424090462,1422084,0.014779289080408597,0.002637474896542058,0.00904921895614212,61.11181792220451,-1.9721933277924109,-11.089273652812453,3148.469243246206,3205.4749591678988,3088.6313884883516,49.17642664364324,0.5862249740943046,833168.55,1.7068383102074602,1.5288066889551644e-05,0.015227048607246108,0.00021447703635590898,0.0,0.0,0.0,0.0,0.0,0.0,0.0
2023-09-26,3187.607421875,3218.6818053146876,3156.1941250877376,3216.8425977339143,834560,-0.009162735058846794,0.0010618610565531817,0.009636535043788218,55.51710574502782,1.2117786558847001,-8.629063191073024,3152.1966888299007,3209.6248106651437,3087.685833866106,50.127230471022294,-0.4131429648318946,839530.8,0.9940790736921147,-0.0005007261720755274,0.0030699062143222378,0.007181886186837794,0.0,0.0,0.0,0.0,0.0,0.0,0.0
2023-09-27,3196.31982421875,3203.2897637437795,3167.1813126714687,3182.9606355967203,516326,0.0027332105842021726,0.0014134163896017738,0.009625900701906354,56.77662891541071,4.387540611761324,-6.025742430506155,3156.3988922002673,3212.390344782021,3086.4788934992284,49.12588908540005,-0.38131949769938656,838688.95,0.6156346760023487,0.002631619198663282,0.007345247108595521,0.02756496373479811,0.0,0.0,0.0,0.0,0.0,0.0,0.0
2023-09-28,3069.0693359375,3183.9288201516833,3054.209616168611,3176.9588803402457,2104381,-0.03981156307233824,-0.0032094674464049457,0.015967576373039125,39.28177149876479,-3.3253633667459326,-5.485666617754111,3148.0817916038136,3212.625887078801,3074.205631475886,55.76762615430999,3.0756828050495226,913954.0,2.302502095291448,-0.009783629666773708,-0.009722179836697098,-0.012118133209303328,0.0,0.0,0.0,0.0,0.0,0.0,0.0
2023-09-29,3060.06640625,3092.9317843585804,3033.8805045946137,3092.9317843585804,1550585,-0.002933439652887393,-0.0023587420110336432,0.015704766509471595,38.38069285023389,-10.048523400570502,-6.398237974317389,3139.6993739510694,3216.7880753501886,3060.842100431061,56.00217284071404,-0.2631633720319657,911384.9,1.7013503295918113,0.005877516917168757,0.00920406692722886,-0.000733903300901062,0.0,0.0,0.0,0.0,0.0,0.0,0.0
2023-10-03,3065.680908203125,3124.6837330611183,3060.9857532923543,3064.9548679390614,1219145,0.0018347647429015623,-0.0008296784323125639,0.015241814166917438,39.31558362812196,-14.753562890633475,-8.069302957580607,3132.649996260789,3218.0767940164455,3050.5795048116793,56.6175409814572,-0.21375158407955708,939835.6,1.2971896361448747,-0.005578424654468894,0.0046034278928479555,0.0023150599337686817,0.0,0.0,0.0,0.0,0.0,0.0,0.0
2023-10-04,3068.633544921875,3087.123466428834,3050.6763365968663,3063.8417260380957,892584,0.0009631259113920265,-0.0010352548069403333,0.015197938992227171,39.832581677466194,-18.03617764869523,-10.062677895803532,3126.553191371369,3219.669915441987,3042.631109948638,55.17679732792224,-0.2678606728485947,949654.15,0.9399042798896841,-0.004744307271330683,-0.017292063308118166,-0.0562032634542764,0.0,0.0,0.0,0.0,0.0,0.0,0.0
2023-10-05,3103.822265625,3128.846549032111,3072.8929962814063,3107.452467105263,1002610,0.011467228063565038,-0.00013959671902583626,0.01568620331300943,45.76300247224205,-17.59540889708478,-11.56922409605978,3124.3883413002864,3219.537911843059,3041.1125764381904,55.53652638380179,0.12326682978856884,969933.55,1.0336893697511547,0.005641584105285702,0.0029034391157924944,-0.020277332633431233,0.0,0.0,0.0,0.0,0.0,0.0,0.0
2023-10-06,3093.657958984375,3114.2291024181286,3088.0916495846536,3112.0509813486724,814257,-0.003274770837620178,-0.0013957323105727281,0.015346770983703802,44.40161465467035,-17.86038765394005,-12.827456807635835,3121.461638222581,3219.4853322509643,3038.3045603271603,53.43659255877845,-0.18786267840935156,972941.1,0.8369026655364852,0.0055127073660514725,0.03079215267495039,0.006066398692539332,0.0,0.0,0.0,0.0,0.0,0.0,0.0
2023-10-09,3052.080078125,3061.9541796498015,3032.622102143361,3039.7373921336834,700012,-0.013439714865254415,-0.0036844605104477623,0.015256357588635996,39.25699075915666,-21.181208940498436,-14.498207234208355,3114.8538705942397,3220.631707707395,3028.1020569410425,53.979397150366694,-0.14030582481943665,961786.3,0.7278248816810969,-0.00718194675884698,-0.00791493517287234,0.042208555421353156,0.0,0.0,0.0,0.0,0.0,0.0,0.0
2023-10-10,3050.821533203125,3063.793359512226,3039.7373645249463,3049.369452511453,847367,-0.00041235645515835806,-0.005203625064004458,0.013910531695397561,39.10927538760159,-23.642007447204833,-16.32696727680765,3108.755552747467,3221.45710865908,3018.89816477842,51.84201128157475,0.21050353422512758,984358.75,0.8608314803926922,0.00909680297624016,0.04006182997197527,-0.005672149646568148,0.0,0.0,0.0,0.0,0.0,0.0,0.0
2023-10-11,3062.825439453125,3083.251469944366,3051.354143292787,3067.7626085568904,1025317,0.003934647149745452,-0.0038938868431452334,0.014111482139132422,41.37511540629642,-24.34298233197842,-17.930170287841804,3104.381256243244,3218.431656863116,3012.6787435275087,50.455434528693765,0.2100034577697738,1017657.35,1.0075267475835554,0.006170692128707245,0.008413024551698234,-0.02087851453732581,0.0,0.0,0.0,0.0,0.0,0.0,0.0
2023-10-12,3058.1787109375,3086.639396788513,3049.417777189421,3084.2192624018194,992531,-0.0015171378870533214,-0.004318921690270783,0.013952814620647928,40.74308008960397,-24.98544547278243,-19.341225324829928,3099.981013833173,3215.106716069901,3006.540989008224,49.5101620337222,-0.031976452160648816,1039538.65,0.9547802768083707,-0.0008757409120068171,-0.0017994039062700917,0.002097416753855219,0.0,0.0,0.0,0.0,0.0,0.0,0.0
2023-10-13,3048.207763671875,3070.6665639076145,3028.314211394702,3049.369380929693,854688,-0.003260420076159787,-0.0006638073906529374,0.0063238837442914355,39.353884060889726,-25.999468564713425,-20.672873972806627,3095.050228103526,3208.1638129655353,3001.0008598860272,48.998889925092946,-0.13888029693782866,1038227.7,0.8232182593471548,-0.0021698099802970328,0.004260857971034149,0.05686045801916784,0.0,0.0,0.0,0.0,0.0,0.0,0.0
2023-10-16,3012.631591796875,3028.0720011842827,2997.1911824094673,3024.1997863490087,853011,-0.011671176846602127,-0.0015375811100244107,0.007213411098696386,34.795227872932,-29.335626081870032,-22.40542439461931,3087.2008341695596,3208.1920096967037,2988.562189522046,49.14301073490115,-0.0019621195102774713,1025750.55,0.8315969218832006,-0.0009772027556287366,-0.003426853178474576,-0.013642841589794896,0.0,0.0,0.0,0.0,0.0,0.0,0.0
2023-10-17,3014.083740234375,3036.784552949122,2993.0285715934306,3036.784552949122,792640,0.0004820199195461061,-0.0016728555923599564,0.007155594369445409,35.12556645230762,-31.49927467628777,-24.224194450953,3080.237301413828,3210.168112294435,2978.541580088377,48.75822292210045,-0.07077399939742868,986952.2,0.8031189352432672,0.004041709427698992,0.0003275130228153067,0.0027886223730608783,0.0,0.0,0.0,0.0,0.0,0.0,0.0
2023-10-18,2997.530029296875,3015.6810373659855,2991.2861297893514,3010.647205063069,481985,-0.005492120446598081,-0.002318380228158967,0.007182495248904416,33.06887842687962,-34.155998810218534,-26.21055532280611,3072.3604183550706,3212.1496529968795,2965.925957354683,47.017986111709995,-0.39192445498587003,977371.35,0.4931441872119538,-0.007086812741337156,-0.004665307754451842,0.01779753556133712,0.0,0.0,0.0,0.0,0.0,0.0,0.0
2023-10-19,3002.709228515625,3011.518376010426,2977.8302939159094,2989.059575833664,568124,0.0017278222964007828,-0.0032923208048753925,0.005589049794334621,34.36379116685792,-35.435080187611675,-28.055460295767222,3065.7269717036947,3211.7538742115894,2955.4263015696606,46.0658501104819,0.17871717999522807,960723.35,0.5913502570745262,-0.0023588102112444,-0.0035358332736917797,0.0096174563215079,0.0,0.0,0.0,0.0,0.0,0.0,0.0
2023-10-20,3006.629638671875,3015.584135277716,2966.648974125656,2993.706027412357,711434,0.0013056243072153695,-0.002834281290391838,0.005775235326769834,35.38288353051432,-35.72065162253375,-29.58849856112053,3060.098654272093,3206.4390793855196,2947.3480299894804,46.270800899166055,0.2522512690891425,954008.1,0.745731613809149,-0.004180896084593599,-0.0108104448988251,-0.0023813985478382538,0.0,0.0,0.0,0.0,0.0,0.0,0.0
2023-10-23,2973.861083984375,3009.5821723902673,2966.1166540781655,2997.1428236581655,374476,-0.010898766600988763,-0.002580186463965273,0.005292501487135427,31.04417350377787,-38.151332731831644,-31.301065395262754,3051.8855523399297,3196.6018751219035,2937.5482469484086,46.070423571518596,-0.4736321289114661,927905.85,0.40357111661705763,-0.013350307425555652,-0.02494360854400568,-0.0252821369191486,0.0,0.0,0.0,0.0,0.0,0.0,0.0
2023-10-25,2963.0185546875,3008.7106380877717,2954.4996355997037,2994.5769607597535,669290,-0.0036459434353767195,-0.002903545161987109,0.005243894761435972,29.744506275061767,-40.48587060773525,-33.138026437757254,3043.4220287539843,3171.8309856807946,2936.91252017858,46.651893494129276,0.7872707463228619,890266.15,0.7517864180279122,-0.008277236732921023,-0.009582540019070884,0.02339045720145294,0.0,0.0,0.0,0.0,0.0,0.0,0.0
2023-10-26,2865.7294921875,2957.4041327663795,2846.077954282539,2953.628817771685,1834111,-0.032834442547141185,-0.006580454131675772,0.01033541397813983,21.177278524564883,-49.614497910990394,-36.433320732403885,3026.498930033367,3166.0567637579165,2910.4989491327083,51.67251541633154,1.740383092530891,940243.7,1.9506761917149777,-0.013853064912347501,-0.012007623278522228,-0.024409153614600387,0.0,0.0,0.0,0.0,0.0,0.0,0.0
2023-10-27,2860.743896484375,2879.620944290715,2837.3654933530197,2839.108037341854,1708185,-0.0017397300466484023,-0.0066027133476352804,0.010323530417035468,20.84592436426159,-56.5988602940065,-40.46642864472441,3010.7127363620343,3149.988537423852,2893.0095826933357,50.99986795357182,-0.0686577857065358,999836.65,1.708464077607077,0.010075700327460302,0.01949816366196,0.029000375786507382,0.0,0.0,0.0,0.0,0.0,0.0,0.0
2023-10-30,2872.312255859375,2896.3682487345804,2845.206751994645,2878.9917319181172,878885,0.00404382908558043,-0.005872288431461259,0.010832155106857358,23.82429115699972,-60.503105740312094,-44.473764063841955,2997.531738218924,3153.510304000302,2869.8121081090735,51.01141286688351,-0.485486056838106,938561.85,0.9364167103105672,0.004916740769664862,0.021355080972609297,-0.033488133247943974,0.0,0.0,0.0,0.0,0.0,0.0,0.0
2023-10-31,2899.998291015625,2916.503653124388,2871.2471446907093,2874.1513056597155,1152306,0.009638936400376386,-0.0037412771067634075,0.011631275627967714,30.558656761784036,-60.66392081267122,-47.71179541360781,2988.242838485277,3151.610688776607,2855.7049118093305,50.60034826451175,0.311099859481047,918647.9,1.2543500072225713,-0.0032026069828995363,0.012679465342497531,-0.0004573274731671795,0.0,0.0,0.0,0.0,0.0,0.0,0.0
2023-11-01,2840.80224609375,2912.776902293011,2836.3975541594837,2902.1767607496417,1029990,-0.02041244131255804,-0.005830723229973822,0.012622787074660491,25.390179937622264,-64.8207804122735,-51.13359241334095,2974.2008773051316,3153.4087932183243,2831.4189411566754,52.441705398012864,-0.10614888753508178,909190.15,1.132865330756168,-0.004740624572936891,0.015505763824108731,-0.031804213387723324,0.0,0.0,0.0,0.0,0.0,0.0,0.0
2023-11-02,2860.98583984375,2867.3750888659015,2840.2695849873585,2866.4554851096987,900125,0.007104892210555436,-0.004571021964258471,0.013272192333270193,29.752804041688876,-65.72879364088203,-54.05263265884916,2963.418492785,3148.7077187909686,2815.3552450762186,50.63197671805073,-0.12608374838590664,909567.2,0.9896190188036684,0.007588523257266999,0.025230689675863394,0.02623184795877398,0.0,0.0,0.0,0.0,0.0,0.0,0.0
2023-11-03,2887.751220703125,2892.648236728921,2852.985816174991,2867.531970914157,715997,0.009355300011144596,-0.003808274192784089,0.013879677258077358,35.16669584539511,-63.556023838150395,-55.95331089470941,2956.2120859200595,3132.8610188168705,2809.5948405581294,49.84843699204208,-0.20455825579780584,895236.55,0.7997852634591383,0.005087980838331285,0.025406200250343236,-0.0225676352205888,0.0,0.0,0.0,0.0,0.0,0.0,0.0
2023-11-06,2937.644287109375,2942.2505691345473,2893.5694885561225,2907.2912655716914,620959,0.01727748084687919,-0.002211088538817707,0.015372255146809635,43.85340801083078,-57.14935246926552,-56.19251920962064,2954.443724128566,3115.4456747082436,2811.4088174792564,50.180644951997806,-0.13273519302455183,885571.65,0.701195662711199,0.00941990339899168,0.012038834951456412,0.0034161964614491946,0.0,0.0,0.0,0.0,0.0,0.0,0.0
2023-11-07,2941.57177734375,2947.0021993288515,2911.3641228335237,2937.6442685016677,757998,0.0013369522823472035,-0.0009875166504841105,0.015088250088452052,44.48398075435425,-51.165301862761225,-55.18707574024876,2953.2178244347742,3104.5686274689697,2811.2350346404055,49.14189006223567,0.2206892886647911,888470.95,0.8531488846090016,-0.000260191958478706,-0.013353817662365652,-0.04191124303867011,0.0,0.0,0.0,0.0,0.0,0.0,0.0
2023-11-08,3001.598876953125,3005.1868809212315,2954.0329060373683,2965.47592786452,783400,0.02040647114978089,0.0014177248080316507,0.016471123664275424,53.145263613971416,-41.10537618383796,-52.3707358289666,2957.8255437222365,3097.3631863338373,2813.5182101505375,50.17569102761037,0.03351196177298621,885272.6,0.8849251631644309,0.0018962926582819506,0.01516801522270761,-0.025364534730338617,0.0,0.0,0.0,0.0,0.0,0.0,0.0
2023-11-09,2987.004150390625,3017.2601029650414,2981.040322029973,3006.2051207708255,849702,-0.004862317438403041,0.004214937318905465,0.01168886087337966,51.05946003381979,-33.91948238700206,-48.680485140573694,2960.6044586430353,3085.7296760052354,2817.5695915728897,49.178840306714505,0.08463364820015329,876491.85,0.9694351407831117,-0.002478937369815082,0.012336200970894495,0.005908991894559845,0.0,0.0,0.0,0.0,0.0,0.0,0.0
2023-11-10,2983.36767578125,2991.659030981247,2948.117637679187,2977.1128768597823,364232,-0.001217432057769141,0.004267167117793391,0.011660429336227313,50.527346124611604,-28.193050949351345,-44.58299830232923,2962.7723840847702,3073.817814027181,2822.0003500353187,48.77616552066775,-0.5713414820725384,845076.9,0.43100456301669116,0.001549283945833313,0.0022706631175235525,0.017747758168129124,0.0,0.0,0.0,0.0,0.0,0.0,0.0
2023-11-13,2992.2412109375,3004.2659379372017,2972.2643963129512,3004.2659379372017,405941,0.0029743350872522,0.0041602177179605685,0.01166760788483164,51.846090865210414,-22.67738190796581,-40.20187502345655,2965.5789390231257,3064.2862076786537,2825.935301110409,47.57797809949509,0.11451217905071487,822639.55,0.49346156527485213,0.0009369804014345284,0.0020390223091293347,0.013385685052261342,0.0,0.0,0.0,0.0,0.0,0.0,0.0
2023-11-15,3021.9150390625,3024.4850017228996,2985.5496530986666,2992.3378584785823,700017,0.00991692381500986,0.004188016459423916,0.011682433359413097,56.063826448589275,-15.730414097387438,-35.30758283824273,2970.9442818840184,3065.86579828809,2825.284055227535,46.96064742269066,0.724430397520822,814989.85,0.8589272614867535,0.011926753508604282,0.02954250542665049,-0.015642062524954925,0.0,0.0,0.0,0.0,0.0,0.0,0.0
2023-11-16,3035.588134765625,3045.867273845066,3003.877569568554,3024.629985831062,675454,0.004524645969983032,0.006681725187678023,0.007895555763963802,57.89390902105295,-9.01763778973509,-30.0495938285412,2977.1008393013144,3069.7235124172626,2823.5767805514874,46.60558005510647,-0.03508914783498118,809130.55,0.8347898865022461,0.004561522280999375,0.009223318798855296,-0.04631685294525356,0.0,0.0,0.0,0.0,0.0,0.0,0.0
2023-11-17,3073.0205078125,3130.5748872056256,3050.4739683166335,3054.6924478270644,1430175,0.012331176492019535,0.007204353615824432,0.008097077884223047,62.499172623640526,-0.6695167610291719,-24.173578415038797,2986.236045826189,3083.71460411868,2817.134736701632,50.061378082598914,1.1173536613892288,856540.05,1.669711766542615,-0.0016897597201204206,0.004859703691504791,0.04120385581054986,0.0,0.0,0.0,0.0,0.0,0.0,0.0
2023-11-20,3045.33447265625,3075.9296944731177,3037.237018725364,3073.02046361227,406431,-0.009009388347999692,0.005367884779910004,0.00951371356744011,57.49070052081619,3.67009111806874,-18.60484450841729,2991.864467429052,3090.4068536255872,2814.7050116087876,49.24932791582425,-0.7158172950862657,848455.4,0.47902458986058666,-0.0019157289123818977,-0.002454182441277597,0.0212132374584435,0.0,0.0,0.0,0.0,0.0,0.0,0.0
2023-11-21,3038.44921875,3061.3835608228896,3032.388321082343,3061.3835608228896,409069,-0.0022609187818520837,0.0034140448170368763,0.008773583911631999,56.28274718903033,6.478993377056668,-13.5880769313225,2996.3011104119996,3095.1557402430685,2813.138082999119,47.80260733187587,0.006490646628825036,833337.15,0.4908805517670729,0.0045394734754240496,0.011287970756828969,0.0015791697509706104,0.0,0.0,0.0,0.0,0.0,0.0,0.0
2023-11-22,3038.206787109375,3061.4806341858593,3026.763764946007,3044.994992506683,489889,-7.978795206742273e-05,0.003272370793595414,0.008822155258348488,56.23794120781204,8.586526316588788,-9.153156281740241,3000.292127240321,3102.889345357451,2811.8390481972365,46.86791175387418,0.19757058100222702,839107.8,0.5838212920914333,0.0014380348265852216,-0.0069404345601883355,-0.005942970065567432,0.0,0.0,0.0,0.0,0.0,0.0,0.0
2023-11-23,3028.460693359375,3075.444722887016,3020.896646015806,3052.752817610115,792460,-0.003207844110990399,0.0009109392675182848,0.006609135195502954,54.36424143091597,9.36240901774272,-5.450043221843648,3002.974847823088,3109.4290795661364,2811.843527855739,47.416494976541024,0.6176317492329895,845266.3,0.9375270255066361,-0.0004971574875239915,0.010303283022024212,-0.007198588878491119,0.0,0.0,0.0,0.0,0.0,0.0,0.0
2023-11-24,3041.26123046875,3044.800936584253,3016.872274159308,3023.660479212061,756329,0.004226746986494945,0.0018198457100080834,0.006346731362736503,56.41804810309419,10.884725672468903,-2.1830894429811383,3006.6211699798178,3115.46011389024,2823.3656673597598,46.024506937141325,-0.04559346844004741,791377.2,0.9557123960609429,-0.00036868908443588033,0.00263876292328713,-0.009708748787777721,0.0,0.0,0.0,0.0,0.0,0.0,0.0
2023-11-28,3053.092529296875,3064.3899481700873,3041.2614673091102,3046.1101855815314,647883,0.0038902606292394726,0.0023306149787089446,0.006280319349252328,58.286656113943,12.897188762347469,0.832966198084583,3011.047013724299,3120.4462965619637,2837.614347969286,44.38909342029818,-0.14338469105376095,738362.1,0.8774597179351432,0.004799264638990497,0.005690305043798638,0.02125527477981537,0.0,0.0,0.0,0.0,0.0,0.0,0.0
2023-11-29,3053.092529296875,3074.0873847149296,3046.9345623893714,3053.092529296875,620725,0.0,0.002033181469983725,0.006316771536834409,58.286656113943,14.326928348294132,3.531758628126493,3015.0513485407346,3124.0507893644726,2852.0878825105274,43.15793119924532,-0.04191806236619888,725454.1,0.8556364903031081,0.010402389113554511,-0.004950845094511491,0.017384894265914053,0.0,0.0,0.0,0.0,0.0,0.0,0.0
2023-11-30,3025.503173828125,3058.5229930604996,3014.302823870463,3053.092570574263,1793116,-0.00903652778420827,0.00013783631006191176,0.006528366825667183,52.230285706836796,13.08296458651921,5.441999819805037,3016.046760472867,3124.9676927846153,2863.721467371635,43.233805341444715,1.8887446131539734,757494.6,2.367166709835291,0.0018187545137213768,0.014428833894055026,-0.003249057136270439,0.0,0.0,0.0,0.0,0.0,0.0,0.0
2023-12-01,3077.384033203125,3094.06381137529,3045.2371297827417,3051.7343641036796,960196,0.017147844968001147,0.0014001562098637232,0.008417824613089911,60.53469967025781,16.097899542832238,7.573179764410478,3021.888405494796,3120.920123161803,2891.4272157053842,45.04286478471044,-0.4645098253542994,754004.9,1.2734612202122293,0.0066929416105065975,0.013242730563817418,-0.047688089947087065,0.0,0.0,0.0,0.0,0.0,0.0,0.0
2023-12-04,3097.894775390625,3107.4951432918356,3070.693417332085,3093.4823942173853,1018189,0.006664992723105501,0.0008335378329723198,0.0077657272407721245,63.2543972784071,19.912760785181945,10.041095968564772,3029.127107389637,3118.3791744471464,2917.659057974729,44.45421201149901,0.06039704393686285,759908.1,1.339884388651733,0.020668169003769332,0.020330561448318907,-0.010775843099871119,0.0,0.0,0.0,0.0,0.0,0.0,0.0
2023-12-05,3128.635009765625,3149.3874262486074,3083.7843722757652,3100.2700120017676,1005550,0.009922943354692793,0.0027267710032415683,0.007398569341934922,66.93244815539441,25.12689856582392,13.058256488016603,3038.6040504730645,3122.503132320207,2937.6234790079184,45.96484358016638,-0.012413216013922757,774385.75,1.2985130472765027,0.008135565760247543,-0.004608640344374804,-0.010636958144806585,0.0,0.0,0.0,0.0,0.0,0.0,0.0
2023-12-06,3154.1396484375,3189.4867559220547,3135.1325788451045,3166.2129091169077,1229158,0.008152001940867404,0.0037680630755135168,0.007351210363706975,69.64707184752001,30.96026089695124,16.638657369803532,3049.6074407553915,3138.084534090589,2943.691613370349,47.02819376418519,0.2223738252697529,804795.7,1.527291957449574,0.003960643244200535,-0.00292770947148302,-0.03756468926324752,0.0,0.0,0.0,0.0,0.0,0.0,0.0
2023-12-07,3153.412353515625,3200.105414156322,3148.6121699433556,3184.638050755092,1071725,-0.00023058424893629414,0.0037529834458266296,0.007360129778791,69.47192875580724,35.11971770509945,20.334869436862718,3059.4936229230325,3149.245050102323,2953.715154975802,47.34712593909812,-0.12808198783232094,820482.05,1.3062138288095393,-0.0017455990623970186,0.003550908962840049,-0.003364737412269614,0.0,0.0,0.0,0.0,0.0,0.0,0.0
2023-12-08,3134.211181640625,3170.867535509335,3130.1383060449457,3156.5152834901714,895852,-0.006089013970403623,0.0034648664598853074,0.007710924949095673,64.83628418364611,36.4466092689745,23.557217403285073,3066.6095808961363,3159.369710930454,2956.851724616421,46.8744190480475,-0.16410273157759692,826104.65,1.0844291942915465,0.003265370504707432,0.005307599998438439,0.024172764515373313,0.0,0.0,1.0,0.0,0.0,0.7381845712661743,1.0
2023-12-11,3135.181396484375,3146.8183209377657,3089.1185705230364,3132.2721653710273,910426,0.0003095563085964148,0.0030731473920954542,0.007767212813906164,64.96350153023889,37.14824675790578,26.275423274209217,3073.140229999778,3166.5669345757724,2964.4722255804772,47.64765700281049,0.01626831217656477,829140.85,1.0980353941070446,0.001320935183362959,0.008460809390440804,0.002505306574116073,0.0,0.0,0.0,0.0,0.0,0.0,0.0
2023-12-12,3127.180419921875,3158.5031830067132,3112.8767029844853,3130.3320863657063,1019030,-0.0025519979709855978,0.0024289215320729475,0.007956762817425127,62.94119798534603,36.63636635526882,28.347611890421142,3078.2869147542633,3169.7379017640087,2975.682532806304,47.50328721848317,0.11928921186345742,861880.75,1.1823329387505175,-0.004319607014175553,-0.017450835340596105,-0.03669605366726725,0.0,0.0,0.0,0.0,0.0,0.0,0.0
2023-12-13,3145.509033203125,3156.4671842781904,3093.773349265038,3141.96956342734,1052079,0.005861066782231861,0.0030150282102961333,0.007973814238712686,65.5842485264611,37.27992360805774,30.134074233948464,3084.6890212732023,3174.94814315914,2985.7990736377355,48.58832634667382,0.0324318224193596,894187.65,1.176575185309258,0.0009542158562574343,0.016053008817597414,0.013926874688857893,0.0,0.0,0.0,0.0,0.0,0.0,0.0
2023-12-14,3143.278564453125,3160.0066418292845,3120.6349563177837,3156.5154701101264,923107,-0.0007090962786804322,0.0038477713608489174,0.006943661469236763,64.97691895959406,37.18136356556306,31.543532100271385,3090.268977766528,3180.807972498879,2992.075596837059,47.929994858447174,-0.12258775244064368,905342.15,1.019622249996866,0.012250087289956912,0.03879249040257671,0.03164554816211829,0.0,0.0,0.0,0.0,0.0,0.0,0.0
2023-12-15,3213.63330078125,3225.7067983027605,3143.9088289191463,3151.666777910927,1631687,0.022382596669527244,0.004371246531001527,0.008150238170508759,73.35761160020053,42.29276855484932,33.69337939118697,3102.017960910787,3201.675102433445,2989.012983504055,50.394154786389194,0.7676033222584164,953153.8,1.711882174734025,0.012932779200891975,-0.007119280417973273,-0.0007831556992005106,0.0,0.0,0.0,0.0,0.0,0.0,0.0
2023-12-18,3231.234375,3234.8709136859993,3196.275069081161,3212.7607111243583,911936,0.0054770014408522805,0.004252447402776205,0.008121697483506472,74.97121168256592,47.219536007724855,36.39861071449455,3114.3242860621413,3224.290046683074,2982.2194259731764,49.55141834484986,-0.4411084969114787,927241.85,0.9834931415142663,-0.0017710126840955187,-0.009582133762997103,0.018288619734447176,0.0,0.0,0.0,0.0,0.0,0.0,0.0
2023-12-19,3235.11328125,3252.4230629773606,3200.299342912588,3235.0162121855624,780448,0.001200441007935149,0.0033801971681004404,0.007910680151239188,75.32587744173765,50.850853046214525,39.28905918083855,3125.8279998895564,3243.4944709268166,2981.9928825888082,49.735154181987184,-0.14418555688118462,945942.7,0.8250478596642271,0.0016083748565725031,-0.005331035577060161,0.01642086541121124,0.0,0.0,0.0,0.0,0.0,0.0,0.0
2023-12-20,3197.389892578125,3258.2898356573664,3183.3286109210712,3235.113059213811,979762,-0.011660608266953587,0.0013989361473183415,0.00899018909155932,65.59140404303338,50.10713193677611,41.452673732026064,3132.6434182408484,3251.733496859845,2989.6479240385925,51.537016364437754,0.2553840870884414,974477.35,1.0054230608848937,-0.01412146609423337,-0.024283776918187172,0.005932015289602521,0.0,0.0,0.0,0.0,0.0,0.0,0.0
2023-12-21,3203.014404296875,3219.5485791399037,3172.8555220084145,3180.7588372225555,1585879,0.0017590947328025575,0.0015979040454922266,0.008972117267511365,66.29088267991511,49.40210200880574,43.042559387382,3139.345416912851,3258.913070656767,2998.9491119604204,51.19101927637001,0.6186369751021166,1029276.85,1.5407701047585012,0.004959794076523361,0.009222823688528559,-0.0038895554637858876,0.0,0.0,0.0,0.0,0.0,0.0,0.0
2023-12-22,3240.204345703125,3249.4169099249393,3187.5472207476787,3209.754254538738,930563,0.011610919187987179,0.003367897361331307,0.009032859733202255,70.55341590623895,51.2534601887146,44.684739547648526,3148.9510291785914,3269.5353822926636,3009.5011655588987,51.95378141214791,-0.4132194196404644,1036182.0,0.8980690650870214,0.004438926556610712,0.02546702436337145,-0.0040307305363948,0.0,0.0,0.0,0.0,0.0,0.0,0.0
2023-12-26,3280.982177734375,3289.2732962982595,3243.9863165079832,3248.592598711836,600190,0.01258495689795791,0.004595437420267456,0.009397784521313209,74.37901565096853,55.37280194254663,46.822352026628145,3161.5254242791425,3287.155731310768,3015.852911267357,51.747722068075525,-0.35502486129364696,1028375.05,0.5836294842042307,0.004306875934107168,0.0024245287342770094,0.025294043350438056,0.0,0.0,0.0,0.0,0.0,0.0,0.0
2023-12-27,3301.44384765625,3306.7774379344264,3252.5203260008316,3278.751940083357,837182,0.00623644653138733,0.005474281870504749,0.009059976623313112,76.05973495031522,59.601447333845954,49.37817108807171,3174.850988410296,3306.553992360077,3021.289782053986,51.9269642013269,0.39486162715140205,1037840.0,0.8066580590457103,0.0099527499207277,0.006798210231276025,-0.0175157046292177,0.0,0.0,0.0,0.0,0.0,0.0,0.0
2023-12-28,3294.46142578125,3316.474558021403,3270.9936781496267,3301.976938637179,779250,-0.002114960059053206,0.004676679186376242,0.009367994436228962,74.26930058965337,61.678267506985776,51.83819037185452,3186.242458636101,3319.909798712333,3032.070865350167,51.466529606359,-0.06919881220570911,1045766.25,0.7451473979008215,0.005723881307796219,0.009479352109537098,-0.015819235556713496,0.0,0.0,0.0,0.0,0.0,0.0,0.0
2023-12-29,3299.45556640625,3319.3838449572722,3281.5153096079625,3306.8257125492332,615676,0.0015159202004666472,0.00489918083429095,0.00925156219834554,74.72753797073355,63.0009125642091,54.07073481032544,3197.0246593761153,3325.6356240154387,3053.7402793048736,50.49524430228405,-0.2099120949631056,986894.25,0.6238520489910646,-0.0021717930740454694,0.0072677684608573045,-0.01722156505462813,0.0,0.0,0.0,0.0,0.0,0.0,0.0
2024-01-01,3293.346435546875,3308.5713631824997,3286.606527917364,3300.0375718903215,283951,-0.0018515572452545426,0.0024757654428127717,0.007082810504179232,73.01456014769148,62.831875744884655,55.82296299723728,3206.1981618685686,3333.3090903499415,3067.6630532047457,48.45735794248774,-0.5387980041450373,953082.0,0.2979292442832831,0.00048317180721269004,,,0.0,0.0,0.0,0.0,0.0,0.0,0.0
2024-01-02,3288.740234375,3296.061609556705,3243.7925213286044,3293.249447662762,552394,-0.0013986385161784964,0.001788201447109694,0.007092813168448529,71.68036477468888,61.61596047107787,56.98156249200541,3214.059311631086,3339.3747748856067,3080.681914567518,48.729624391460106,0.9453849431768158,929792.25,0.5941047583478998,-0.003500136051024061,-0.005874434145516805,-0.014927330116984994,1.0,0.0,0.0,0.4690835475921631,0.0,0.0,1.0
2024-01-03,3271.52734375,3296.1587382961075,3263.1874534764347,3288.740293913211,379131,-0.005233885742961797,0.0011447687720199996,0.0074356213061782545,66.77028258114724,58.588036027541875,57.30285719911271,3219.532457547173,3343.4970176650345,3090.8489051865276,47.60402870776101,-0.3136583670351235,898471.3,0.4219734119498308,-0.00685186637566948,0.01226795252516344,0.031097649615654976,0.0,0.0,0.0,0.0,0.0,0.0,0.0
2024-01-04,3277.68505859375,3298.34064604322,3262.023793079595,3269.975643794998,777127,0.0018822140843524071,0.002499051007150599,0.005923789314980879,67.62466686097301,56.0392743453267,57.050140628355514,3225.07080050399,3348.820688904583,3097.8797749626046,46.797801868894155,1.0497585267361411,875869.75,0.8872632032331291,0.006564470186349425,0.06763957841747303,-0.0084345515924521,0.0,0.0,0.0,0.0,0.0,0.0,0.0
2024-01-05,3254.0234375,3278.1214257825845,3246.701825399603,3277.685088479398,416956,-0.007219003861189122,0.001601241147751431,0.006680435351202003,61.12142809652774,51.51622035496848,55.943356573678116,3227.8281945036097,3350.247588054937,3106.513984210688,45.69935890561469,-0.4634647876087178,843131.3,0.49453270208329353,0.002410182228605562,0.0036253272759101396,0.01507933823381924,0.0,0.0,0.0,0.0,0.0,0.0,0.0
2024-01-08,3198.60205078125,3274.339117215186,3195.1596505600874,3253.4896307587587,545884,-0.017031649520425463,-0.0012630157230898332,0.007934490351873375,49.18941338631815,42.96435836951696,53.34755693284589,3225.0447522443374,3346.5517423877045,3116.6489167919826,48.09079517343497,0.3092124828519076,825632.9,0.6611703579157274,-0.00911070868564301,0.0013028206939076359,-0.03351954441395333,0.0,1.0,0.0,0.0,0.6568182110786438,0.0,1.0
2024-01-09,3168.63720703125,3214.7000279444815,3163.54605314084,3209.851309953615,670704,-0.009368106214613703,-0.0034583220343469947,0.006602505269094547,44.168816397560924,33.38420137670482,49.35488582161768,3219.6726050811862,3343.4374665268,3123.1087737075745,48.30959371844973,0.22865663767393807,813646.8,0.8243183651677853,0.0014804820050666745,0.0251936690347494,0.019311528353493035,0.0,0.0,0.0,0.0,0.0,0.0,0.0
2024-01-10,3187.40185546875,3193.3656839242667,3159.6185591970807,3192.395940321496,691087,0.005921993340184617,-0.003489767353467266,0.0065517561119763,47.76435362053924,26.99482866365588,44.88287439002532,3216.5992003561923,3337.623322461193,3134.94506132787,47.2694173619309,0.03039045540208507,797249.65,0.8668388879192358,0.0034277152411805734,-0.0010960625405610491,-0.01018163839952424,0.0,0.0,0.0,0.0,0.0,0.0,0.0
2024-01-11,3188.711181640625,3209.0757993064663,3171.740666919091,3187.402169700121,537469,0.00041078164324614974,-0.00323719318323733,0.00665846014582354,48.01591816537101,21.785724168127217,40.2634443456457,3213.9431985737574,3333.605044907981,3143.283553724831,46.55982557803407,-0.22228460381977955,771519.15,0.696637277247104,0.0013183031833516878,-0.00040422221167923933,0.007942715965004066,0.0,0.0,0.0,0.0,0.0,0.0,0.0
2024-01-12,3178.62548828125,3195.256495633534,3145.848108602877,3195.256495633534,673004,-0.0031629372448168658,-0.0037050789277656817,0.006448428577123784,46.17133808524181,16.651689846174577,35.54109344575148,3210.579607117328,3329.3599941387415,3151.0632968768837,46.76329425322144,0.25217268344778954,759014.0,0.8866819320855742,0.011426492637705898,0.01802527629083417,0.011368004286101296,0.0,0.0,0.0,0.0,0.0,0.0,0.0
2024-01-15,3174.843505859375,3187.7411432060017,3160.0066180491363,3182.8924251624435,728116,-0.0011898169305626372,-0.003638904896296491,0.006472911849400856,45.46599980984564,12.137838832686612,30.860442523138506,3207.176168902285,3331.2544048002287,3145.289906723209,45.40409646062458,0.08188955786295482,713835.45,1.0200053807918898,0.009267074694848665,0.002553771103994018,,1.0,0.0,0.0,0.7660636901855469,0.0,0.0,1.0
2024-01-16,3197.147705078125,3219.548877815052,3174.8436014065146,3175.861879577069,748215,0.00702529090885462,-0.002796511953793179,0.007293050804338395,50.28912172401312,10.242275283071649,26.736809075125137,3206.221077109508,3331.2378684407026,3141.8977760905477,45.354187567414044,0.027604118025149837,705649.4,1.0603211736593272,-0.0029482333845447517,-0.016642151488942103,0.0,0.0,0.0,1.0,0.0,0.0,0.5423261523246765,1.0
2024-01-17,3144.19970703125,3204.372344482611,3096.4398349530143,3194.432472628765,2239241,-0.016561010916942065,-0.003929224471191206,0.008494361362166776,41.01537617745812,4.416654136094621,22.272778087319036,3200.314279959198,3334.909049755116,3129.1352373542586,49.82406770756995,1.9927774770620745,778589.05,2.8760242646618264,-0.020894393512082443,-0.014160704741755792,-0.005236986298566504,0.0,0.0,0.0,0.0,0.0,0.0,0.0
2024-01-18,3068.12353515625,3159.3762703727252,2956.3605797340883,3159.3762703727252,1979174,-0.02419571877221216,-0.006537017756847663,0.010319020676621896,31.910100705333804,-6.266665648700382,16.56488934011515,3187.7246852160597,3350.2636361815557,3100.8540151856314,60.76632648836045,-0.11614069231494062,828559.65,2.3886922323576822,-0.0050852715087356115,0.007240467470998269,0.015665142061231707,0.0,0.0,0.0,0.0,0.0,0.0,0.0
2024-01-19,3070.06298828125,3104.6827887757086,3053.3349105409116,3081.6513773940833,936201,0.0006321300634659632,-0.005751904364382154,0.010557289396187398,32.32258316389414,-14.410658784665884,10.369779715158945,3176.5188093175066,3360.7162966616074,3077.1062131040176,60.09358018453448,-0.5269738790020484,796075.75,1.1760199955845911,0.00746195718645537,0.006956521739130528,-0.0068268132230623335,0.0,0.0,0.0,0.0,0.0,0.0,0.0
2024-01-23,2962.275634765625,3014.9327579467185,2930.1287301342622,2994.131805729143,2365225,-0.035109166791385205,-0.0075596560914781286,0.01376405858228078,23.721718048633846,-29.225477518823936,2.4507282683623677,3156.1146974554226,3385.0645773182846,3024.96506135359,65.79648575328115,1.5264072565613582,867808.85,2.725513804105593,-0.01774084294273448,-0.06027631040407311,-0.006370153914415089,1.0,0.0,0.0,0.5452069044113159,0.0,0.0,1.0
2024-01-24,2908.697265625,2962.5665675843725,2886.0538956140726,2962.5665675843725,2665932,-0.01808689526113738,-0.008431534996130497,0.014161741584485351,20.76401974039173,-44.773533295905054,-6.994124044491118,3132.551132519192,3404.204534692381,2968.5966127685565,66.56192762592534,0.1271367417476139,971095.95,2.7452817612924862,0.010129971071150878,0.002389206780058606,0.006159620929878873,0.0,0.0,0.0,0.0,0.0,0.0,0.0
2024-01-25,2859.9677734375,2924.746693170147,2853.276637309158,2918.976766109648,2001961,-0.016753029874708947,-0.010699037317619852,0.013403159477795126,18.504240213315043,-60.332071719732994,-17.661713579539494,3106.5908126066497,3417.613638640727,2911.039901398335,66.91250821414415,-0.2490577404074823,1029334.9,1.944907337738184,-0.004724053755400193,0.006661792408840794,0.029860061997885268,0.0,0.0,0.0,0.0,0.0,0.0,0.0
2024-01-29,2886.005126953125,2898.029851386732,2851.094361722136,2851.094361722136,1862723,0.00910407234565791,-0.009829708247378676,0.014445221818818412,23.307095067436478,-69.75721098251461,-28.080813060134517,3085.5826520682185,3417.0183157573088,2870.789594398941,65.48557831774785,-0.0695508054352707,1083508.55,1.719158561323766,0.018030591452244726,0.01256758760792498,-0.01376423080638911,0.0,0.0,0.0,0.0,0.0,0.0,0.0
2024-01-30,2864.7197265625,2914.0795821882225,2861.7619611665878,2899.5334278678156,1273188,-0.007375385508443966,-0.010250953073741386,0.01428979158942451,22.15747487774169,-78.04460603742154,-38.07357165559193,3064.5480877343407,3411.046043306991,2833.2882828648835,64.54500993945406,-0.3164909651086071,1116384.15,1.1404568938030875,-0.009913698102483215,0.0038373319081306256,0.005703898203879509,0.0,0.0,0.0,0.0,0.0,0.0,0.0
2024-01-31,2868.35595703125,2881.980664044783,2858.852423212,2876.259271994859,1771244,0.0012693145633180247,-0.01000503992435332,0.014482905396349657,22.857500924479623,-83.35811248421578,-47.1304798213167,3045.863122905475,3398.6900276873935,2803.145250632919,61.58666928897758,0.3911881041919967,1190748.8,1.4875043334076843,0.009460025419002926,0.02281691217076487,-0.013997871650332727,0.0,0.0,0.0,0.0,0.0,0.0,0.0
2024-02-01,2840.718505859375,2882.902352407369,2831.602773978328,2871.4107960600127,3006472,-0.009635293382652454,-0.011671098353504028,0.013208322190530192,21.290348211594463,-88.77586307038155,-55.45955647112967,3026.3255403296557,3383.715525564301,2773.3175799044493,60.851877084696405,0.6973787914031042,1313452.7,2.2889838362660493,-0.0013003033741542103,-0.009401994485164988,-0.03683762293423476,0.0,0.0,0.0,0.0,0.0,0.0,0.0
2024-02-02,2847.458251953125,2872.720120721962,2835.5788925530705,2860.7436922579327,1881911,0.0023725497897268966,-0.009777742282837131,0.013774383680461851,22.68251264882406,-91.47120514527842,-62.661886205959426,3009.2905604842717,3364.8436196420816,2749.7825766469805,59.15825930499604,-0.3740467232024779,1388591.7,1.3552659143792953,0.007205988175093214,0.009491230986558019,-0.0174078166494529,0.0,0.0,0.0,0.0,0.0,0.0,0.0
2024-02-05,2829.08154296875,2875.289730101747,2823.893320086437,2860.743576323829,923435,-0.006453723762857688,-0.008003542781901685,0.012820539191170136,21.562628419123527,-94.00648178795109,-68.93080532235777,2992.1277969113653,3340.280595693299,2729.4852490332632,58.60384149858988,-0.5093099514270335,1395907.1,0.6615304127330536,-0.0037568550808078083,0.007650067390310822,0.008534799134710447,0.0,0.0,0.0,0.0,0.0,0.0,0.0
2024-02-06,2842.27001953125,2857.8344520040573,2814.8262276973805,2842.3185540630784,1471312,0.004661752007565134,-0.007600580587491768,0.013180402487875716,24.445682771098078,-93.86943849972658,-73.91853195783153,2977.8556276370687,3313.273115354292,2715.3173875753955,57.489868842024656,0.5933032644420018,1448624.9,1.0156611280118133,0.007243402101531293,0.0040567951318457585,0.007693274657721627,0.0,0.0,0.0,0.0,0.0,0.0,0.0
2024-02-07,2890.950927734375,2912.0913847555985,2847.2156351014296,2867.531715392698,1134012,0.017127474824208733,-0.0023769164259323738,0.011281227398062187,34.077576574139115,-88.80895391867762,-76.89661635000076,2969.578989551098,3289.928564545143,2707.896826079857,58.37069001219064,-0.22925117174331477,1478031.3,0.7672449155846699,5.014315737827957e-05,0.018355006538600227,0.00788907972353603,0.0,0.0,0.0,0.0,0.0,0.0,0.0
2024-02-08,2840.9609375,2908.9883561526253,2831.457402895202,2908.9883561526253,1633654,-0.01729188474103638,-0.0022974153739222735,0.011160368697246723,29.866902316717812,-87.81992443463014,-79.08127796692663,2957.3296512605175,3270.356935285683,2694.7008283861924,59.73928024399298,0.44059674853528885,1526178.8,1.0704211066226317,-0.009692017110872975,-0.0069149650878777,0.03055167525459157,0.0,0.0,0.0,0.0,0.0,0.0,0.0
2024-02-09,2862.343505859375,2869.4712157808985,2822.487187293678,2841.3486523278243,1144765,0.007526526703387715,0.00013054028388739258,0.01027175104463396,33.643723732801504,-84.3385149761857,-80.13272536877845,2948.283351698504,3242.469151999293,2690.0827767116443,58.82819083279496,-0.29926104303604073,1548862.7,0.7391003734546645,0.0029722318898448563,-0.00011412086904927232,0.006860286742994326,0.0,0.0,0.0,0.0,0.0,0.0,0.0
2024-02-12,2864.4287109375,2875.2412574435702,2831.699864232898,2862.34362013218,614469,0.0007284957496738187,-0.0007070173757110165,0.009788871632002276,34.01689633964078,-80.48345114950598,-80.20287052492397,2940.297195435551,3209.696532494636,2690.4271491459895,57.73627671692905,-0.463235685926806,1552712.7,0.39573901855765076,-0.0076414194307357075,-0.02968205906463861,-0.0023117463896135115,0.0,0.0,0.0,0.0,0.0,0.0,0.0
2024-02-13,2881.690185546875,2891.048116614855,2856.573684175403,2875.2412485342575,717118,0.0060261491387318955,0.0006331360890065695,0.009691384232731855,37.167031106404515,-75.16892794153591,-79.19608200824636,2934.7155754461537,3173.9934998377817,2696.4366515294055,56.074716411395,0.16705317924907526,1554918.4,0.46119333336077317,0.005884480011507653,0.0005294572628602445,0.009390202964224548,0.0,0.0,0.0,0.0,0.0,0.0,0.0
2024-02-14,2886.3447265625,2890.6117404107663,2847.215714758446,2880.0413932275264,750339,0.001615212155341883,0.0006677258482089554,0.009694523889246085,38.02621878451129,-69.7771993307233,-77.31230547274176,2930.108827933425,3133.3368978795374,2708.2433755579627,55.16909564288965,0.04632570929749358,1556029.55,0.4822138499876175,0.004451992284961959,0.01246469341677292,-0.014135534812098172,0.0,0.0,0.0,0.0,0.0,0.0,0.0
2024-02-15,2925.2802734375,2932.9896881534637,2877.6657652169315,2889.8360954529085,1068730,0.013489569183016581,0.002980212104775859,0.009721829247827404,44.82313033017729,-61.651759223041154,-74.18019622280164,2929.6489656004796,3077.9783151464344,2736.4152151270027,55.180154735292696,0.4243295363828883,1572055.3,0.679829774436052,0.0032371361888359207,0.009756125916448921,0.015441202938625942,0.0,0.0,0.0,0.0,0.0,0.0,0.0
2024-02-16,2916.891357421875,2943.171500779442,2909.2304785299257,2943.171500779442,1179473,-0.0028677306895339427,0.002456184056849775,0.009897860615088428,43.71079288152848,-55.25229079549899,-70.39461513734112,2928.4339552977553,3027.870603547375,2763.7920917651245,53.66307384345152,0.10362112039523552,1519066.9,0.7764457246747988,0.005930843022260657,0.015297892131912905,0.007361822421654063,0.0,1.0,1.0,0.0,0.6917372941970825,0.9243334531784058,2.0
2024-02-19,2907.38818359375,2927.364758339173,2897.108807433223,2916.891480822631,560700,-0.003257980042329911,0.002775758428902553,0.00962607996253124,42.42634207775546,-50.366894460546064,-66.38907100198212,2926.42959608785,2993.9350487059437,2781.654111450306,51.99113649077285,-0.5246181981274688,1448143.2,0.3871854661887029,0.0037000088082788096,,,0.0,0.0,0.0,0.0,0.0,0.0,0.0
2024-02-20,2920.5283203125,2925.8136125202705,2882.175148995083,2907.3884834763026,729371,0.004519567353578502,0.0027615399635038894,0.00962308921953888,44.839963913348065,-44.91710700163094,-62.09467820191188,2925.8675698235306,2948.2305696073813,2812.405123751994,51.39451699323104,0.3008221865525236,1437801.7,0.5072820542638112,0.0033766555730090353,0.00487140334598779,-0.01353785631109139,0.0,0.0,0.0,0.0,0.0,0.0,0.0
2024-02-21,2910.9765625,2935.1716194376536,2893.230206192199,2920.916435003258,927130,-0.0032705581884163726,0.000721736662241379,0.008312191606702494,43.41516059911118,-40.89741822539645,-57.855226206608805,2924.449378649861,2936.3224888722743,2819.183297260538,50.719295296961285,0.2711363627015606,1365896.95,0.6787700931611276,-0.006392700010330099,0.02001127395715896,0.00837991829116369,0.0,0.0,0.0,0.0,0.0,0.0,0.0
2024-02-22,2926.104248046875,2935.6077826909805,2843.3853082537803,2892.745162861561,2615821,0.0051967733927349435,0.0029706024756185113,0.005444611882624017,46.324152055394144,-36.075255029731125,-53.49923197123327,2924.606985259101,2939.4790339379397,2817.7674504370607,53.68380809269263,1.821417708411981,1363391.4,1.9186133930432598,0.0073633218581414805,0.005415887719328438,0.007708050091023377,0.0,0.0,0.0,0.0,0.0,0.0,0.0
2024-02-23,2895.605712890625,2914.079374914302,2876.4532777310383,2908.2609135999974,1650523,-0.01042291475999435,0.0011756583292803046,0.006609805850724455,41.67273252273514,-34.31902450394227,-49.663190477775075,2921.844959319246,2941.0582703379305,2819.7520079823817,53.395748251488634,-0.36902295684605335,1345819.5,1.226407404559081,-0.0002137959201901074,0.010003820526250262,-0.024500961721356296,0.0,0.0,0.0,0.0,0.0,0.0,0.0
2024-02-26,2781.660888671875,2841.3486525985536,2761.635778705764,2831.651216924156,3524491,-0.03935094605991818,-0.0028322858516788953,0.014432892001826911,29.681492927649344,-41.64157602963269,-48.0588675881466,2908.4940954480676,2949.442479626978,2800.9333748652093,59.151047246729505,1.135378301302072,1428907.9,2.4665627504753806,-0.004080928508836235,0.0006530346513604623,0.011149179148403743,0.0,0.0,0.0,0.0,0.0,0.0,0.0
2024-02-27,2773.030517578125,2783.1642914278555,2763.866487383944,2768.618136594609,1296180,-0.0031025964124155037,-0.0037451604067936352,0.014095086384244155,29.00081471234421,-47.59253259963634,-47.96560059044455,2895.592802317597,2957.1770197085298,2784.0299138852206,56.3043870179568,-0.6322362576610353,1430057.5,0.9063831349438747,0.003448994348646428,0.010659758621170301,0.013570856211656546,0.0,0.0,0.0,0.0,0.0,0.0,0.0
2024-02-28,2709.80322265625,2772.8848567446894,2701.220896780246,2763.914728115999,2472196,-0.02280079303890814,-0.006186760926218638,0.015139398753856299,24.557560618971436,-56.75637073116059,-49.72375461858776,2877.898556635564,2974.093619551246,2751.2580406050038,57.41190371652265,0.9072937400669661,1465105.1,1.6873847480293391,-0.011135927809948543,-0.02114838712559275,0.0003586225791949449,0.0,0.0,0.0,0.0,0.0,0.0,0.0
2024-02-29,2736.519287109375,2752.132253297183,2692.7354595993493,2700.7358440566086,2284424,0.009859042246963101,-0.006549813619823985,0.014650765288983455,29.47444533611234,-61.15802371850259,-52.01060843857073,2864.4338642997363,2981.530444618846,2733.4012936624035,57.553681572330596,-0.07595352472053185,1429002.7,1.5986141943608645,0.0014418556686905948,0.0011544670620877717,-0.0007169880302932974,0.0,0.0,0.0,0.0,0.0,0.0,0.0
2024-03-01,2746.071533203125,2759.8418454432453,2729.8768618801028,2747.186643679733,978174,0.003490655497568218,-0.005913975001113769,0.01496297166666688,31.200975953256417,-63.14765216870228,-54.23801718459704,2853.1612613381544,2985.6291694325387,2719.163896973711,55.58306028596002,-0.5718071601419001,1383815.85,0.7068671745593895,0.016192168700068565,0.0071934411957381705,-0.0008371166290960241,0.0,0.0,1.0,0.0,0.0,0.614526629447937,1.0
2024-03-04,2746.071533203125,2774.387999940657,2742.434994578772,2773.466790839918,971299,0.0,-0.005588176996880778,0.015062366781612357,31.200975953256417,-63.98684651380199,-56.187783050438036,2842.962239611009,2989.0803755098473,2707.4116899198402,53.89519921995467,-0.007028401899866532,1386209.05,0.7006872448278995,0.0029925402887358565,0.011285614324088478,-0.008976660354343635,0.0,0.0,0.0,0.0,0.0,0.0,0.0
2024-03-05,2735.064697265625,2749.0776813942125,2720.1307408409607,2748.2533046500116,736381,-0.004008211659607186,-0.006440954898199347,0.014662618875893388,30.21255578948187,-64.79317832319566,-57.908862104989566,2832.686283197163,2992.1313450666526,2693.6401881364723,52.11318074376161,-0.2418596127454059,1349462.5,0.5456846707485388,-0.00220029050703785,0.0031268136726909646,-0.009178769422935829,0.0,0.0,0.0,0.0,0.0,0.0,0.0
2024-03-06,2741.75634765625,2753.102301335999,2693.7055010694157,2742.3865863453034,1723066,0.002446615027905885,-0.0058692375765671215,0.01490935726922604,31.630602713524908,-64.15272910197928,-59.157635504387514,2824.0262893361237,2989.1629310111475,2681.6891441841653,52.63343928110602,1.3399109971604375,1378915.2,1.2495808299161544,0.005266971542034149,-0.013435804082358893,0.011214019486574411,0.0,0.0,0.0,0.0,0.0,0.0,0.0
2024-03-07,2783.697509765625,2806.4379496015104,2739.5256418881363,2739.5256418881363,1564364,0.015297187930367162,-0.0048591961228038995,0.016041472432477756,39.8766927241021,-59.574133685156085,-59.24093514054123,2820.185453186552,2987.905334614849,2677.220397807026,53.653358454839456,-0.09210442316196821,1375450.7,1.1373464712330292,0.0008676673462120199,-0.0014708020066958039,0.0,0.0,0.0,0.0,0.0,0.0,0.0,0.0
2024-03-11,2789.806884765625,2808.910785748724,2766.7754749722667,2807.9410421784773,866546,0.002194697871650053,-0.003597434859639459,0.016051450542886026,40.99311883986574,-54.82064999750082,-58.356878111933156,2817.2922561940827,2984.7144173731663,2673.1576529393337,52.83064076352643,-0.4460713746928464,1361539.75,0.6364456124031634,-0.007153178801771132,-0.01085653268634068,0.0015837871651798174,0.0,0.0,0.0,0.0,0.0,0.0,0.0
2024-03-12,2789.128173828125,2812.1595860902044,2778.7519638650274,2792.861781675298,663186,-0.00024328240825777225,0.0003133315055265817,0.009993539138785623,40.90225165174521,-50.525816072015914,-56.79066570394971,2814.6099626354203,2980.9759819540996,2669.3660346474626,51.44328229650147,-0.23467882835994858,1363975.6,0.48621544256363525,0.0001365188668460693,-0.03711870700128561,-0.0035275625685065037,0.0,0.0,0.0,0.0,0.0,0.0,0.0
2024-03-13,2773.6123046875,2799.892453240558,2749.223345722394,2791.5042650706614,955841,-0.005562981754018592,6.729297136627288e-05,0.010116513261037748,38.78563144750625,-47.8228580724176,-54.997104177643294,2810.705423783237,2974.8514720639496,2664.6827564516752,51.38798409804882,0.44128645658985555,1375911.75,0.6946964440124884,-0.015132725270416536,-0.05315617266159278,0.025756843963790965,0.0,0.0,0.0,0.0,0.0,0.0,0.0
2024-03-14,2804.740966796875,2810.365527107244,2755.0416065934555,2773.4667352542356,1381741,0.011223148259317473,0.003469687101188834,0.0067233875087279035,44.941497313948894,-42.67696798341012,-52.53307693879667,2810.1373802607263,2967.815844064696,2663.5580084743665,51.66912241345879,0.44557619938881055,1407481.85,0.9817114160299828,0.006771215952804832,0.00611008807376745,0.01654170427039081,0.0,0.0,0.0,0.0,0.0,0.0,0.0
2024-03-15,2780.788330078125,2809.298697447771,2763.7692824093683,2807.4077447632003,1356226,-0.008540053075241638,0.0016297775689683603,0.007275474672499559,41.48449891321109,-40.069692147838396,-50.04039998060502,2807.342232624288,2952.600701740845,2664.3239564622795,51.230571886669054,-0.018465834045598983,1421856.65,0.9538415845226029,-0.005567468627318717,-0.0016835588953851843,-0.0009365702735846249,0.0,0.0,0.0,0.0,0.0,0.0,0.0
2024-03-18,2760.375244140625,2779.2852449348434,2732.0102429492977,2779.2852449348434,940424,-0.007340755035794677,0.0005466365156320708,0.007757923752349269,38.74890814131937,-39.198714321275475,-47.87206284873911,2802.8691861020347,2937.1722339364187,2664.100812938581,51.055394403966076,-0.30658754514365605,1409904.2,0.6670126949050865,0.0014688778023679294,0.004697901902320556,0.018162680082863147,0.0,0.0,0.0,0.0,0.0,0.0,0.0
2024-03-19,2729.925537109375,2754.0720601180333,2716.2520564755673,2754.0720601180333,1199135,-0.01103100279423419,-0.0005564637637913483,0.008584501841302161,35.03735461605402,-40.49865174943761,-46.397380628878814,2795.922171912258,2922.3309815051866,2661.1958007213757,50.560236779758334,0.27510038025401307,1441825.95,0.831678053790057,-0.010802196640288697,-0.005814969914179069,0.0056392895294219425,0.0,0.0,0.0,0.0,0.0,0.0,0.0
2024-03-20,2739.4287109375,2751.211238202901,2712.9063644648068,2729.9254126789515,818910,0.0034811110042904936,0.00019246850259841964,0.00857659280862788,37.06349312787948,-40.297510206872175,-45.17740654447749,2790.5418422956145,2900.8254175786506,2664.591403710412,49.684853705353746,-0.31708273046821245,1446302.9,0.5662091944916933,0.0009923428906801757,0.006210761339955795,-0.016365304991124208,0.0,0.0,0.0,0.0,0.0,0.0,0.0
2024-03-21,2735.792236328125,2759.308520122843,2721.100714555841,2758.9207173597174,1167680,-0.001327457288760936,-0.00018493872906826246,0.00854937381406516,36.593163908425524,-39.97077893630103,-44.1360810228422,2785.3275941082347,2877.8453615998255,2670.0530270720496,48.86506455261435,0.4258953975406332,1458330.4,0.8006964676866093,0.0079146856998078,0.030023430887659686,-0.001977872890998267,0.0,0.0,0.0,0.0,0.0,0.0,0.0
2024-03-22,2755.5263671875,2768.7632722790845,2723.0399574388525,2735.7919907431437,1652689,0.0072133148845621164,-0.000993326033648767,0.007198218481790643,40.9708467428929,-37.685052784691834,-42.84587537521213,2782.4893820205457,2842.4987893532348,2688.341811232703,48.640653858872746,0.41536122910386397,1410173.8,1.171975397642475,0.0038524885010076115,0.01757036904465137,-0.0040801874458124,0.0,0.0,0.0,0.0,0.0,0.0,0.0
2024-03-26,2729.489013671875,2758.0964528550826,2724.979800163174,2734.6772371744305,1372390,-0.00944913967279537,-0.002157709788093309,0.007557987213004149,37.310649120596665,-37.541836247957235,-41.78506754976115,2777.4417278921005,2807.450427021713,2706.7785036423493,47.53179663266103,-0.16960178230750012,1396267.15,0.9828992968859864,-0.00416580634029895,0.01566610887024722,-0.0057636887608069065,0.0,0.0,0.0,0.0,0.0,0.0,0.0
2024-03-27,2744.859375,2756.8358036641666,2732.4466090482824,2732.689044958457,1156231,0.005631223005894359,-0.0015702592466780962,0.007941872133738792,40.679680068220065,-35.775676675930754,-40.58318937499507,2774.3386466642814,2804.5663524131032,2705.982426883772,46.09001044406322,-0.1575055195680528,1277854.15,0.9048223539439145,0.005405716783151604,0.008500323901379225,-0.0018551149230072728,0.0,0.0,0.0,0.0,0.0,0.0,0.0
2024-03-28,2760.61767578125,2781.224727896944,2733.7072900772264,2749.271722673019,1864623,0.005741022991842648,-0.00043985877209197223,0.008113055045344795,44.00237758771344,-32.72716097540115,-39.01198369507629,2773.0318875325643,2803.3447213864683,2705.962773730719,46.19196954232424,0.6126734190659133,1306276.3,1.427433843820025,0.009187001078543977,0.005470303560214829,0.016145976050311317,0.0,0.0,0.0,0.0,0.0,0.0,0.0
2024-04-01,2784.134033203125,2799.1165253204863,2766.048408740865,2774.388062120667,558086,0.008518512950265622,-0.0007103223029971573,0.0077164337272608895,48.62691521216662,-28.08981490884844,-36.82754993783072,2774.0892347392846,2804.0546811526588,2712.685895019216,45.642460970675096,-0.700697674543326,1210570.8,0.4610106240791534,0.006050979178091831,0.04357963574756463,-0.0006859303347697132,0.0,0.0,0.0,0.0,0.0,0.0,0.0
2024-04-02,2787.23681640625,2804.8861013637434,2769.5875314487566,2787.091449577754,562473,0.0011144518066019682,0.0002551281851872034,0.007215679804262396,49.222761001416664,-23.888939246100108,-34.239827799484594,2775.3413853742336,2807.0851980488187,2714.727131052744,44.903611609554495,0.007860795647982588,1124473.25,0.5002102095358871,-0.0003872860275131451,0.01005420888010522,0.017158545314782003,0.0,0.0,0.0,0.0,0.0,0.0,0.0
2024-04-03,2782.533935546875,2797.273991139584,2758.920583827355,2758.920583827355,816676,-0.0016872914535617234,0.0008204745434104987,0.006761604859116102,48.30819248585761,-20.70057485812913,-31.531977211213505,2776.0263901525805,2809.2990914656552,2716.1594778702824,44.43573987403123,0.4519381374750433,1116398.35,0.7315274158189145,-0.0008306302403686683,-0.025807131858700094,0.004835810998992551,0.0,0.0,0.0,0.0,0.0,0.0,0.0
2024-04-04,2830.0029296875,2854.197986306274,2764.981570867498,2783.1642642313786,1831347,0.01705962810882866,0.003629537633716784,0.007116631080478715,56.99399769987179,-14.179964196983747,-28.061574608367554,2781.16701296543,2821.220924600675,2712.6307843837003,47.634359557227285,1.2424400863990126,1159400.75,1.5795634080795617,0.003565912488363576,-0.00037841335911348306,0.014549558746040026,0.0,0.0,0.0,0.0,0.0,0.0,0.0
2024-04-05,2796.20751953125,2839.1672142533525,2792.861951003212,2835.5306752546503,1155672,-0.011941828682128564,0.0020872436650748783,0.008656896114540695,50.48939321292803,-11.60555877183333,-24.77037144106071,2782.599442162175,2823.639558153477,2716.3264330574602,47.53942410672107,-0.3689497402731432,1180365.3,0.9790799509270562,-4.224679746289706e-05,0.014332071389940415,0.005736311465123878,0.0,0.0,0.0,0.0,0.0,0.0,0.0
2024-04-08,2804.49853515625,2820.935642083115,2786.849248710386,2820.014432999438,570695,0.00296509310095483,0.0025164987040464546,0.008574798288425545,51.938575794329765,-8.794925824528946,-21.575282317754358,2784.6850700663726,2827.143957552754,2719.0962524081833,46.57849334000736,-0.5061790888764286,1122746.75,0.5083025179097601,0.006778164752814453,0.013329778725673203,-0.00866514128982876,0.0,0.0,0.0,0.0,0.0,0.0,0.0
2024-04-09,2770.702880859375,2828.208724703413,2758.9205906132897,2805.4682842334787,1017670,-0.012050515938312745,0.0005901156217589687,0.009514741817858744,46.024924045707294,-9.188585529673674,-19.097942960138223,2783.3534329990393,2826.281899614988,2718.6588474553246,48.200610536444195,0.7832116980173298,1095412.05,0.9290294003977773,-0.0010390218270411866,0.005314378103624007,-0.01062180917953448,0.0,0.0,0.0,0.0,0.0,0.0,0.0
2024-04-10,2809.104736328125,2811.383728459654,2771.5271723227,2796.0617324305517,740495,0.013859968794935895,0.0029210264685320952,0.00963641075041821,52.625560676234635,-6.328899272325998,-16.544134222575778,2785.8059380779996,2829.1152504111565,2717.755281815406,47.663484612432384,-0.2723623571491741,1089109.5,0.6799086776857607,0.0049044741142307835,0.005862071278815328,0.01185422958727389,0.0,0.0,0.0,0.0,0.0,0.0,0.0
2024-04-12,2768.133056640625,2805.4681845721943,2758.9204926055627,2802.55895382428,1766311,-0.014585315797464915,0.0008993725881961678,0.011025222192275055,46.142109405589025,-7.284676233551636,-14.692242624770952,2784.1228065125356,2827.6324279643413,2717.1385925434715,47.84353883458452,1.385311176982964,1144265.75,1.5436195656472285,-0.010301592814249916,-0.008845873435358809,0.007911735027567923,0.0,0.0,0.0,0.0,0.0,0.0,0.0
2024-04-15,2758.338623046875,2767.16338457849,2727.258529823065,2744.5683111682647,884519,-0.0035382813590747464,-2.8557846895571613e-05,0.010962767110655414,44.723618074805614,-8.731810421665159,-13.500156184149795,2781.667169991996,2827.201058499426,2716.042593844324,47.3457522619399,-0.49922805213804367,1140699.65,0.7754179638785723,-0.010963897188301042,-0.010867320827150695,-0.003869524443669947,0.0,0.0,0.0,0.0,0.0,0.0,0.0
2024-04-16,2744.37451171875,2755.4780290885446,2734.6770752815814,2742.0955194544877,911249,-0.005062507993561782,-0.001386659941278312,0.010622220872523049,42.70778330554548,-10.8800434052323,-12.976133628366297,2778.115488251687,2823.2086104224118,2713.9983964135254,45.6540233693223,0.030219814384993438,1117175.05,0.815672530459752,-0.005594325260972033,-0.0045645006620537165,-0.0008879226682525498,0.0,0.0,0.0,0.0,0.0,0.0,0.0
2024-04-18,2722.7490234375,2772.6908181967674,2715.379114224338,2768.6179424797824,1732434,-0.007879933365109948,-0.0022860984584495035,0.010766725127300113,39.7218201453821,-14.164253002767964,-13.213757503246631,2772.842491602717,2823.4844487648024,2707.9186274070726,46.4867148409728,0.901164226243321,1135985.45,1.5250494625613382,-0.0068652458503182245,-0.005331911490269237,-0.002062095352135196,0.0,0.0,0.0,0.0,0.0,0.0,0.0
2024-04-19,2723.573486328125,2736.713559705892,2682.456214862923,2705.5846948592125,1337807,0.00030280532047877173,-0.002087088781045454,0.010797371769360062,39.89435726131135,-16.510166582179863,-13.873039319033278,2768.1502053860895,2824.4799435804516,2703.2429568101734,47.04175984111538,-0.22778760980216273,1155854.6,1.1574180697122285,0.0068717686886063944,-0.006968641114982632,0.0020663563760139336,0.0,0.0,0.0,0.0,0.0,0.0,0.0
2024-04-22,2755.865966796875,2760.4722489343744,2728.907047146642,2760.4722489343744,676040,0.011856658405162479,-0.0026073857514120726,0.00985660163821479,46.3694984033573,-15.583944687264193,-14.215220392679463,2766.9802779014026,2823.8979728089967,2706.418970550378,46.31726003862496,-0.494665523502269,1129699.85,0.5984244399076445,0.008551965982977361,0.007395385247975783,-0.003322269589709159,0.0,0.0,0.0,0.0,0.0,0.0,0.0
2024-04-23,2787.915771484375,2790.8735368051066,2757.9507890475124,2765.7087378212045,929062,0.01162966743435323,-0.00025023613976389304,0.010189175511082026,51.907121924623965,-12.123997875011355,-13.796975889145843,2768.974134433114,2825.8751386414206,2709.290510772642,45.509425036454004,0.37427075320986924,1135207.45,0.8184072435394958,0.0014147135985376202,0.025827925465286006,0.01632181803385424,0.0,0.0,0.0,0.0,0.0,0.0,0.0
2024-04-24,2780.982421875,2795.868081976507,2773.466908399442,2795.7224783730708,718441,-0.0024869293686313743,-0.0007954383867225135,0.010143775748559947,50.68780267943141,-9.828135835674402,-13.003207878451555,2770.117780856151,2826.5111426368,2713.17352533195,43.85883564649762,-0.22670284652692718,1112745.5,0.6456471852728229,0.0015379287654238016,0.008932289682336059,-0.004523880730178509,0.0,0.0,0.0,0.0,0.0,0.0,0.0
2024-04-25,2774.873046875,2783.0673337415737,2743.453445879276,2778.3156843407432,1594152,-0.002196840566824232,0.00018992915042633784,0.009378719075528102,49.58255963834938,-8.404739527525635,-12.08351420826637,2770.5706633341365,2827.1273664951245,2714.4919694423756,43.55562509048334,1.2189045447016524,1109818.65,1.4364076509256716,0.0074969296067168845,-0.002485140475342984,0.011247506599877166,0.0,0.0,0.0,0.0,0.0,0.0,0.0
2024-04-26,2758.096435546875,2791.1162557137577,2751.211397364389,2783.1644047651953,625507,-0.006045902297050487,-0.0018006579587723005,0.008192371675629247,46.578997608352125,-8.53206765953837,-11.373224898520771,2769.3826416401116,2825.666112124839,2718.8139660001607,43.29485603754657,-0.6076239906859572,1072474.5,0.5832371772009498,-0.006663626980883297,0.005916865470998012,0.005504975306253712,0.0,0.0,3.0,0.0,0.0,0.8897307912508646,3.0
2024-04-29,2781.41845703125,2786.9944825525513,2753.1019921694888,2758.0960768479163,566219,0.008455839753750638,0.0005034575963492549,0.007398899072804197,51.02086327413466,-6.67414846894826,-10.433409612606269,2770.528909772601,2826.1053656616614,2722.0306206664636,42.62325849079771,-0.0947839112911606,1042973.9,0.542888944776087,0.00996662256880243,-0.010009816138714656,-0.01229048574436975,0.0,0.0,1.0,0.0,0.0,0.46702584624290466,1.0
2024-04-30,2788.885498046875,2823.8933363758592,2768.6179517009195,2768.6179517009195,1290649,0.0026846161880995645,0.001125747351066686,0.007281961892513713,52.38593562800092,-4.546793711895134,-9.256086432464043,2772.277156274913,2827.5162468345584,2723.446521720129,43.526981789664994,1.2794166214839136,1014275.2,1.272484035890851,-0.00170251731563964,0.014489002728720335,-0.00610860753627096,0.0,0.0,0.0,0.0,0.0,0.0,0.0
2024-05-02,2885.375,2897.5938640075788,2788.109906752457,2788.109906752457,2493406,0.034597871451050644,0.005091785295527928,0.012481260347779785,65.69214432226798,4.868920783046633,-6.431084989361908,2783.048379486826,2851.292830327711,2709.7940349066644,48.23819432291191,0.9319009273629004,1111041.2,2.244206605479617,0.0019177127972140884,-0.0006164660528512611,0.002756420431561768,0.0,0.0,0.0,0.0,0.0,0.0,0.0
2024-05-03,2841.1064453125,2906.321705470283,2821.226700580388,2892.7938289667563,1594445,-0.015342392128406157,0.004345539419198308,0.013522647800076509,57.722093165018514,8.659024121299808,-3.4130631672295646,2788.5777190892713,2858.742366390486,2707.731461734514,50.87082364912501,-0.36053534803397436,1162639.8,1.3714006694076704,-0.007609859296553445,-0.010281190303803367,-0.008485706944071358,0.0,0.0,0.0,0.0,0.0,0.0,0.0
2024-05-06,2843.433349609375,2869.4710576593707,2823.1172703437205,2860.7433660341817,768806,0.0008190134166616847,0.004397160228816599,0.013506476106330897,58.010467477524735,11.715421961319862,-0.3873661415196792,2793.802064853091,2866.2106610584806,2706.3531084727692,50.54817819673394,-0.5178221889121293,1160246.3,0.6626230999400731,-0.0014749338156797576,0.027580104004182537,0.004460013870121626,0.0,0.0,0.0,0.0,0.0,0.0,0.0
2024-05-07,2824.863037109375,2878.15039926399,2816.135344924691,2857.8343186959587,629534,-0.006530946998476783,0.0025583996884526727,0.01362918878558607,54.798038870213254,12.495134121320007,2.189133911048258,2796.760252687023,2865.4209870441764,2706.6287932292607,51.36724077834575,-0.1811536330361626,1100155.65,0.5722226668562762,-0.006246985595782073,-0.03487666758416841,-0.00204005958490161,0.0,0.0,0.0,0.0,0.0,0.0,0.0
2024-05-08,2757.27197265625,2817.105104284615,2735.646643437831,2812.2563863770683,1652877,-0.02392720056342612,-0.0009972871113252623,0.015508288531483413,45.024889575525826,7.571745240486052,3.265656176935817,2792.999464112663,2864.28527768791,2703.870947898027,54.0707516992885,1.625556363913625,1125015.9,1.4692032352609419,0.0,0.006441775741354627,0.005050482809642709,0.0,0.0,0.0,0.0,0.0,0.0,0.0
2024-05-09,2628.102294921875,2767.5997734377193,2621.992862728712,2742.4349736995487,3547959,-0.04684691209838754,-0.005433285384300879,0.021259641967306984,32.9357977251689,-6.676032251689776,1.2773184912106985,2777.2949718087784,2879.682078662576,2670.834522899924,60.60904877141125,1.1465354046308347,1273879.1,2.7851614803948035,-0.01546911781190452,-0.02227190916652344,0.003589320600514867,0.0,0.0,0.0,0.0,0.0,0.0,0.0
2024-05-10,2687.402099609375,2708.106221311954,2589.312623764945,2617.3381206479758,2478584,0.022563735362235215,-0.002957227791394934,0.023045369196903396,40.79497300291776,-13.032271995540214,-1.584599606139484,2768.7337458850257,2882.33411407155,2659.85240936595,64.76508796966824,-0.3014056814072541,1346924.8,1.8401799417458198,0.0044494691449390444,-0.0043642946062256716,-0.012994711177654605,0.0,0.0,0.0,0.0,0.0,0.0,0.0
2024-05-13,2792.13427734375,2807.4077391369824,2670.770959764447,2687.4019679044427,2748823,0.03897153230236672,0.0015445156685467865,0.026511266879073864,51.58612095396624,-9.509012351706588,-3.169482155252905,2770.962367928714,2880.567980630467,2659.921496908595,69.89878021273019,0.1090295910891057,1447341.2,1.8992225191958882,0.0022149680905385605,0.012348371336503794,0.006884885717126643,0.0,0.0,0.0,0.0,0.0,0.0,0.0
2024-05-14,2779.4306640625,2800.6196574884475,2756.011449647565,2791.891964650014,999330,-0.004549785941289075,0.00024395309904281514,0.026453491526178315,50.386470250639654,-7.6536525808060105,-4.066316240363526,2771.768872322408,2881.1994997447223,2660.4197385365273,68.09231075759821,-0.6364516740437635,1408992.15,0.7092516448725424,0.005148324587705533,0.008818223012618809,-0.01175627818807734,0.0,0.0,0.0,0.0,0.0,0.0,0.0
2024-05-15,2728.567626953125,2787.2856515861504,2721.2460151352916,2779.4306334166413,1230520,-0.018299804261003638,-0.001854488945867505,0.02706363783522461,45.79453935774433,-10.170252272377638,-5.2871034467663485,2767.654468001524,2881.1371444315264,2657.5049942403484,67.94569116425969,0.23134500115077095,1426292.2,0.8627404679069268,-0.0007786004689536163,0.010206752159120702,0.0044914148933972164,0.0,0.0,0.0,0.0,0.0,0.0,0.0
2024-05-16,2728.906982421875,2751.744491196891,2702.2390338372884,2735.695187516133,1534319,0.00012437128748343795,-0.005301838962224225,0.02391713361646228,45.83001068217437,-11.998975785106268,-6.629477914434332,2763.9642312796527,2881.2536631742987,2655.8417225678886,66.62853160678418,0.2468866820531157,1457445.7,1.0527452240587762,0.009157377676264788,0.016321243523315987,0.006283947348234564,0.0,0.0,0.0,0.0,0.0,0.0,0.0
2024-05-17,2724.882568359375,2752.3263608130333,2701.802859053989,2729.440552885526,1325150,-0.001474734788845189,-0.003915073228268129,0.023671047365251014,45.45016922913179,-13.616031786843905,-8.026788688916248,2760.2421681443884,2881.1906541201474,2656.118086114228,65.47817233194563,-0.13632693070997626,1437081.5,0.9221119331088737,0.0027785403439750667,0.016670890222725054,0.008526561096316554,0.0,0.0,1.0,0.0,0.0,0.7567651867866516,1.0
2024-05-21,2765.514892578125,2780.2064136649424,2716.2518695146373,2729.8282801441287,921822,0.014911587270057813,-0.002505815842928516,0.024392708053587096,49.95964895347224,-11.486462542414756,-8.718723459615951,2760.7443323761727,2881.3965417619,2660.106339097475,65.36934174754273,-0.3043640342602725,1416282.25,0.6508744990625985,0.002802051667603722,0.0076221410161279035,-0.009915205353390633,0.0,0.0,0.0,0.0,0.0,0.0,0.0
2024-05-22,2798.437744140625,2807.407872922848,2750.7749383398536,2765.5149945014996,933846,0.011904781872936532,-0.0006622429557871845,0.02474876852490712,53.326427398244604,-7.060772410968639,-8.387133249886489,2764.3341811156447,2883.934996336327,2661.825062257423,64.74531266436072,0.013043732954952203,1429172.55,0.6534172518216922,0.0030516154749500313,0.014133584188814607,-0.011824273166208932,0.0,0.0,0.0,0.0,0.0,0.0,0.0
2024-05-23,2815.89306640625,2832.8635799360336,2790.243394736283,2797.710373338625,1181894,0.006237523883521501,0.002354229488907578,0.023399599619913874,55.0530963508829,-2.120439364732192,-7.13379447285563,2769.244551143321,2886.7519484936724,2661.805839592265,63.16494641688858,0.26561981311693783,1441814.15,0.8197270085052224,0.01636661960848307,0.01128668144513334,-0.006593417649164657,0.0,0.0,0.0,0.0,0.0,0.0,0.0
2024-05-24,2787.7705078125,2822.147872237353,2780.254994659862,2822.147872237353,755822,-0.00998708329135567,0.006040212369610764,0.01674502357594081,51.73252114107416,-0.4690384970708692,-5.800843277698678,2771.0089279689573,2887.211124344463,2662.025472335225,61.64551292836019,-0.36049933411964186,1443683.2,0.5235372968252315,-0.0004593757337192361,-0.006550853882052676,0.009341225793129793,1.0,0.0,0.0,0.8049824833869934,0.0,0.0,1.0
2024-05-27,2785.394775390625,2810.6081106721194,2769.1515690073547,2800.522634507227,817091,-0.0008521979894747789,0.003698619034439765,0.01578751351200755,51.45019830896981,0.6406221433353494,-4.512550193491873,2772.379008675783,2887.8353378726015,2662.4534316586487,60.20344355238909,0.08106273699363076,1404830.15,0.5816297436384036,-0.0010737589261899938,0.008498950778470293,,0.0,0.0,0.0,0.0,0.0,0.0,0.0
2024-05-28,2823.11767578125,2832.6212109331595,2777.345822702009,2788.837379693698,1084544,0.01354310732680064,0.0011557765368831574,0.010704543716905771,55.59415084982086,4.511948064919125,-2.7076505418096737,2777.2112626858275,2892.672015289894,2664.1188782647937,59.851439600872034,0.3273233948238323,1427782.0,0.7596005552668404,-0.0019317094176221072,-0.021649611192417706,0.025572313734591345,0.0,0.0,0.0,0.0,0.0,0.0,0.0
2024-05-29,2812.401611328125,2833.299631806114,2793.928186435393,2808.3772703694094,1758297,-0.0037958263465441844,0.0012311724963576464,0.010662464735385789,54.17941122573244,6.638777214458514,-0.838364990556036,2780.5627244612842,2895.179107484102,2664.7101015002727,58.388582870146976,0.6212315959518471,1487385.9,1.1821390803825693,-0.008015115627261094,-0.008960383953434459,-0.007361704317211726,0.0,0.0,0.0,0.0,0.0,0.0,0.0
2024-05-30,2796.44970703125,2822.778389095149,2788.012984654538,2788.255420566247,1344426,-0.005671986615503943,0.002493954260907616,0.008650252166384787,52.055783881803514,6.956924185834396,0.7206928447220505,2782.075770420329,2895.7217502643625,2664.92387961845,56.701212982323,-0.23538173585008682,1490074.75,0.9022540647709116,-0.009515599658179275,-0.00489537374924276,-0.02081337195607913,0.0,0.0,0.0,0.0,0.0,0.0,0.0
2024-05-31,2794.025146484375,2818.0748345428656,2769.199852967387,2796.4495054266863,2520363,-0.0008670138214103007,0.002394815750018242,0.00868603388215439,51.723934690186475,6.933491208833402,1.963252517544321,2783.2138062359522,2880.9400396780147,2670.5706048532356,56.142196453262684,0.8746758839832018,1491422.6,1.689905329314441,0.0018697799732139142,0.02344263531675983,-0.002931808721965523,0.0,0.0,0.0,0.0,0.0,0.0,0.0
2024-06-03,2779.7216796875,2860.7438102052647,2773.515414936381,2860.7438102052647,952701,-0.005119304962187821,0.002030358732683979,0.008939208024498655,49.71060996483884,5.695100599651141,2.709622133965685,2782.881222755147,2873.557965220713,2671.8142027480367,58.36263922580703,-0.6219984978354309,1459335.4,0.6528321042578697,0.03254231769535276,0.05949580435700241,-0.03994121571341147,0.0,0.0,0.0,0.0,0.0,0.0,0.0
2024-06-04,2771.187744140625,2809.347250057113,2691.765836847094,2792.8616086173574,2683847,-0.003070068348653643,0.0002321931708128333,0.007795577627007819,48.49767934471998,3.9791803283228546,2.963533772837119,2781.7675581251924,2864.5848294348666,2673.5627779870088,62.592551653250744,1.8170926660095876,1555087.45,1.7258495655662323,-0.05929359941641077,-0.09624560765028933,-0.010719805522489856,0.0,0.0,0.0,0.0,0.0,0.0,0.0
2024-06-05,2872.138427734375,2935.705175157055,2777.8308521128106,2777.8308521128106,2410576,0.03642866991137628,0.0026845819746568076,0.013584029707373931,60.71032793327848,10.64249754967932,4.499326528205559,2790.374307611781,2874.4034998472107,2668.4716466371647,69.8729001791921,-0.10182063284531495,1644139.55,1.466162650244622,0.033624236760035675,0.025304797484708708,0.011480999194839026,0.0,0.0,0.0,0.0,0.0,0.0,0.0
2024-06-06,2816.9111328125,2872.137981054224,2795.0433682429434,2870.4409298288183,1689408,-0.019228632710937887,0.000137966315210869,0.015141722477597376,53.268453444571804,11.336167030767683,5.866694628717984,2792.901624297564,2879.0132682680282,2669.825794231972,70.38876870149493,-0.29916833155229294,1645966.1,1.0263929494052155,0.008888049244237806,0.04691248279345861,0.01862006142435857,0.0,0.0,0.0,0.0,0.0,0.0,0.0
2024-06-07,2839.1181640625,2854.0523568903927,2801.4437689308443,2816.9111313119706,1600180,0.007883468878845168,0.0019250215322309527,0.014866017748312367,55.623987837465144,13.521954250643375,7.397746553103063,2797.303199513272,2868.934654879588,2701.005994534474,69.1187557913559,-0.05281613440921318,1548577.15,1.0333227505003546,0.020539931466807104,0.020758768790264837,-0.0031300862827464693,0.0,0.0,0.0,0.0,0.0,0.0,0.0
2024-06-10,2848.670166015625,2862.5858436780236,2826.8024019703785,2839.409067913986,876867,0.003364425642452762,0.002346683895423707,0.014838266212262327,56.63648167740215,15.842352322297756,9.086667706942002,2802.195291561115,2868.5158921173374,2717.5515639373502,66.73766192823369,-0.4520197727755627,1468491.3,0.5971210043941017,-0.0013289382574128705,0.013230504360974837,0.025244843475243695,0.0,0.0,0.0,0.0,0.0,0.0,0.0
2024-06-11,2841.865234375,2859.3917395137455,2834.5707908568284,2854.15331790938,855430,-0.0023888099513265093,0.0007534921676109918,0.014349795597366943,55.66212504006679,16.93694484217849,10.6567231339893,2805.9733813529137,2873.93944965016,2717.101102107653,63.743610980282504,-0.024447265092653714,1373821.65,0.6226645212644597,0.0002429314342191624,0.011258202276580587,0.0035526267951111468,0.0,0.0,0.0,0.0,0.0,0.0,0.0
2024-06-12,2845.1455078125,2857.090801944555,2805.833439883359,2848.2786644471253,1701770,0.0011542677667546464,0.0012485015789408748,0.01426052703615624,56.054594727079724,17.86319219217421,12.09801694562628,2809.7040600633504,2879.7204173738673,2717.891618758945,62.85173605749061,0.989373765240873,1408943.65,1.2078339683776567,0.002497312914139238,-0.0004105955941956507,0.008300785160827218,0.0,0.0,0.0,0.0,0.0,0.0,0.0
2024-06-13,2849.2578125,2867.861214024914,2844.3621805197595,2867.861214024914,726380,0.0014453758783894433,0.0019602378283302135,0.01405285103494769,56.573568379912366,18.71336251619232,13.42108605973949,2813.471084104936,2881.807203259314,2727.8738514281863,60.04082873232374,-0.5731620606779999,1383736.65,0.5249409271626939,0.0032564994745150067,0.022366258402363393,0.0018159991361974548,0.0,0.0,0.0,0.0,0.0,0.0,0.0
2024-06-14,2860.615966796875,2870.1624498007072,2844.4603801750054,2849.258004220651,982815,0.003986355410537268,0.0024455747515249706,0.01402814583918773,58.04723612067524,20.072256275031123,14.751320102797816,2817.9610729327396,2883.671363378531,2739.180589746469,57.58806022470789,0.3530314711308131,1356161.45,0.724703537325884,0.0028505279152657437,0.008214975418621373,-0.0015709637875283011,0.0,0.0,0.0,0.0,0.0,0.0,0.0
2024-06-18,2857.580322265625,2866.8820228178,2844.362116217797,2860.615709642566,741098,-0.0010611856210287485,0.0028513866856408774,0.013842458882159714,57.48575711509378,20.66601328843717,15.934258739925689,2821.7343347739666,2881.079920122325,2755.0418083933005,55.083192108657556,-0.24594353973026462,1326958.85,0.5584935810179795,0.003933450786960613,0.018776081569912284,0.012819012831509546,0.0,0.0,0.0,0.0,0.0,0.0,0.0
2024-06-19,2831.33984375,2859.049169468482,2822.478701768596,2857.0909166126817,1018294,-0.009182761482211088,0.002240117372285133,0.014261617493611147,52.73707063374454,18.802439861358835,16.50789496421232,2822.6491451526363,2879.756928325022,2762.9472953077907,53.76085465088818,0.3740342033037467,1331782.45,0.764609865522706,-0.0017786131162043084,-0.028340516623868273,,0.0,0.0,0.0,0.0,0.0,0.0,0.0
2024-06-20,2854.642822265625,2863.4549592576986,2812.442381719111,2824.77946912582,1129752,0.00823037141481442,-0.0005797124773710526,0.008286905445556868,56.19754813944938,18.987029452656316,17.00372186190112,2825.6961620205398,2883.2908116229273,2765.0339198223855,53.56454914286672,0.1094556189077025,1341577.75,0.8421069893265597,0.0021687361796223215,0.020220183093462962,0.004453266673664524,0.0,0.0,0.0,0.0,0.0,0.0,0.0
2024-06-21,2830.508056640625,2866.882512020601,2819.9824463249756,2863.945132397629,1722379,-0.008454565817045068,0.0004976942120182293,0.005969163856134384,51.954708284585294,16.989994074583137,17.000976304437522,2826.154437698643,2883.9559159772634,2765.830314491486,53.08851461092092,0.5245637980724973,1368602.0,1.2584951651393173,-0.00279629951309035,-0.007366503599377294,-0.0054836218145318805,0.0,0.0,0.0,0.0,0.0,0.0,0.0
2024-06-24,2835.598876953125,2839.4173740507977,2811.4632693119147,2822.8212304424273,892125,0.0017985535496203298,-0.00011079732090425453,0.005417237943240182,52.764800376740354,15.63785237510001,16.728351518570022,2827.053908103832,2883.9664882544207,2770.6025791283914,51.29319962006106,-0.48203908663540374,1375417.15,0.6486214018779685,0.00156375661610908,0.003047929231789537,0.00903336804033672,0.0,0.0,0.0,0.0,0.0,0.0,0.0
2024-06-25,2798.78369140625,2834.521803488446,2796.3848796370344,2815.967406805361,1217792,-0.012983213474267341,-0.0017455612325762647,0.006591371421237822,46.640323230343625,11.463449035582471,15.675371021972513,2824.361506513586,2882.9317984236077,2772.9761605607673,50.430399455491745,0.36504637802998463,1395452.2,0.8726862876420991,0.007793879853915442,-0.017483574239470223,-0.011626554762969366,0.0,0.0,0.0,0.0,0.0,0.0,0.0
2024-06-26,2803.58154296875,2813.8623696917093,2784.684356516693,2800.49715152515,960622,0.0017142630840789597,-0.001335253929035718,0.006674068303424285,47.495635345595986,8.445002110341193,14.229297239646248,2822.3824623664586,2882.949211721915,2771.00513398121,48.91237186402923,-0.21117727822156818,1389256.1,0.6914650221798557,0.006218040121837909,-0.014343343792021512,0.0028231720707985186,0.0,0.0,1.0,0.0,0.0,0.9325291514396667,1.0
2024-06-27,2820.716552734375,2842.404108165772,2785.614773589949,2801.0360153066595,1628022,0.006111828567497479,-0.0008394978489614346,0.007052913251479127,50.54456690172158,7.350778066337625,12.853593404984526,2822.2238043062603,2883.048354758951,2771.737485084799,49.47501205772879,0.6947581879240743,1382742.35,1.1773863728119702,0.007361040898544724,-0.0005002717854706296,0.013372426858046182,0.0,0.0,0.0,0.0,0.0,0.0,0.0
2024-06-28,2856.160888671875,2870.7987814436556,2802.455706709519,2805.197308607119,1206712,0.012565720544710723,0.0002725366176706934,0.008231412013867227,56.20932164481481,9.237178869425406,12.130310497872703,2825.455907579176,2885.477443560204,2775.2795144476086,50.822730820329355,-0.25878642917601846,1375856.65,0.8770623015122979,-0.0014099020825968367,0.005277809805569467,0.00023155773356031695,0.0,0.0,0.0,0.0,0.0,0.0,0.0
2024-07-01,2866.686279296875,2877.65244700565,2827.717001344783,2828.9899134548477,1104110,0.0036851532652610874,0.00024241640314307534,0.008216850733315382,57.756715411763885,11.449493521480235,11.994147102594209,2829.382609647528,2888.6232359323626,2779.3998353567,50.75935330893919,-0.08502608741771023,1305044.0,0.8460327774389216,0.005470484349075377,-0.003349129822923791,0.0021987594486705397,0.0,0.0,0.0,0.0,0.0,0.0,0.0
2024-07-02,2864.5322265625,2874.7150452739984,2851.2160122063633,2866.6862567847948,1064295,-0.0007514086037009315,0.000273394104875857,0.008211972543447544,57.31038621477737,12.880476651584559,12.171413012392279,2832.7301922108586,2888.325352700168,2788.178773276394,48.81218757741747,-0.036060718587821894,1310623.7,0.8120523076150691,-0.0007497161563467802,0.008264815569122286,-0.004157051001093759,0.0,0.0,0.0,0.0,0.0,0.0,0.0
2024-07-03,2864.483154296875,2887.3946153750107,2855.132449802233,2868.5464330503564,925189,-1.71309874505976e-05,0.001189957154351906,0.007521769041289089,57.29952275210094,13.850916625188802,12.507313734951584,2835.7542838380987,2883.6400880904444,2802.193578901743,47.63004314851462,-0.13070248380383254,1222690.8,0.7566827197849203,0.006742306607722792,0.003332838887093459,0.012755084663368388,0.0,0.0,0.0,0.0,0.0,0.0,0.0
2024-07-04,2873.63818359375,2906.4879244986932,2861.986674208804,2878.631824212755,968666,0.0031960492709275368,0.0006865249399632178,0.007157867608217117,58.866069862576936,15.183703367504677,13.042591661462202,2839.362274291018,2883.934963919778,2802.048678658347,47.40655794432711,0.04699256043900224,1150595.3,0.8418824585846996,0.0006444070008029268,0.00507251832643818,,0.0,0.0,0.0,0.0,0.0,0.0,0.0
2024-07-05,2874.6171875,2885.387578219812,2852.2932961527476,2875.8410955363424,817429,0.0003406844716358215,0.0015660499688313068,0.006411275145385073,59.03912691626978,16.132973025743922,13.660667934318548,2842.7198850728255,2887.1933839741646,2804.56086407271,46.38425252452263,-0.15612915081152845,1106996.35,0.738420682236215,0.0008928929498506211,-0.0003126177632313265,-0.00915955410930358,0.0,0.0,0.0,0.0,0.0,0.0,0.0
2024-07-08,2837.65478515625,2874.6168029086853,2830.360342044472,2874.6168029086853,828260,-0.012858199869004272,0.00010037462696884658,0.007863155461463394,50.41509867878484,13.744283562176406,13.67739105989012,2842.23749460458,2887.1729843739217,2804.4349257823283,46.2322948767373,0.013250080435120326,1068400.35,0.7752337407976326,-0.00013562113637344275,-0.004333624161315441,-0.00912873708307993,0.0,0.0,0.0,0.0,0.0,0.0,0.0
2024-07-09,2844.362060546875,2852.390848846916,2829.675165225635,2848.229561839231,685431,0.0023636685567640647,0.0016350628300719871,0.0063844643671848245,51.791251707656556,12.251226508636591,13.392158149639414,2842.439834218132,2886.940499771882,2804.2365998374926,44.55253692991901,-0.17244464298650186,1058828.55,0.6473484304895254,0.004631820986013446,0.011442160496545561,-0.012711327555575802,0.0,0.0,0.0,0.0,0.0,0.0,0.0
2024-07-10,2933.9033203125,2951.5766000440462,2833.934656021691,2839.5156288199328,2299950,0.03148026090195044,0.004611662611859135,0.011396785998998656,65.54070455743583,18.084729863849134,14.330672492481359,2851.150642417596,2906.603225668565,2793.77768253456,49.77320886509303,2.35547998266784,1131054.55,2.0334562996983654,-0.004450911197766749,-0.0003549304793326602,0.00496099870986999,0.0,0.0,0.0,0.0,0.0,0.0,0.0
2024-07-11,2958.968994140625,2966.7530012359516,2910.942796262206,2936.4000827414584,1968980,0.008543455966863789,0.004854825351795766,0.01145812569447655,68.26895828808995,24.448585620018548,16.3542551179888,2861.4190568674085,2929.463601709435,2782.299655126503,50.20442287285395,-0.14390312832887675,1144415.05,1.7205121516009423,-0.0003494426502141934,-0.014867083510437196,0.0037611622935744826,0.0,0.0,0.0,0.0,0.0,0.0,0.0
2024-07-12,2936.546875,2988.2938013522385,2908.886553935714,2961.8573882996466,1879930,-0.007577679652955305,0.0028404853320291635,0.011719553550173794,63.431002505796,27.367237057423154,18.55685150587567,2868.574087165751,2941.675280255161,2778.816882830776,52.29033891168756,-0.04522646243232542,1202092.55,1.5638812502415058,0.007657573644356042,-0.015046466235554723,-0.00433258477717835,0.0,0.0,0.0,0.0,0.0,0.0,0.0
2024-07-15,2894.787109375,2936.399980049256,2871.3370806510006,2936.399980049256,2425341,-0.01422070459031921,0.0010498995464711335,0.012885996627834705,55.537161449886504,26.010789078951802,20.047639020490898,2871.0705654713934,2944.765428372114,2779.1438489716356,53.213157157209835,0.29012303649603965,1274218.85,1.9033943815852354,0.003450669707641296,0.013446829398802596,-0.002116903537103254,0.0,0.0,1.0,0.0,0.0,0.6470717787742615,1.0
2024-07-16,2912.362548828125,2952.99629549068,2880.1003809133895,2897.235093361455,2085611,0.00607141001706335,0.0017321814085475618,0.01296043531845333,57.911191734919164,26.053655045596315,21.248842225511982,2875.0031353148916,2950.3207347639486,2779.066765236051,54.619068401501316,-0.1400751481956558,1341444.5,1.55475012197672,0.0010697158254551198,0.016562844283393163,-0.013199706980891679,0.0,0.0,0.0,0.0,0.0,0.0,0.0
2024-07-18,2870.35791015625,2896.157746150954,2782.677097368681,2814.9882670425613,5384611,-0.014422874201832081,0.0002916070871094134,0.013940066702192194,50.91430797746996,22.439534355659816,21.48698065154155,2874.5607329188306,2950.9101643810845,2782.3791422595405,59.98095290564006,1.5817906599073366,1559760.35,3.4522040517314085,0.007632129743428306,-0.0031520966287458263,0.0003525949535878592,0.0,0.0,0.0,0.0,0.0,0.0,0.0
2024-07-19,2884.555419921875,2917.796713869977,2856.3565313883187,2863.944761097209,2164746,0.004946250680233799,0.00046662722804003965,0.013991476528534021,52.9820914957151,20.48480200888571,21.286544923010382,2875.5126078715016,2952.562312565524,2783.718253840726,60.08518358964135,-0.5979754154942669,1611510.05,1.3433028233364104,-0.010884676251089243,-0.02360381326492378,-0.02913880083596143,0.0,0.0,0.0,0.0,0.0,0.0,0.0
2024-07-22,2873.05078125,2911.2857168143782,2856.258619257172,2875.694374848,1616347,-0.003988357648606611,3.372301601579641e-05,0.014062596990843957,51.10344185861019,17.802122560991393,20.589660450606583,2875.2781481932634,2952.914657200486,2787.6201816667012,59.7238917301817,-0.253331799666104,1606208.45,1.0063121010227534,-0.0008825762723847497,-0.004834817545965708,-0.0027834410647950003,0.0,0.0,0.0,0.0,0.0,0.0,0.0
2024-07-23,2836.627197265625,2885.7792948789406,2825.7587985763644,2873.05065164211,1906312,-0.012677668011328302,5.177620178339337e-05,0.014044311755391371,45.59160954741397,12.591849939973145,18.990098348479897,2871.597105247774,2952.8809737332326,2787.7566971652045,59.745077771067024,0.17939526599177036,1656917.8,1.1505169417577625,-0.0012321559717249908,-0.02287109055258163,-0.01686892431927789,0.0,0.0,1.0,0.0,0.0,0.8935049772262573,1.0
2024-07-24,2851.99951171875,2865.9030592090458,2825.954653075666,2840.4457720414903,1476148,0.005419222683877178,0.00035733161449470475,0.014133157343709192,48.134154127401786,9.592512145521596,17.110581107888237,2869.7306677688193,2949.346187212674,2796.613065717014,58.331029796946495,-0.22565246402477668,1669835.6,0.8840079825822373,-0.002677831825905974,0.007786527706108659,0.008640870630580055,0.0,0.0,0.0,0.0,0.0,0.0,0.0
2024-07-25,2840.837158203125,2847.98482852285,2825.02436292371,2831.682470057762,1239922,-0.003913869364198463,-0.003182081412120186,0.008956978738869702,46.437200689257885,6.242843084286051,14.9370335031678,2866.978904953039,2945.985788130144,2803.699026322981,56.09132401109601,-0.16002866921203018,1683800.6,0.7363829184999696,-0.0003031269840456652,-0.008284872621887374,0.008077391622866914,0.0,0.0,0.0,0.0,0.0,0.0,0.0
2024-07-26,2888.569580078125,2902.5711350519036,2840.151828635072,2841.620518197821,1359780,0.016802237937915354,-0.002356203215015029,0.010419592966302545,53.91862656669394,7.355029546744845,13.42063271188321,2869.035159726857,2945.071468904242,2811.3986482832584,56.54332275436285,0.09666575800735844,1670388.5,0.8140501446220445,0.01756732976027453,0.011545547575912751,-0.015054090710413637,0.0,0.0,0.0,0.0,0.0,0.0,0.0
2024-07-29,2893.024658203125,2903.2077159502537,2874.7150427628258,2891.4091952989465,854408,0.0015423128996876478,-0.001444203959750734,0.010310342399419454,54.55662299293653,8.4979735538368,12.43610088027393,2871.3198738674537,2946.4093033254717,2813.7471908151533,54.539704928153206,-0.3716571798379149,1652773.3,0.5169541400505441,5.03324972633834e-05,0.014290376342204203,-0.01663994231263477,0.0,0.0,0.0,0.0,0.0,0.0,0.0
2024-07-30,2942.32373046875,2969.4944870930362,2908.005303572234,2911.4322458491706,2144591,0.0170406678442363,0.0016819332837048173,0.010736503776768715,60.99251677027298,13.229289027262439,12.594738509671632,2878.08214592472,2955.1456712102713,2812.5745680475416,56.106142353993064,1.5100315071956256,1704797.35,1.25797415159051,0.0008536433743000504,0.004345638157276177,-0.014414659607356772,0.0,0.0,0.0,0.0,0.0,0.0,0.0
2024-07-31,3020.06640625,3033.333616908847,2942.3238649463924,2942.3238649463924,3549501,0.026422203300132674,0.00371701261201175,0.013286796269250674,68.5554332814729,22.987093930276842,14.673209593792674,2891.6044564318895,2983.6989710318294,2799.5746861947327,58.599266931571925,0.6550946077830224,1829057.65,1.9406173446747292,0.00377553501085659,-0.0036892408890383255,0.026580237063334122,0.0,0.0,0.0,0.0,0.0,0.0,0.0
2024-08-01,3034.655517578125,3063.63751572626,2998.8683996827003,3023.5423372686028,1675122,0.0048307253436326025,0.005642372566558218,0.011661738715364882,69.74106300958309,31.533940339949822,18.045355743024103,2905.228367017245,3010.2783501591857,2790.012543395502,59.03997043957106,-0.5280683115739367,1866554.3,0.8974408084458084,0.0023946791656728195,-0.017005691964285696,-0.014866260647787732,0.0,0.0,0.0,0.0,0.0,0.0,0.0
2024-08-02,3041.85205078125,3063.7356222427234,2996.126894030928,3005.918158390506,1348780,0.002371449794363656,0.005384892477971204,0.011707152319699527,70.33525026506211,38.44490880430294,22.125266355279873,2918.240146423341,3033.943231495995,2783.169048777442,59.65202456615852,-0.1948168551305517,1885560.0,0.7153206474469124,-0.011722935491954689,-0.035343904698983075,-0.03407946678665952,0.0,0.0,0.0,0.0,0.0,0.0,0.0
2024-08-05,3028.82958984375,3079.3526090310406,2991.5250164488248,3005.8691229684673,2019141,-0.004281096095438142,0.005355618633288051,0.011733530711009736,67.74293344578228,42.38253782490074,26.17672064920405,2928.7724743681415,3050.977109035445,2781.5564114723675,61.66456513873404,0.4970128560625158,1945645.6,1.0377742996977455,-0.02678645789462286,-0.04324353812403536,-0.006639689142639238,0.0,0.0,0.0,0.0,0.0,0.0,0.0
2024-08-06,3037.00537109375,3069.5613245357963,3021.6331341194955,3036.9563669638774,885743,0.0026993203174634495,0.006893317466167226,0.009984949802607107,68.52721341016493,45.63678199688002,30.068732918739244,2939.08036929439,3065.6224720178175,2786.846107083745,60.68339551570309,-0.5613268216533664,1948519.75,0.45457224644502575,-0.0026209626510589334,0.008364393726769226,0.0023591126864526135,0.0,0.0,0.0,0.0,0.0,0.0,0.0
2024-08-07,3036.711669921875,3053.4058236448914,2996.175930651477,3037.005455664756,1907105,-9.67074917517241e-05,0.006341724448604336,0.010224903954779378,68.46281693232686,47.64289705811734,33.583565746614866,2948.3785884017693,3077.835993183638,2793.8675468554243,60.43671676411105,1.1531132619732811,2009603.45,0.9489956837006823,0.012710162480444431,0.018339033648634873,0.02418930953084719,0.0,0.0,0.0,0.0,0.0,0.0,0.0
2024-08-08,2942.66650390625,3025.206910515943,2927.9796073224807,3015.709431867347,1280109,-0.030969409097059364,0.0036361704753182455,0.015472847927707553,51.70705076042056,41.169522144072744,35.10075702610644,2947.834580354577,3078.3014798631884,2794.2783785352494,63.886384323774145,-0.3287684736813128,1958611.4,0.6535798780707598,-0.007428747813561065,-0.012071237691363423,0.010596218711252714,0.0,0.0,0.0,0.0,0.0,0.0,0.0
2024-08-09,2977.1318359375,2989.0281261135715,2904.0889106716413,2975.565138075225,1665414,0.011712279317244612,0.003127174613251171,0.015070090468896935,55.960869098169496,38.37799253420462,35.75620412772608,2950.624795171999,3080.008175643216,2794.3879669349094,65.390157975071,0.3009938997382253,1943433.1,0.8569443424628302,0.010386864037815746,0.015496920685039273,0.00631632108222524,0.0,0.0,0.0,0.0,0.0,0.0,0.0
2024-08-12,2989.468505859375,3019.625645065168,2941.00175182866,2956.9615590456574,1736881,0.004143810419463767,0.003387324365228783,0.015062143950401166,57.40708372248769,36.73766246287187,35.95249579475524,2954.3241961898443,3084.4576852908867,2795.230620373176,66.33542477945937,0.0429124529996745,1936280.65,0.8970192415030331,-0.0008412844977941925,0.013157203396307215,0.033140839421077706,0.0,0.0,0.0,0.0,0.0,0.0,0.0
2024-08-13,2960.437744140625,2995.931076975215,2950.1079125688234,2991.1332140756795,502260,-0.00971101105826988,0.000712156474978165,0.01473997208554533,52.99659096781823,32.71799651531319,35.30559593886683,2954.906438851823,3086.475090488748,2799.7782786518774,64.87026332424026,-0.7108264757343767,1840126.6,0.2729486112531605,-0.008543146999630324,-0.007338009022147984,-0.019562582632458025,0.0,0.0,0.0,0.0,0.0,0.0,0.0
2024-08-14,2962.689453125,2971.452585827257,2931.553188527847,2971.452585827257,454671,0.0007606000122217793,-0.0018540038538129243,0.011683535635138445,53.296307952436486,29.37545443532099,34.11956763815766,2955.6476783064118,3088.5090211179695,2802.777038452343,63.08663003675237,-0.0947497312149086,1758579.6,0.2585444525797979,0.00019677699987563635,-0.004814659361366047,-0.011525595204326722,0.0,0.0,0.0,0.0,0.0,0.0,0.0
2024-08-16,2984.52392578125,2990.25191061881,2940.3164661389283,2990.25191061881,514229,0.007369814825924248,-0.00160009490558376,0.011871036524487885,56.21206662455004,28.163671941405937,32.928388498807315,2958.397797113539,3090.811459834433,2811.8912012983797,62.14725963983305,0.13099142016974907,1515060.5,0.33941152845051403,0.016459762490292462,0.02492303121881201,-0.016781843472202906,0.0,0.0,1.0,0.0,0.0,0.8142056465148926,1.0
2024-08-19,3012.086669921875,3023.395627942857,2974.928869891109,2990.203098698877,542858,0.009235223045970464,-0.000913717580423079,0.012316264688858363,59.6376986654044,29.09205360050919,32.16112151914769,2963.511023095285,3096.0460155657643,2819.409770567048,61.17008095496983,0.05567363956525195,1433966.1,0.37857101363832796,0.0012835584110202358,0.0014780210000744365,-0.025351363395203164,0.0,0.0,0.0,0.0,0.0,0.0,0.0
2024-08-20,3038.425048828125,3041.50944046779,3013.751110933483,3031.375386436018,668282,0.008744230094459127,0.0003888150385666478,0.012605925352636665,62.64505978054473,31.588952037051968,32.04668762272855,2970.645692212698,3102.8424323387976,2829.150780551827,58.90241592575161,0.2310438457202435,1386562.85,0.48197021865976,0.005135759339910173,0.002047252441464531,-0.005923341387783498,0.0,1.0,0.0,0.0,0.9059575796127319,0.0,1.0
2024-08-21,3085.765625,3104.418029346318,3019.674597898923,3036.270741339846,1186536,0.015580629902367749,0.0016769459970570777,0.013495036851113551,67.35348491750645,36.961679657317745,33.029686029646385,2981.609495335298,3111.2229341632374,2845.6841215008253,60.748202748726136,0.7755019587539391,1350574.05,0.8785419799825118,0.0028887826964991703,-0.013113438568883695,-0.014896294584770153,0.0,0.0,0.0,0.0,0.0,0.0,0.0
2024-08-22,3120.084228515625,3131.882510198292,3090.1718696981125,3100.893255785909,1540888,0.011121584619902869,0.002798775208222537,0.013794179612929188,70.27819949713536,43.48753229373233,35.12125528246357,2994.797565161996,3124.984577427519,2858.730949916231,59.70310863798085,0.29864412036381527,1353811.05,1.1381854210748243,0.001667357653657442,0.004718022351719142,0.015384590690272981,0.0,0.0,0.0,0.0,0.0,0.0,0.0
2024-08-23,3088.80126953125,3131.8340697721064,3083.024518888985,3123.4134863853474,779284,-0.010026318744368545,0.004893084243491619,0.008773989216928301,64.59721796609291,45.60928868768224,37.21886196350731,3003.7502989114487,3124.3644641339138,2884.1474743426484,58.92499736977662,-0.4942630483201894,1330779.15,0.5855847681412802,0.00046955607782672715,-0.02429438571295872,0.023309963661081845,0.0,0.0,0.0,0.0,0.0,0.0,0.0
2024-08-26,3105.15283203125,3111.1253600826362,3075.925811229537,3089.144018599137,472874,0.0052938214773790015,0.004251238459505058,0.00844844160370867,66.13803484115832,48.05626761527674,39.38634309386119,3013.4076830180966,3130.481556185819,2899.6887074860556,57.23032247572824,-0.3931942655052587,1286433.85,0.36758516576658795,0.007551387144671073,0.017581794365293613,0.030498655587083423,0.0,0.0,0.0,0.0,0.0,0.0,0.0
2024-08-27,3100.10986328125,3136.7780980098746,3084.248063904361,3088.164569382335,1003501,-0.0016240645864445957,0.0036744509589142216,0.008651051937777146,65.19561649281627,49.02347846891553,41.31377016887206,3021.6650335193494,3131.992576358976,2918.8862078207117,56.89458759214148,1.122131899829553,1293888.5,0.7755699196646388,0.0002858944102370753,0.0020270034613296684,-0.02308728044175723,0.0,0.0,0.0,0.0,0.0,0.0,0.0
2024-08-28,3060.259521484375,3099.4245769505,3053.6994225027042,3087.136492989098,538366,-0.012854493406467937,0.0033601027240944157,0.009229262381530079,58.14488147710671,46.04364798618781,42.25974573233521,3025.340699039828,3131.712165873582,2930.960197407668,56.14571996259893,-0.46351224363503374,1213577.25,0.4436190609209261,0.0013830024432652799,-0.0018302903947089444,-0.011313657967974344,0.0,0.0,0.0,0.0,0.0,0.0,0.0
2024-08-29,3050.81103515625,3078.3243430834277,3028.144115970009,3060.2595091315025,849866,-0.003087478778120767,0.0029752948450601615,0.009427776212431137,56.58240925905411,42.43058362185093,42.29391331023835,3027.76644533663,3133.453422556453,2932.293403615422,55.71961333051463,0.5786026606435029,1078595.5,0.787937646689607,0.00397565940632294,-0.0016405628758739965,0.01640179136046016,0.0,0.0,0.0,0.0,0.0,0.0,0.0
2024-08-30,3061.532470703125,3100.648522515117,3045.768440069131,3064.714631498317,1567031,0.0035142902734144332,0.0025897423898091796,0.009306144219201598,57.96282443892748,39.97156698547633,41.82944404528595,3030.9822572762964,3135.571825199902,2932.8626962844733,55.659646838762576,0.8438565609166622,1073190.95,1.4601604681813614,0.003337760073577778,0.018269719104941906,-0.014260687450992071,0.0,0.0,0.0,0.0,0.0,0.0,0.0
2024-09-02,3085.17822265625,3117.5383973598614,3074.065281657704,3082.289847640968,702358,0.00772350193225102,0.0024385702784372352,0.009197846522558336,60.91434791193235,39.47574137790525,41.358703511809814,3036.143777788673,3140.1222896325207,2932.644849039354,55.68438111147499,-0.551790615501544,1040869.85,0.674779848796658,0.001695950113232314,-0.0023732674597103376,,0.0,0.0,0.0,0.0,0.0,0.0,0.0
2024-09-03,3088.996826171875,3108.2855672410215,3081.800151962512,3098.885858768937,577471,0.0012377254213655764,0.0016879198111278803,0.008928414984926187,61.38586254271664,38.942025967203335,40.87536800288852,3041.1774014442162,3145.541540493322,2933.2423218113654,53.59874069483461,-0.17781103084182137,968786.35,0.596076730437005,4.550829989491412e-05,-0.005233609165692599,-0.06408633066220626,0.0,0.0,0.0,0.0,0.0,0.0,0.0
2024-09-04,3164.193603515625,3184.1189205458286,3089.633226870345,3089.633226870345,2379110,0.024343429784918102,0.002564199799382916,0.010698054961339668,69.25218023406742,44.07869241681374,41.51603288567357,3052.8932302129215,3164.998663287267,2926.504022259608,56.5646945290574,3.1198778813135206,1043454.7,2.2800318978868943,-0.0032100820170585243,0.006504616987763834,-0.014237329515360164,0.0,0.0,0.0,0.0,0.0,0.0,0.0
2024-09-05,3170.656005859375,3189.0146255180994,3149.8495702461546,3172.369477027523,1482119,0.002042353646303452,0.001656276702022974,0.010267725402857785,69.82117326012511,48.11634418205722,42.836095144950306,3064.108732655441,3183.385202392329,2921.5119167482962,55.32186315354936,-0.377027964238728,1022205.4,1.449922882426565,-0.0021270784221717465,-0.009741494464606482,-0.0001374760282735199,0.0,0.0,0.0,0.0,0.0,0.0,0.0
2024-09-06,3205.36572265625,3217.31101571538,3158.0251094461246,3170.4109615316493,2131256,0.010947172046646303,0.003753625781124459,0.009744996624371107,72.73910110903208,53.500278452787825,44.968931806517816,3077.561779322185,3202.406791343831,2928.7602496717936,55.605009090385515,0.4379790016860994,1064762.75,2.00162524468479,-0.011650350298901935,-0.009453405679283655,-0.02242405871600306,0.0,0.0,0.0,0.0,0.0,0.0,0.0
2024-09-09,3212.26904296875,3244.8249968447576,3189.993916632535,3205.366153811696,1272289,0.0021536763383054325,0.003439611267217102,0.009740443847794898,73.2921989558583,57.6594630094537,47.50703804710499,3090.3910425266195,3221.9304938693053,2932.7502678494443,55.54972845623104,-0.40303323486244735,1045106.5,1.2173773677610846,0.003390048695012693,-0.0023737537349365345,0.01097662265825039,0.0,0.0,1.0,0.0,0.0,0.9134299159049988,1.0
2024-09-10,3226.2705078125,3240.9083997547514,3202.6244617108327,3221.3258716595565,928920,0.00435874600055608,0.0040378923259171695,0.009577234641606513,74.42555945075753,61.37792146150559,50.281214729985116,3103.3319439824177,3241.61831142764,2936.7426504864225,54.31645771249443,-0.2698828646636102,1004708.45,0.9245667238092803,0.0041986500501236534,0.008837930724195253,-0.0368874447601647,0.0,0.0,0.0,0.0,0.0,0.0,0.0
2024-09-11,3297.1591796875,3312.3356390339472,3245.8040473208475,3245.8040473208475,2561892,0.02197232739887789,0.007520574406451752,0.009070779283791084,79.23100327668625,69.2467169058591,54.074315165159916,3121.791680716235,3271.665483535473,2940.3676219332774,56.58422010599106,1.7579253326443611,1107690.05,2.312823880651451,-0.004897963449619458,-0.011648592621841147,0.020523169805461983,0.0,0.0,0.0,0.0,0.0,0.0,0.0
2024-09-12,3312.62939453125,3322.175876936239,3270.575963438178,3299.6559697244697,1643536,0.0046919830073888225,0.008298520585002711,0.008366131893309113,80.10937816618815,75.85668241924668,58.43078861597727,3139.96670107957,3298.568485274162,2948.458614335213,56.22819820542463,-0.3584678823307149,1167133.3,1.408181910326781,0.01887963282727112,0.008815006616278653,0.019260736419710156,0.0,0.0,0.0,0.0,0.0,0.0,0.0
2024-09-13,3287.955322265625,3299.362048746183,3251.580634550987,3285.5075063646877,1029400,-0.007448485576551089,0.007202243000006159,0.009678099926295387,74.68410342119618,78.20266465020677,62.38516382282317,3154.060855478242,3315.513060003953,2961.8571792538596,56.57252404648453,-0.3736675071309664,1192891.85,0.8629449517992767,-0.0012761636040355961,0.017331345069464765,-0.0050020925975474695,0.0,0.0,0.0,0.0,0.0,0.0,0.0
2024-09-16,3266.169921875,3324.0361492011148,3261.0785123587843,3289.8647331560865,1019280,-0.006625820078240419,0.005767310798957015,0.010611020880070723,70.16582089589637,77.4116197612484,65.39045501050822,3164.7379094207904,3326.5108941856543,2976.2676702674707,57.02860353190209,-0.009830969496794295,1216712.95,0.8377325152986989,0.0010746751326089488,0.0057418750226641,0.015919555647701644,0.0,0.0,0.0,0.0,0.0,0.0,0.0
2024-09-17,3243.64990234375,3279.9753474232057,3232.8795122206266,3266.169808964826,586834,-0.006894932005963139,0.004954045056224143,0.011286890697375453,65.7383863310925,74.11320275160915,67.13500455872841,3172.253337318215,3333.104971825041,2990.196077979647,56.31912007980759,-0.42426614865395185,1212640.55,0.4839307080733858,0.0013709866056039743,0.0061338117387019775,0.01305837729542536,0.0,0.0,1.0,0.0,0.0,0.915094256401062,1.0
2024-09-18,3206.296142578125,3255.4484786711946,3183.6784663592844,3243.6499578437183,410510,-0.011515965313838139,0.0013681055463485193,0.01007344415490706,59.07933474932763,67.70459089378937,67.24892182574061,3175.4955092477303,3336.4914279586224,2998.8626736038773,57.42275523924349,-0.30046657146654765,1173839.25,0.3497156872203754,-0.0016129951842196455,-0.0022978346314705966,-0.0006783639678898945,0.0,0.0,0.0,0.0,0.0,0.0,0.0
2024-09-19,3225.095703125,3250.6997637791187,3206.639074209824,3225.242476472415,963456,0.0058633263151290915,0.0017502028132310831,0.010173827589153963,61.20905127366185,63.41171645172972,66.48148075093843,3180.2193372360416,3342.026367336557,3003.828881686881,56.49281709365422,1.346973277143066,1144967.65,0.8414700624947788,0.0015072376499098983,0.004935370152761465,0.01670055264162995,0.0,0.0,0.0,0.0,0.0,0.0,0.0
2024-09-20,3237.921875,3255.3993761794713,3197.8757024120955,3235.033500041011,1504277,0.003976989539433484,0.0010531845625098013,0.009701528527618112,62.63776749321214,60.34888304753213,65.25496121025716,3185.7148170230853,3347.121224258967,3013.6460853113454,56.56644971320576,0.5613344044772153,1181217.3,1.2734972642205629,0.014760441377741573,0.030495767620147385,-0.005208325373311062,0.0,0.0,0.0,0.0,0.0,0.0,0.0
2024-09-23,3209.037841796875,3255.4973426803335,3204.876554506199,3247.713335439624,522775,-0.008920546671041918,-5.423773842493374e-05,0.010182104633970693,57.50158058125247,54.957351286756875,63.19543922555711,3187.936057477732,3349.058097558951,3022.097712987924,56.141759603272085,-0.6524742451024645,1183712.35,0.4416402346397754,0.005742385099666292,0.0222858109769537,-0.007920477309848128,0.0,1.0,0.0,0.0,0.5076621770858765,0.0,1.0
2024-09-24,3180.59423828125,3228.914223807304,3173.4468064909433,3209.0379092276316,1057933,-0.008863592427971523,-0.001376471581277694,0.010401520050283355,52.9013191298222,47.837916706136184,60.123934721672924,3187.2368366018763,3348.3629695441746,3030.841278502701,56.09359229706413,1.0236870546602268,1186433.95,0.8916914422416857,5.2030021699067674e-05,-0.0030191576080917937,0.01718533987609816,0.0,0.0,0.0,0.0,0.0,0.0,0.0
2024-09-25,3177.0205078125,3184.1191744837815,3139.813703190611,3184.1191744837815,740636,-0.0011236046477532957,-0.0036860647859408126,0.006457380741515982,52.3347992464417,41.429766764198575,56.38510113017806,3186.26385290765,3342.934011984569,3047.946334695118,55.25158365392888,-0.29992163965014795,1196547.45,0.6189775424284261,0.0024575565157058943,0.006590981442050836,-0.022748425251114313,0.0,0.0,0.0,0.0,0.0,0.0,0.0
2024-09-26,3208.646484375,3217.2628452220943,3159.739164427399,3182.1610652384893,951080,0.009954602585891204,-0.003159802828090574,0.007366489435326234,56.74899595452976,38.45987229884349,52.80005536391115,3188.3955320950167,3335.0766836681482,3071.5872079334144,55.41387630684078,0.2841395773362354,1201608.15,0.7915059497557503,0.008148714241454025,0.0010175856206866563,-0.025319910611661167,0.0,0.0,0.0,0.0,0.0,0.0,0.0
2024-09-27,3241.642822265625,3268.2750133045993,3208.6463094431497,3222.2560711777446,1315996,0.01028356911592021,-0.0013865973588434444,0.008295081357536541,60.82526468784756,38.32692926114942,49.90543014335881,3193.466702587456,3327.6821858062817,3096.992740951531,55.71493541788426,0.38368591495983506,1189056.4,1.1067565844647909,-0.0014152231703233875,-0.01193317370929503,0.005307330878643102,0.0,0.0,0.0,0.0,0.0,0.0,0.0
2024-09-30,3259.60986328125,3287.906521226102,3236.1595942661793,3241.6427978407737,1088162,0.005542572701784376,-0.0001697580808409649,0.008333548912505623,62.87692768426688,39.219265717067174,47.76819725810048,3199.76605122496,3322.119336710003,3119.998754110309,55.43150624231559,-0.17312666603849858,1208346.6,0.900537974783063,-0.014060900852023384,-0.016818794065928455,-0.0029175702149638605,0.0,0.0,0.0,0.0,0.0,0.0,0.0
2024-10-01,3208.93994140625,3259.4627192551634,3176.3349850997006,3247.7622068074065,968660,-0.015544781124202878,-0.0010347429926649387,0.009479297428126948,54.2482534316871,35.42940147207855,45.300438100896095,3200.6397550517495,3308.361843995926,3145.7505583478237,57.42031852368944,-0.10982004517709676,1227906.05,0.7888714287220915,-0.0005404401234794243,-0.0019563461456437725,0.024940796979962876,0.0,0.0,0.0,0.0,0.0,0.0,0.0
2024-10-03,3083.562744140625,3158.5636811251156,3061.238614956061,3125.6651783140173,1741363,-0.03907121964105098,-0.003790268425386223,0.015164659383476163,39.72241005143181,22.054780968666364,40.65130667445015,3189.4895635364046,3322.3892766824115,3123.6600397238385,63.868961947010824,0.7977030124088949,1196018.7,1.4559663657432782,-0.021196375260987388,-0.0436249046369136,0.05033831047216464,0.0,0.0,0.0,0.0,0.0,0.0,0.0
2024-10-04,3008.36572265625,3090.8571179805103,2990.7904524109053,3069.561119781072,1551818,-0.024386408749834665,-0.0068152419318825985,0.0160180679430444,33.86537008103454,5.326130359334911,33.5862714114271,3172.2396739287706,3350.103126914403,3079.717161171534,66.45451220576754,-0.10884864327541133,1199503.65,1.2937167802699059,-0.009326695880144675,-0.01639652161284555,0.005539813063131005,0.0,0.0,0.0,0.0,0.0,0.0,0.0
2024-10-07,2998.32958984375,3033.8719232633402,2974.58577645369,3010.813450492132,909812,-0.0033360747122322953,-0.007546548357049177,0.015632909586257106,33.1625550740535,-8.641662112897393,25.140684706562205,3155.6768087778164,3369.5180631244216,3039.5986116802655,65.94248610604488,-0.41371217501021385,1138431.45,0.7991803107688215,-0.008748875168602677,-0.011290970985409543,0.03689938681370886,0.0,0.0,0.0,0.0,0.0,0.0,0.0
2024-10-08,3023.591552734375,3034.3129398047367,2982.0764468527505,2994.1687544120314,817718,0.008425345557804942,-0.0058119591341644905,0.016406693367606022,36.72231848573935,-17.47140946467789,16.618265872314186,3143.097260583203,3377.8636858057894,3012.385239975461,64.96348659504069,-0.1012231098292834,1115702.9,0.7329173384778331,0.00876764730346924,0.009606358401492265,-0.046336339872226295,0.0,0.0,0.0,0.0,0.0,0.0,0.0
2024-10-09,3014.58349609375,3081.0170807545574,3007.6316028426045,3030.9348596195773,1225598,-0.002979257113110645,-0.0052235256026784025,0.0163905985250972,35.986302543535956,-24.90878972057044,8.31285475373726,3130.8578544413504,3382.7079769999227,2986.3722476094526,65.56505740339156,0.4988027657456482,1130536.8,1.0840850116511023,-0.0012473907279866303,0.02145744813241124,-0.007774014922889982,0.0,0.0,0.0,0.0,0.0,0.0,0.0
2024-10-10,2995.245361328125,3030.395899896521,2979.4813322730574,3025.549272518189,1161933,-0.006414861220690349,-0.005752651259972108,0.016328828185500334,34.39265951832894,-31.99457942121353,0.2513679187471025,3117.9423789067578,3376.7820029838003,2962.106839789637,64.51859384768241,-0.051946070408078304,1060538.85,1.0956062571399434,0.0006604768849507447,-0.003992275126897149,0.03682423122743583,0.0,1.0,1.0,0.0,0.9316679835319519,0.915094256401062,2.0
2024-10-11,2973.802490234375,3000.043124115832,2962.8363229681813,2995.3432698461725,976017,-0.00715896980280839,-0.007464008498842068,0.015368250611350668,32.665259318699995,-38.8920558902073,-7.5773168430437785,3104.2147704617687,3365.56551249019,2939.44063985356,62.56775151196587,-0.16000578346600014,1027162.9,0.9502066322683578,-0.0013680536120755926,-0.006918929397260243,-0.004534012637697815,0.0,0.0,0.0,0.0,0.0,0.0,0.0
2024-10-14,2975.7119140625,2991.231163178308,2954.2201373110906,2973.606887912446,716011,0.000642081588940524,-0.008428157251540036,0.014403257728820574,32.988022306413185,-43.7005286486833,-14.801959204171684,3091.9764031856475,3353.6908206968064,2920.0909908266312,60.74227110876956,-0.26639495008795955,1011493.45,0.7078750732394757,0.006557345754428789,0.016096483176033516,-0.01998990147714308,0.0,0.0,0.0,0.0,0.0,0.0,0.0
2024-10-15,3003.07861328125,3032.15861893477,2984.034413970068,3010.813616059169,1242322,0.00919668973646992,-0.008062745548071482,0.014836902857466942,37.60441911075107,-44.786740374783676,-20.79891543829408,3083.509947004276,3339.4875068911433,2907.9851737729196,60.43544494901958,0.7350599362300301,1022645.55,1.2148119160152802,-0.0028096049048969007,0.02052307537072795,-0.04144073228005141,0.0,0.0,0.0,0.0,0.0,0.0,0.0
2024-10-16,3017.765625,3038.7678388325867,3002.0996023303546,3023.5423752416177,764001,0.004890651764424714,-0.006019202259208723,0.015096917019546022,39.99357324365207,-43.955757283767525,-25.43028380738877,3077.2485830038686,3325.5346763928865,2899.3495765368007,58.73778720282047,-0.3850217576441535,1031503.9,0.7406670978170805,-0.0034340754096676696,0.005467681828250193,-0.00040402396359429105,1.0,0.0,0.0,0.9473841190338135,0.0,0.0,1.0
2024-10-17,2992.063232421875,3020.6046687633752,2973.606605845825,3018.5484078929285,674481,-0.008517027420949841,-0.0029637830371986086,0.009841519433063295,37.30176272298354,-44.85411515562828,-29.315050077036673,3069.1356924722504,3316.4069300495635,2887.0540318644994,57.89923546815832,-0.1171726215018043,1044702.45,0.6456201954920274,-0.008868227322834543,-0.03760535378958607,0.003098837560715495,0.0,0.0,0.0,0.0,0.0,0.0,0.0
2024-10-18,2929.69287109375,3004.938828213083,2918.384152760825,2993.1893117782324,899318,-0.02084526845966428,-0.00260966900818157,0.009013965731001057,31.722125665364132,-50.022212224935174,-33.456482506616375,3055.855423769536,3306.252249139304,2867.668429571634,59.946052609879715,0.3333481595478598,1041495.55,0.8634871267572867,0.004210173941240125,0.003016831241114293,-0.018670241056084502,0.0,0.0,0.0,0.0,0.0,0.0,0.0
2024-10-21,2985.55224609375,2993.1894800145687,2937.917841154578,2944.282162914504,806970,0.019066631711175175,-0.00036939836584082286,0.011305900258600099,40.33067920194063,-49.04521890630167,-36.57422978655344,3049.159883038509,3286.3580851845404,2862.325630635772,60.199663774946785,-0.10268670259018498,1006630.2,0.8016548678948834,-0.00293518237799828,-0.013988373657057629,0.016835524199780183,0.0,0.0,0.0,0.0,0.0,0.0,0.0
2024-10-22,2944.086181640625,2994.1193950477304,2932.7282202836327,2990.2518937471714,541838,-0.013888909332395172,-0.0026008238548608344,0.011576064793253939,36.63783160658213,-51.028682628347724,-39.465120354912294,3039.1528638577583,3270.888444102806,2851.300105701882,60.284771702743285,-0.32855248646170243,1007583.35,0.5377599778718058,-0.012469180337869368,-0.03379656571825018,0.023556332998162954,1.0,0.0,0.0,0.6908549666404724,0.0,0.0,1.0
2024-10-23,2927.294189453125,2963.3260892643207,2910.0127038796236,2937.330235187458,624689,-0.0057036347278878186,-0.0028732616163385516,0.011617943426358284,35.2309913070095,-53.34068711353075,-42.24023370663599,3028.499656771603,3258.4207689718214,2838.437775950054,59.78681553716855,0.1529073265440961,985921.15,0.6336094930106733,-0.001495564743491773,-0.0006013285752317632,-0.0142030749349209,0.0,0.0,0.0,0.0,0.0,0.0,0.0
2024-10-24,2909.963623046875,2939.6312003908815,2889.4019689136367,2927.2941122931275,571259,-0.005920336421495032,-0.00282380913641902,0.011602235257606027,33.78892691175598,-55.92671088659654,-44.9775291426281,3017.210510702581,3244.625088112327,2825.527768332986,59.10413096145972,-0.08553056000665926,977452.3,0.5844367034585728,-0.0014773427748562273,-0.011332345736806304,-0.007737484500247693,0.0,0.0,0.0,0.0,0.0,0.0,0.0
2024-10-25,2896.256103515625,2952.604879775287,2890.3813446849645,2913.390816771718,1047769,-0.004710546696421458,-0.0025789668257803267,0.011526170462626217,32.65056263058557,-58.40893379520503,-47.663810073143495,3005.691043351442,3221.357050320871,2817.556768038504,59.326945542092766,0.8341400310542153,982286.75,1.0666630696179094,-0.008959220549493163,-0.011665060896476676,0.022452350900874718,0.0,0.0,0.0,0.0,0.0,0.0,0.0
2024-10-28,2939.190673828125,2958.6261894041795,2901.2005217719843,2925.531669338662,504961,0.01482416222114602,-0.001160758762559777,0.012771731181836325,39.523273407027595,-56.263086490181195,-49.38366535655104,2999.357674825412,3181.15090642101,2827.5176970946154,59.544312709697174,-0.5180607557581871,941735.0,0.536202859615497,0.0065485676346082045,0.013752783650458067,-0.060881061104776424,0.0,0.0,0.0,0.0,0.0,0.0,0.0
2024-10-29,2930.378662109375,2964.794860863872,2879.70886883008,2956.961849342435,613459,-0.0029981082197954034,-0.0023802385581863095,0.012244190732880226,38.65148142869052,-54.643644818622306,-50.435661248965296,2992.788245042932,3122.931783274788,2852.8137001236496,61.368718375703956,0.21486411821903073,917999.85,0.6682561004775763,0.0052466588480091225,0.014274842405403776,-0.004200440073572009,0.0,0.0,0.0,0.0,0.0,0.0,0.0
2024-10-30,2934.098876953125,2943.253803930463,2901.6899382407482,2943.253803930463,812725,0.0012695338291441871,-0.0027423503517143622,0.012057388713122986,39.260608689017126,-52.455362611846795,-50.839601521541596,2987.1987814153313,3065.178768922548,2883.0826080305774,59.954086040990454,0.32482366384713557,910203.1,0.8929051109582027,-0.005149825253829232,-0.0007985105679130244,0.02010686515678617,0.0,0.0,0.0,0.0,0.0,0.0,0.0
2024-10-31,2874.372314453125,2933.9522513847237,2858.0699555454726,2931.700212860588,1031171,-0.02035601559618272,-0.00392624916923765,0.013213224634614358,33.50831865846935,-54.9076266935831,-51.6532065559499,2976.4534036094065,3049.9695926461804,2877.3727413381944,61.102288567180594,0.2687821833953674,874693.5,1.1788940926164422,-0.005566773640794054,-0.0014984266702875448,0.00840800254572538,0.0,0.0,0.0,0.0,0.0,0.0,0.0
2024-11-01,2878.484619140625,2903.8438953136397,2868.8401292317167,2896.255666302873,112249,0.0014306792014457947,-0.0016986544031266427,0.011851513877052784,34.222915047792384,-55.87514117920455,-52.497593480600834,2967.1230431838085,3048.448992401968,2865.905231230844,59.238108389662194,-0.891144145830323,802715.05,0.13983667055949678,0.004090004961616156,0.009554287338900735,-0.000820191156159833,0.0,0.0,0.0,0.0,0.0,0.0,0.0
2024-11-04,2854.447265625,2900.3191944222995,2825.269250851829,2900.3191944222995,1146008,-0.008350697223041381,-0.004440387296548299,0.009439909393881507,32.05437772058853,-57.913921285376546,-53.58085904155598,2956.3920167496362,3049.459193379323,2850.506797831614,60.36752518829137,9.209516343130005,814524.85,1.4069650545345547,-0.0127137736646451,-0.029333045587232487,0.0270862297984118,0.0,0.0,0.0,0.0,0.0,0.0,0.0
2024-11-05,2827.03173828125,2857.8742202713024,2812.73639704265,2834.570963847689,935417,-0.009604495999594898,-0.004011945963268271,0.00905271496757005,29.73974652376414,-61.03826205369796,-55.07233964398438,2944.071990228838,3047.1546063585465,2833.1554034070787,59.279689334031445,-0.1837604973089193,820409.8,1.1401826258048111,0.00908305881860727,0.006227642252105703,0.005993566026473607,0.0,0.0,0.0,0.0,0.0,0.0,0.0
2024-11-06,2836.82275390625,2847.1525844609255,2800.301294114663,2830.164647076376,1817087,0.003463355395844525,-0.0030952469508950366,0.009322492414090383,31.638301253755884,-62.009464975560604,-56.45976471029962,2933.8577772457347,3041.5417004138963,2820.9922351329787,58.3919465491908,0.9425422031030011,849984.25,2.137789023737793,0.011181870759630508,0.025821847440592016,-0.008076269299752248,0.0,0.0,0.0,0.0,0.0,0.0,0.0
2024-11-07,2783.509521484375,2844.3131261788453,2766.032020005644,2839.4664984128735,1112489,-0.018793289904511568,-0.00438254229919669,0.010562280436724185,27.310777781802813,-66.31662580582406,-58.431136929404516,2919.538895744653,3044.211554866026,2797.148796696474,59.81260080804869,-0.38776239112381516,847512.05,1.3126527227547973,-0.011628025706147627,-0.01434152630934915,0.009476763238456032,0.0,0.0,0.0,0.0,0.0,0.0,0.0
2024-11-08,2711.641845703125,2787.573153813489,2704.738956048627,2783.5098744441934,2060410,-0.025819087460108525,-0.006493396375565397,0.01255617043727924,22.786170534420933,-74.66847095389858,-61.67860373430334,2899.7391766930787,3058.395643755999,2756.748643353376,61.45700059067821,0.8520722452087166,901731.7,2.284947950704184,-0.002113709312467793,-0.029000013780452916,-0.02327111689477679,0.0,0.0,0.0,0.0,0.0,0.0,0.0
2024-11-11,2490.016357421875,2544.504644081364,2453.6906736192004,2511.508133350377,8854840,-0.0817311064263293,-0.01614892324031293,0.025150435081834233,14.698894340245474,-98.04054275953877,-68.95099153935043,2860.717955810107,3116.376807176355,2650.1979242689576,75.49229855448152,3.2976106697210747,1308673.15,6.766273152314618,-0.00028567088740283353,-0.0014984882658471976,-0.02761609367371698,0.0,0.0,0.0,0.0,0.0,0.0,0.0
2024-11-12,2423.19091796875,2482.0852716971294,2418.4420596023315,2482.0852716971294,3445898,-0.02683734958364492,-0.01853284737669788,0.024893923940419675,13.179919780667078,-120.56552817321517,-79.27389886612337,2819.04871411093,3155.0183539708037,2553.567607943259,75.2124413591288,-0.6108458199131774,1418851.95,2.428652263543071,-0.010680930776533315,0.0018112191863903782,0.0008352715726620552,0.0,0.0,0.0,0.0,0.0,0.0,0.0
2024-11-13,2418.931884765625,2445.857862029764,2399.9369273316497,2418.442321542641,1803766,-0.0017576135547318072,-0.01883556211508548,0.024643513567568456,13.087095203499771,-137.17909457138012,-90.85493800717472,2780.9423494113776,3169.913049981999,2478.7895379086262,73.12019088334205,-0.4765468972093776,1470840.2,1.2263507619658478,-0.013582562322921432,-0.03171652649399925,0.005424946348025594,0.0,0.0,0.0,0.0,0.0,0.0,0.0
2024-11-14,2431.3173828125,2449.52922765963,2414.72123979145,2430.974832033276,1206967,0.005120234317005146,-0.016287937123766694,0.02576041174950872,14.962723127569475,-147.6441100582665,-102.21277241739308,2747.644733544818,3172.5296847572536,2420.098318172434,70.38360495368762,-0.3308627615777213,1497464.5,0.8060070873132552,-0.0011185324376894457,0.010349439538043459,0.003873807194599399,0.0,0.0,0.0,0.0,0.0,0.0,0.0
2024-11-18,2431.856201171875,2467.398537436715,2419.2255661813806,2467.398537436715,945471,0.00022161580515311918,-0.01640884346339596,0.025670690402223167,15.048613895858978,-154.11765964401638,-112.59374986271774,2717.5696352235855,3173.9985457185708,2368.845790218929,68.79713111809096,-0.2166554677965512,1499772.15,0.6304097592424289,-0.0033527151631265184,0.0055969034528191575,0.031813092723883996,0.0,0.0,0.0,0.0,0.0,0.0,0.0
2024-11-19,2436.024658203125,2455.1503504239377,2424.8926681984503,2440.2421664298527,941508,0.0017141050647819789,-0.015402363234613626,0.026213305844246106,15.757515464315247,-157.1006758851281,-121.49513506719983,2690.7558278883034,3159.127548847319,2328.7640283011183,66.04431334004785,-0.004191561666090249,1506499.05,0.6249642175346874,0.002758581406631766,0.014754515928557366,0.0001363507014984222,0.0,0.0,0.0,0.0,0.0,0.0,0.0
2024-11-21,2381.540771484375,2418.6152360227406,2378.4513325454554,2407.5811834490764,1377572,-0.022365901155917967,-0.016678503750245932,0.026210317899013316,14.101179798807692,-161.99376873666733,-129.59486180109334,2661.306774897453,3148.7937651344278,2282.843270998385,65.43924279130654,0.4631548537027832,1548285.75,0.8897401529401145,-0.007168807933116472,0.009313877795399828,0.01950289583785647,0.0,0.0,1.0,0.0,0.0,0.8789727091789246,1.0
2024-11-22,2424.745361328125,2446.077863815995,2376.44072925789,2383.355450368951,3805843,0.018141444547607355,-0.01521069483506965,0.027824882067825473,21.176749902147336,-160.53478567000502,-135.7828465748757,2638.777116462279,3129.9430953511815,2251.439057969131,65.73909220322072,1.7627180285313582,1707343.45,2.2291021762493073,0.023869464111237804,0.0317338384029604,0.012663273198194158,0.0,0.0,0.0,0.0,0.0,0.0,0.0
2024-11-25,2412.4853515625,2459.8091798845007,2403.0206816798122,2456.915853815773,1857124,-0.00505620506019222,-0.013836986350637714,0.027967092734041035,20.656775012386362,-158.5402579988522,-140.33432885967102,2617.225519805157,3108.909799894302,2222.7245262775727,65.09976406046842,-0.5120334706397505,1771636.7,1.048253290304948,0.013161295867362366,0.022111801242236107,-0.028734815555805038,0.0,0.0,0.0,0.0,0.0,0.0,0.0
2024-11-26,2456.915771484375,2469.666232573915,2410.425724524224,2412.6813837689556,1152258,0.01841686619696925,-0.009413390984929937,0.029326671178146465,27.59525554478647,-151.6265602798353,-142.59277514370388,2601.9579247269876,3082.607964363029,2205.0923286057205,64.68124577398432,-0.3795470846319363,1776861.15,0.648479483047958,-0.0011312238174179257,0.0006320120700655796,-0.0027394133924764086,0.0,0.0,0.0,0.0,0.0,0.0,0.0
2024-11-27,2444.06689453125,2469.322613059505,2432.395415536785,2469.175588150749,864653,-0.0052296774282019065,-0.0017632480851171972,0.014692732179573715,26.863630331996717,-145.50688917111302,-143.17559794918571,2586.920683755965,3044.0579693078735,2194.129945731189,62.69881375603685,-0.24960121778282296,1794845.75,0.48174223328104937,0.003323085437806128,-0.004129621434367348,0.0002747462317223004,0.0,0.0,0.0,0.0,0.0,0.0,0.0
2024-11-28,2410.866943359375,2457.896478934162,2406.2081212225285,2452.01165097183,1506133,-0.01358389626984513,-0.0004379027537372182,0.012633021830727174,25.01792452164179,-141.7025060407118,-142.88097956749095,2570.153660861052,3002.0041153772263,2184.232627786836,61.91235261000805,0.7418929905985407,1839479.45,0.8187821831877491,-0.014861029054492936,0.0004390195737697944,,0.0,0.0,0.0,0.0,0.0,0.0,0.0
2024-11-29,2432.00341796875,2443.674898059773,2407.9246148110415,2410.867028896604,1030854,0.008767167623080274,0.00061457536404399,0.012945414234565774,28.391141801954944,-135.42092007465635,-141.38896766892404,2556.9964948713086,2950.903423029543,2185.1237742360818,60.04363336991688,-0.31556243704905207,1850385.9,0.5571021698771051,0.009072001940535257,-0.005071391520640067,0.0015103749496907515,0.0,0.0,0.0,0.0,0.0,0.0,0.0
2024-12-02,2431.4638671875,2438.280411759127,2414.103672404123,2432.0033576473265,914624,-0.00022185445022959716,8.036648732051566e-05,0.012848686090779816,28.356073284513528,-128.9992323279639,-138.91102060073203,2545.0410065204696,2905.8695262388196,2185.8668263002432,57.48171236885171,-0.11275117523917066,1844558.55,0.49584980644826915,0.006006820004948565,0.030436627961310414,-0.015217995245383253,0.0,0.0,0.0,0.0,0.0,0.0,0.0
2024-12-03,2421.9990234375,2446.126914769866,2416.2123715058397,2446.126914769866,1341985,-0.0038926524377876914,-0.0003310603369735654,0.01290938855607973,27.70948357936996,-123.25294903835675,-135.77940628825698,2533.3227224173297,2852.375271819138,2193.7125211496123,55.51262886136418,0.46725321006227705,1906045.35,0.7040677180110116,0.007460011144599932,0.003234422157527783,0.024919961992169393,0.0,0.0,0.0,0.0,0.0,0.0,0.0
2024-12-04,2412.239990234375,2431.5129456124614,2406.1099610659503,2431.3165931156605,1005012,-0.004029329949635674,-0.0009054038384153307,0.012936024668676655,27.025209951902724,-118.12478159930288,-132.24848135046616,2521.791033638001,2795.880213571406,2205.9868518582816,53.361939981731815,-0.2511004221358659,1898995.55,0.5292334676613645,0.00042109681465385407,0.021382561492660823,-0.01779414750224384,0.0,0.0,0.0,0.0,0.0,0.0,0.0
2024-12-05,2405.12939453125,2419.5471766720393,2377.3725718175615,2417.6837434020454,3190834,-0.0029477148757632854,0.0010364147896001375,0.010603867750732155,26.511498183581864,-113.32806224759543,-128.46439752989204,2510.68040134212,2736.316888923415,2223.359942131273,52.56284461549939,2.1749212944721057,2011766.4,1.5860857403722421,0.009847825562885104,-0.002506682617081313,-0.003042473076075747,0.0,0.0,0.0,0.0,0.0,0.0,0.0
2024-12-06,2383.06103515625,2420.6259015352716,2380.4129104643857,2420.6259015352716,1735948,-0.009175539339038807,-0.0016952835990644787,0.009122976516661043,24.92776325617369,-110.03889983104273,-124.77929799012219,2498.5261759910845,2657.419695800162,2256.8809633795254,51.68071221945557,-0.4559579094368431,2007709.45,0.8646410465418689,-0.0012384293961259507,-0.0005118216602018055,-0.013455314753550107,0.0,0.0,0.0,0.0,0.0,0.0,0.0
2024-12-09,2345.93798828125,2392.1828374715656,2341.1809893581903,2391.34905763415,2301281,-0.015577883372410506,-0.002747451430286307,0.010107304930705628,22.493520398631944,-109.16929882997056,-121.65729815809186,2483.993967637767,2574.4288696023277,2296.114636257047,51.632221926164114,0.32566240463424023,2067149.05,1.1132632163123408,-0.0023827399277279726,0.0027935561335301617,0.014341909500494632,0.0,0.0,0.0,0.0,0.0,0.0,0.0
2024-12-10,2343.044189453125,2358.4918630654356,2339.2682351315643,2353.833040864897,1657888,-0.001233535942800068,-0.004712491644263239,0.006953562521876591,22.310625436011122,-107.47473728174509,-118.82078598282251,2470.5701792392297,2483.4088278046,2350.274912429775,49.31732235528606,-0.27958037284451576,2047022.95,0.8099020091592036,-0.0003635086213900074,0.014346690334863021,0.0006931390654403291,0.0,0.0,0.0,0.0,0.0,0.0,0.0
2024-12-11,2370.89892578125,2381.3934867488088,2346.7219495517215,2353.685757753482,1337700,0.011888267602254032,-0.0030006971412176453,0.00869983146663052,28.349794044972015,-102.7002757658579,-115.5966839394296,2461.077678909898,2471.2227198493065,2350.5492772210064,48.533891993885895,-0.19313005462371402,1671165.95,0.8004591046149546,0.0012901233029631864,0.0018309150406921049,0.01842352343372844,0.0,0.0,0.0,0.0,0.0,0.0,0.0
2024-12-12,2343.681884765625,2368.643316127544,2335.0016675148786,2366.6817067560096,1089028,-0.011479629401180191,-0.0027902704543511514,0.00843688332724148,26.206183673301396,-99.96038724307982,-112.46942460015964,2449.897127086634,2473.621111618439,2340.199982131561,47.63127529906343,-0.185895193242132,1553322.45,0.7010958993092516,-0.003778196379659149,-0.004112030063865624,-0.0014960961096208703,0.0,0.0,0.0,0.0,0.0,0.0,0.0
2024-12-13,2361.434326171875,2365.7009223732866,2308.814250110579,2343.681904879696,1150861,0.007574595136671247,-0.002909527702992054,0.008261980145959977,29.92789731822792,-95.25845205187989,-109.0272300905037,2441.4720984280857,2473.3318057272277,2334.739532163397,48.292375082180875,0.056778154464347974,1520677.2,0.7568082167602698,0.008945547808588916,-0.0044042087125174545,0.014711812393187529,0.0,0.0,0.0,0.0,0.0,0.0,0.0
2024-12-16,2356.137939453125,2373.4981336387937,2340.3468890142485,2373.4981336387937,987775,-0.002242868522766006,-0.003111629110245695,0.008213506765964877,29.450670918913318,-90.91153707278409,-105.40409148695979,2433.3450356685657,2471.378139812312,2329.1752537423754,47.21086576377832,-0.14170781701699853,1509717.6,0.6542779921225003,-0.004039468921733236,0.030966291022451964,-0.007786202420368871,0.0,0.0,0.0,0.0,0.0,0.0,0.0
2024-12-17,2310.776123046875,2353.8333582506216,2305.381696613616,2342.161876840381,1258218,-0.01925261490283492,-0.004647625356750418,0.009680930974381158,25.674545190035488,-90.08841197829042,-102.34095558522591,2421.6718058950714,2473.6671946853985,2314.778191056789,47.46410698347337,0.27379008377413894,1525354.95,0.8248689919680662,-0.013468730047733413,-0.0009386750147124534,-0.009741593627768164,0.0,0.0,0.0,0.0,0.0,0.0,0.0
2024-12-18,2300.428466796875,2327.1553963947094,2296.063933524049,2311.560696557871,855682,-0.004478000333652421,-0.004692492395152093,0.00967878650396058,24.890534970241703,-89.24231889025941,-99.72122824623261,2410.1248212190526,2474.2619831874567,2300.623783414106,46.29463240398674,-0.31992548191171954,1521063.65,0.5625550252285629,-0.005635699812006956,-0.004652783898951629,0.002732571957519747,0.0,0.0,0.0,0.0,0.0,0.0,0.0
2024-12-19,2247.857177734375,2280.3707553024697,2221.8658551470567,2280.3707553024697,2784409,-0.02285282495034524,-0.006683003402610288,0.01120635862613605,21.327288067098237,-91.75614002695556,-98.12821060237721,2394.6707599347974,2486.8186391576187,2274.698768068944,48.59948806440328,2.254023106714878,1591405.5,1.749654000818773,-0.010213311567061067,-0.008225480234848148,-0.006949204802724207,0.0,0.0,1.0,0.0,0.0,0.9111807346343994,1.0
2024-12-20,2238.53955078125,2273.505140179618,2232.3113455775715,2252.9082428785946,1719502,-0.004145115199229998,-0.0061799609886294075,0.011194938773858664,20.76002954569431,-93.4232904747364,-97.18722657684906,2379.801120967793,2492.1143824556084,2250.7824437162662,48.070509959949234,-0.38245351167877994,1487088.45,1.156287643818362,-0.01520556915080562,-0.03911173751557895,0.0008233423470040968,0.0,0.0,0.0,0.0,0.0,0.0,0.0
2024-12-23,2235.449951171875,2258.3518359488926,2222.5524655707823,2255.8507361549114,855647,-0.0013801854018155035,-0.004760191191569907,0.010762586043737997,20.564708287524084,-93.91127338158367,-96.532035937796,2366.0533905110387,2495.2961950577373,2229.897091075075,47.19399998981788,-0.5023867375554085,1437014.6,0.5954337555095125,0.0070354729729729115,0.01466847390457704,-0.0042501395340275305,0.0,0.0,0.0,0.0,0.0,0.0,0.0
2024-12-24,2240.15771484375,2250.946565484416,2233.4391075267267,2238.2942818784254,601558,0.0021059579837190423,-0.004426241798917996,0.01093460770228023,21.772461896217322,-92.84783413099694,-95.7951955764362,2354.063326161773,2487.2517997587333,2216.265680710017,45.07353270180871,-0.2969554033380588,1409479.6,0.42679439986219025,-0.0010861087115143775,-0.0008367260666896081,0.013080058014073748,0.0,0.0,1.0,0.0,0.0,0.8940455913543701,1.0
2024-12-26,2218.972412109375,2243.541617232668,2213.1857602794494,2240.1578889777365,1267334,-0.009457058578508426,-0.006560774416994241,0.009367048722442217,20.278288975908467,-92.64655591483461,-95.16546764411588,2341.1975248234494,2480.767969560161,2200.240062666401,44.022270148338,1.1067527985663892,1429613.65,0.8864870589337197,0.0009503186263191132,0.0023261223540358422,-0.0043490036268137855,0.0,0.0,0.0,0.0,0.0,0.0,0.0
2024-12-27,2227.7998046875,2246.827560435928,2216.6678144909474,2226.6719750111083,821790,0.0039781443563480234,-0.00501499704124142,0.009733412177301788,22.65995144341524,-90.72887863480219,-94.27814984225314,2330.397741953359,2475.8812801996883,2186.820038159687,43.032089848098174,-0.3515600465228582,1395396.5,0.5889293831538205,0.002661079652128029,-0.005476931458865186,0.012421457905811506,0.0,0.0,0.0,0.0,0.0,0.0,0.0
2024-12-30,2244.326416015625,2254.6739537738313,2213.480155249782,2236.47997820152,1076940,0.007418355676911181,-0.005030620987217427,0.009711057849746883,27.05377372233282,-86.87411543327607,-92.79734296045773,2322.200472816432,2463.477663969887,2180.455954194176,42.900783324951824,0.31048077976125277,1397700.8,0.7705082518375892,-0.007075847935867907,-0.015401129767120159,0.0029661753557281845,0.0,0.0,0.0,0.0,0.0,0.0,0.0
2024-12-31,2237.558837890625,2253.545762506832,2229.3690230843895,2236.234655799564,685486,-0.003015416151904704,-0.005107875750131297,0.0096894650969864,26.39254239376001,-83.40384718640234,-90.91864380564665,2314.1393647282603,2448.933002145646,2175.6101130887296,41.563351617629735,-0.363487288056902,1386243.9,0.4944916258964242,-4.212721278373799e-06,-0.002370005268864217,0.003360666783857935,0.0,0.0,0.0,0.0,0.0,0.0,0.0
2025-01-01,2260.411376953125,2278.605351392144,2236.2346377260815,2236.2346377260815,1067328,0.010213156711464721,-0.0021612985887013323,0.009385620355392997,32.400856480091804,-77.91151029071625,-88.31721710266058,2309.022413511581,2432.8199991192064,2175.5643514667313,41.621020335374915,0.5570383640220222,1372511.05,0.7776461981854353,0.004148887118253564,,,0.0,0.0,0.0,0.0,0.0,0.0,0.0
2025-01-02,2298.2705078125,2302.880241800115,2249.9658785540914,2269.581971653953,1342922,0.016748779114006407,-3.862064393544973e-05,0.011055291042329699,40.9939271596283,-69.7004152720865,-84.59385673654576,2307.9984224926206,2417.1839442395585,2179.803458104191,42.427687686135535,0.25820928524314923,1389406.55,0.9665435937379163,0.018774033191665485,-0.0006651315513979128,0.017282970606592007,0.0,0.0,0.0,0.0,0.0,0.0,0.0
2025-01-03,2291.11083984375,2303.8613017716807,2277.575686214012,2299.006366082288,1355319,-0.0031152416325285204,0.0019351376878462222,0.007817328325412062,39.95942048335334,-63.044056046768674,-80.28389659859035,2306.3900812879665,2400.9317516089563,2184.6537952660433,41.27468253410219,0.009231362655463204,1297630.8,1.0444565588301387,-0.007602755327609123,-0.006228354182537532,0.0076386385977025295,0.0,0.0,0.0,0.0,0.0,0.0,0.0
2025-01-06,2223.63134765625,2295.0830680126287,2213.381986119443,2291.110760965597,1190987,-0.02945274013548027,-0.0005956248057788049,0.012623511619265091,31.811279766862796,-62.493488440217334,-76.72581496691575,2298.508297132565,2388.584717571187,2181.057860553813,44.16228248832245,-0.12124968365381139,1270382.75,0.9375024967868936,-0.016192595996625703,-0.0316237571189677,-0.002744727207022457,0.0,1.0,1.0,0.0,0.6001652479171753,0.9263076782226562,2.0
2025-01-07,2248.5927734375,2271.543505823445,2228.3881024312896,2228.3881024312896,740798,0.011225523424806871,0.0006649460768834326,0.013154682440839394,36.934177317670525,-59.358730698230374,-73.25239811317867,2293.754437733035,2380.887368062673,2179.0206885779517,44.43013075109904,-0.3779965692320739,1192358.6,0.6212879246226763,0.0038892874268343647,0.007954140497075324,0.009829619528209488,0.0,1.0,0.0,0.0,0.9062216281890869,0.0,1.0
2025-01-08,2289.54150390625,2293.121345211807,2229.0747516227793,2243.1493945831817,1439632,0.018210825433789157,0.002275432821890444,0.014287740364876034,44.323892992946455,-52.95970575531237,-69.19385964160541,2293.353205940008,2374.1356127010404,2180.422175384897,45.83130666809393,0.9433529788147377,1181445.8,1.2185341045691642,-0.0007993610384197103,-0.0015684497835797284,-0.011550932568433314,0.0,0.0,0.0,0.0,0.0,0.0,0.0
2025-01-09,2305.087158203125,2316.072122953004,2276.7419981529406,2296.9464313017265,1362304,0.006789854768018966,0.0039001241565431834,0.013717742583665015,46.86916136923209,-46.10258608968206,-64.57560493122075,2294.470725203162,2361.963472070703,2186.0131392574217,45.36693653466318,-0.05371372684130393,1182676.0,1.1518826796180865,-0.006857594959147506,-0.02729502974272824,0.009978918990179109,0.0,0.0,0.0,0.0,0.0,0.0,0.0
2025-01-10,2276.20263671875,2303.812194809117,2271.5438141293225,2290.7676831221484,1214334,-0.012530771941348773,0.0022492325267735036,0.014667810493355757,42.94109604938924,-42.508991642831006,-60.16228227354281,2292.7309072522658,2352.612130267913,2188.6165562555243,44.52239421603027,-0.10861745983275395,1188941.3,1.0213574042721874,-0.004037999702463213,-0.027657236374734828,0.036921529314749124,0.0,0.0,0.0,0.0,0.0,0.0,0.0
2025-01-13,2209.409423828125,2257.71405119624,2203.279394974303,2247.7589801193344,1181928,-0.029344141779446553,-0.00142701721886227,0.017551749915954054,35.52638294366152,-44.53729797183996,-57.03728541320224,2284.795527878538,2337.793282271085,2188.2329140179777,46.551026182345744,-0.026686232947442767,1190494.65,0.9928041255792288,-0.014747275302477436,-0.06467350626226542,0.01567201562839715,0.0,0.0,0.0,0.0,0.0,0.0,0.0
2025-01-14,2196.953369140625,2242.462849427957,2194.0600432596334,2225.445792649132,1316807,-0.005637730405765207,-0.00168924864424832,0.017597647466437116,34.33568978545944,-46.61252469503097,-54.95233326956799,2276.429607998737,2321.9643247851022,2188.1434144727104,46.68329618134415,0.11411778044009457,1206946.25,1.091023730344247,0.003902874499386977,0.007991134525006993,-0.013455177614390745,0.0,0.0,0.0,0.0,0.0,0.0,0.0
2025-01-15,2186.900146484375,2210.488546922533,2177.386388981929,2205.829724693855,1308999,-0.004575983631451619,-0.0031681626785399542,0.017100646139850306,33.363763391080084,-48.50918419495247,-53.66370345464489,2267.902992616417,2316.9155520202476,2180.8045895813148,45.71321487843412,-0.005929494603233443,1209485.3,1.0822777259053913,0.0016028803979861728,0.013928609567142924,0.026401409643318052,0.0,0.0,0.0,0.0,0.0,0.0,0.0
2025-01-16,2173.07080078125,2196.855312695061,2165.42047689338,2196.021532990608,1936087,-0.006323720689925816,-0.005475412658933176,0.015606009657531469,32.02098809062713,-50.5455554353689,-53.04007385078969,2258.871355298782,2313.8104289952894,2171.1739460047106,44.693330658666035,0.47905918950281867,1263505.55,1.5323138074067026,0.004247650725383689,0.006732923246358435,-0.00902106393735913,0.0,0.0,1.0,0.0,0.0,0.9331116080284119,1.0
2025-01-17,2217.599365234375,2225.4948907413877,2170.030338602855,2182.9278242686637,878848,0.020491078540614716,-0.003114780641618853,0.017653738224238054,40.34608010964447,-48.01284906695173,-52.0346288940221,2254.9406895783623,2313.057796539145,2168.9007972108548,45.462703621513654,-0.5460699854913544,1168227.5,0.7522918267203947,-0.004658651792672774,0.013160037072084796,-0.006150817989528323,0.0,0.0,0.0,0.0,0.0,0.0,0.0
2025-01-20,2236.774169921875,2243.002135992532,2207.791343619666,2228.6334431540586,555716,0.008646649610432933,0.0006951583329724675,0.015291163174206245,43.5519093758946,-43.95176593637461,-50.41805630249261,2253.210544849173,2312.9855844537096,2168.796471210353,44.73042424661027,-0.3676767768715409,1110038.2,0.5006278162319099,0.006100485537167577,0.006494517525618804,,0.0,1.0,0.0,0.0,0.7287757396697998,0.0,1.0
2025-01-21,2216.9619140625,2270.562793071887,2211.7145133378426,2236.774120348776,1410294,-0.008857512808307821,-0.0013131452903390017,0.01507171428542691,41.094525335414176,-41.84959567827855,-48.70436417764979,2249.758294298061,2312.786997119736,2167.1462548333893,45.73884249571271,1.537796284433056,1137770.55,1.2395240850626692,-0.013711845677293555,-0.04120162075186329,-0.018566654078496336,0.0,0.0,0.0,0.0,0.0,0.0,0.0
2025-01-22,2218.678466796875,2226.426728351718,2201.8084339437387,2226.426728351718,835523,0.0007742815622977517,-0.003056799677488142,0.013487351092058746,41.40302092949036,-39.58874473738979,-46.8812402895978,2246.7983107265195,2312.3012646624006,2165.4840624860367,44.23023191801746,-0.4075540277417333,1149468.8,0.7268774933256127,0.0056764909144164655,-0.04562007447851102,-0.0036574714614557857,0.0,0.0,0.0,0.0,0.0,0.0,0.0
2025-01-23,2232.65478515625,2257.6162158801017,2203.0833809637184,2218.678318741337,1142465,0.006299388833728825,-0.0031058462709171565,0.013448400810873213,43.9757252007604,-36.25134900588955,-44.75526203285615,2245.451308291256,2312.4833634257166,2166.6702010274084,44.966132132186445,0.36736511143319817,1143225.35,0.9993349080301621,0.0021593282262408753,0.009999450362552675,-0.008987330183198194,0.0,0.0,0.0,0.0,0.0,0.0,0.0
2025-01-24,2218.972412109375,2252.467035601808,2211.7636413843934,2239.177084297799,543202,-0.006128297638238522,-0.0024655988406061314,0.01309767655385031,42.0302318436016,-34.31493083815849,-42.66719579391662,2242.9295086548864,2312.427696824208,2165.8431283711047,44.6616508525599,-0.5245351061082835,1129295.95,0.48100942892782006,-0.004876047658393667,-0.023062863834878544,0.0026823231832535654,0.0,0.0,0.0,0.0,0.0,0.0,0.0
2025-01-27,2208.281982421875,2234.0281081329895,2203.0836691493437,2212.0090885109144,1097939,-0.004817738890830814,-1.2958551744557401e-05,0.00923077117531259,40.52180603920708,-33.25953856400292,-40.78566434793388,2239.6297442517425,2311.789650964361,2162.8767308715765,43.68185000478032,1.0212351942739533,1130345.9,0.9713301034665585,-0.011391241935562957,-0.01048563333727337,-0.01808914864898492,0.0,0.0,0.0,0.0,0.0,0.0,0.0
2025-01-28,2198.76806640625,2223.5333855549316,2191.215917962656,2216.6186643968203,897501,-0.004308288566114538,0.0001199856322205095,0.009149980500166832,39.17435540860063,-32.81258306197651,-39.19104809074241,2235.738155885505,2311.7229441361287,2159.0643605513715,42.87010840388712,-0.1825584117150406,1140946.65,0.7866283668916509,0.005611229817278129,0.02166711976924862,0.005319097340104939,0.0,0.0,1.0,0.0,0.0,0.6556122899055481,1.0
2025-01-29,2180.47607421875,2203.672251186656,2169.5892847167747,2198.768227234155,1281088,-0.008319200404523386,-0.0002543360450866672,0.00943554658863844,36.65090296478064,-33.54766193931209,-38.06237086045635,2230.475100488671,2310.392298642068,2152.4014757719947,42.242455408600996,0.42739450986684147,1151634.65,1.112408349297236,0.008966649288351114,0.029087930091300285,-0.011743399894198592,0.0,0.0,0.0,0.0,0.0,0.0,0.0
2025-01-30,2206.66357421875,2215.883042717907,2172.4824342680818,2180.475896878825,1155718,0.012009991904810446,0.001579035214386959,0.00989517089393878,42.37398018907351,-31.65223756184787,-36.78034420073465,2228.207336082012,2300.1942473098857,2153.438833744802,42.325180625831294,-0.09786212968976371,1142274.45,1.0117691068026602,0.003730087599762788,0.017792779046136076,0.0037869013919211714,0.0,0.0,0.0,0.0,0.0,0.0,0.0
2025-01-31,2256.635498046875,2260.7548298894417,2191.951476076034,2211.714594967762,1292909,0.022645918667423937,0.001794519227067881,0.010365077719791138,51.39729886792395,-25.820144908749626,-34.58830434233765,2230.9147800786654,2293.820388130121,2156.365158744879,44.21647871065818,0.11870629340375416,1139153.95,1.1349730209863207,0.011135740150325812,0.019417999590622737,-0.0014309952702122875,0.0,1.0,0.0,0.0,0.6938309073448181,0.0,1.0
2025-02-01,2306.018798828125,2343.142351284642,2241.4329551285223,2267.6203918669285,1318619,0.021883596541839134,0.0031182139202085013,0.012046258918563023,58.33968752871333,-17.017186273102652,-31.074080728490653,2238.06754376909,2306.4454630572777,2151.9788289349094,48.32311567104828,0.01988539023241387,1145535.55,1.151093914108558,-0.0011166221250199504,,,0.0,0.0,0.0,0.0,0.0,0.0,0.0
2025-02-03,2248.24951171875,2319.0635612195833,2233.978755835528,2306.01881117763,1070382,-0.025051524791876,0.0014988127218516834,0.014643552739141431,49.44253868557715,-14.534729490103018,-27.76621048081313,2239.0372550023912,2306.411215664121,2151.978750156192,50.948950650548795,-0.18825528829783278,1162014.75,0.9211432126829715,-0.005157091976693451,0.030770106227076655,-0.010422134308151754,0.0,0.0,0.0,0.0,0.0,0.0,0.0
2025-02-04,2309.15771484375,2372.174418827752,2220.29671040911,2260.4115281362806,5373733,0.02709138945989875,0.004130523511611783,0.016716920082155008,56.904926945918874,-7.565372735728943,-23.726042931796293,2245.7153940349017,2310.853955457596,2149.497631456467,58.158147633984036,4.02038804837899,1358719.8,3.9549971966258237,0.016189306820631133,0.00552806142204787,0.0031595295769111242,0.0,0.0,0.0,0.0,0.0,0.0,0.0
2025-02-05,2231.526611328125,2251.4860810176606,2194.3051240935533,2225.4456706082346,3474642,-0.03361879659262601,0.0001387049689762998,0.020483217499189316,47.31829000753145,-8.211630000805144,-20.623160345598063,2244.364081396161,2299.5243141036085,2153.471218122954,62.20775071371351,-0.35340256019418903,1464336.7,2.372843622644983,-0.001809207062143936,-0.01848266839985757,-0.020866094508778077,0.0,0.0,1.0,0.0,0.0,0.8910664916038513,1.0
2025-02-06,2219.953369140625,2254.771937667948,2216.8639299685055,2243.296570015997,1285954,-0.005186244308604482,0.00023291030193970386,0.020453336616563844,46.07217230683982,-9.547598687821392,-18.408048014042727,2242.0392516575384,2293.0804603775323,2154.2901450912177,60.47205478412271,-0.6299031670025286,1467917.7,0.8760395763331964,-0.003922602634608197,-0.021871332835787904,-0.004288965181697413,1.0,0.0,0.0,0.5360575318336487,0.0,0.0,1.0
2025-02-07,2227.407470703125,2232.6057834969856,2200.141052188956,2222.503447209723,1336756,0.003357773936209174,0.0010504615846437027,0.02039232596187998,47.03957311988215,-9.890864073656758,-16.704611225965536,2240.645748709499,2293.682667915583,2155.487742240667,58.471531678687484,0.039505301122746195,1475659.1,0.9058704683215791,-0.0018387386257991967,0.000981702035390608,0.004980518804983625,0.0,0.0,0.0,0.0,0.0,0.0,0.0
2025-02-10,2226.573974609375,2234.2733882566868,2210.7340724892765,2227.4568426232345,1181565,-0.0003742000979671811,0.0014438704314584383,0.020315260754593677,46.93817901514418,-10.113577507944683,-15.386404482361367,2239.305579747582,2293.990994734904,2158.1414759682216,55.97637339931054,-0.11609523353551432,1468897.0,0.8043892798473957,-0.007570033692307909,-0.029857278031593992,0.01620679112137169,0.0,0.0,0.0,0.0,0.0,0.0,0.0
2025-02-11,2197.83642578125,2239.0790740672005,2183.2713794225256,2235.2540313135382,1607942,-0.012906622082101138,0.0009851282637006631,0.02060987631428935,43.459866808854265,-12.46526768340027,-14.80217712256915,2235.3561365126934,2293.4349382561913,2159.7911603766215,55.96432491683657,0.3608578453153233,1483844.15,1.0836326712613316,-0.013249684936046169,-0.03066380789316281,0.014893860715839757,0.0,0.0,1.0,0.0,0.0,0.8812751770019531,1.0
2025-02-12,2185.47802734375,2204.7998316412377,2143.744740335438,2198.8170667681698,1181706,-0.005622983718229668,-0.0007781692986033484,0.020314008187950663,42.01784042889444,-15.151560799544768,-14.872053857964275,2230.6058404013656,2292.2617812197605,2162.2050400693024,56.327951087476784,-0.2650817007081101,1446125.1,0.8171533707560984,-0.0011507892904301098,-0.027404431534255536,-0.023636359673041785,0.0,0.0,0.0,0.0,0.0,0.0,0.0
2025-02-13,2193.4716796875,2206.7616321381893,2177.3865773303783,2185.4782166380246,921923,0.0036576219224064843,-0.0026769989731050938,0.018704910713884908,43.32769605473004,-16.445868771386813,-15.186816840648783,2227.0692536667116,2292.602363067957,2159.4516896664177,54.4027442103578,-0.21983725224378992,1448278.85,0.6365645676590527,-0.0006009745771905495,0.008101565527988575,-0.0021282742944915833,0.0,0.0,1.0,0.0,0.0,0.9190225601196289,1.0
2025-02-14,2188.4697265625,2207.3502183450614,2160.712903739357,2193.4716872063455,1380052,-0.0022803819038651474,-0.005093396817675522,0.016624639782056177,42.67799717498997,-17.67152661945238,-15.683758796409503,2223.393108228215,2291.9342177920144,2155.289390606423,53.84807066716827,0.4969276175993005,1489495.65,0.9265230146862128,-0.004435266153706374,-0.017372820165325487,-0.0037323219384968187,0.0,0.0,0.0,0.0,0.0,0.0,0.0
2025-02-17,2207.644287109375,2216.6185540575925,2183.320283404085,2188.469507921254,923900,0.008761629331283105,-0.0017120814053596112,0.015515976601648877,46.01958750852605,-16.900820369958637,-15.92717111111933,2221.8932205026113,2291.769768051766,2154.522077651359,52.38022780904966,-0.33053247268943486,1465175.95,0.630572730872357,0.0013192755977626813,0.00012024244929897954,,0.0,0.0,0.0,0.0,0.0,0.0,0.0
2025-02-18,2194.648681640625,2208.723085343409,2176.1604173554124,2204.8489546884357,735853,-0.005886639231072022,-0.005009884274456688,0.011765022220531583,44.141421622626716,-17.141075221908068,-16.16995193327708,2219.2985025157554,2291.6716502521085,2152.2172169353917,50.96468782183158,-0.2035360969801927,1460192.45,0.5039424768974802,-0.0006184463402948426,0.0006012867624796137,0.014717667989850414,0.0,0.0,0.0,0.0,0.0,0.0,0.0
2025-02-19,2196.119873046875,2206.614435319362,2183.3694121007593,2194.6486660146306,645234,0.0006703539471064612,-0.0015809692204834414,0.00616407502656213,44.41797751524053,-17.016609193485237,-16.339283385318712,2217.0910139949096,2290.537685178445,2149.697690798118,48.98471177874382,-0.12314823748765036,1435330.9,0.4495367583879091,-0.0005404326900405598,0.01670575640645411,0.002637191288164642,0.0,0.0,0.0,0.0,0.0,0.0,0.0
2025-02-20,2205.87890625,2213.774432147032,2188.2244212672454,2196.119947164277,637442,0.004443761619253195,-0.0006179686276976737,0.006289215285894604,46.31667064857162,-15.946673226882012,-16.260761353631374,2216.0231942096802,2290.1563494040583,2148.7696759865667,47.31080457167543,-0.01207623900786381,1440042.9,0.4426548681292759,-0.0008612081186238907,0.011170887251809036,0.005786460232885204,0.0,0.0,0.0,0.0,0.0,0.0,0.0
2025-02-21,2214.264892578125,2222.307443612556,2194.0602190084924,2205.8789641005346,755585,0.0038016530754996225,-0.0005735807137686288,0.006321874584917703,47.96170705423381,-14.257708267021826,-15.860150736309464,2215.855736911437,2290.314202155318,2149.2101142509323,45.94912028827461,0.18533921517565521,1422925.2,0.5310082357104927,-0.005117148798882476,-0.012742604749782283,-0.02680443203160454,0.0,0.0,0.0,0.0,0.0,0.0,0.0
2025-02-24,2203.083251953125,2215.6375987657107,2197.9831159070195,2202.788962681297,765042,-0.005049820670724237,-0.0010411427710443344,0.00647650208364485,45.940245676315364,-13.663946843860685,-15.420909957819708,2214.63930977255,2290.2978399934614,2149.6579949674765,43.928074757590075,0.012516129886114724,1416302.25,0.5401685974868712,-0.010640105330068539,-0.008111279557060369,0.004702384424103645,0.0,0.0,0.0,0.0,0.0,0.0,0.0
2025-02-25,2182.045166015625,2213.774292529145,2175.130445275953,2203.083378069052,947702,-0.009549383083389595,-0.0007054188711731801,0.005849778359686971,42.32564918942016,-14.721286523362778,-15.280985270928323,2211.5351056052236,2290.20312170468,2149.909622435945,43.55062993584734,0.23875813354038078,1399632.95,0.6771075230831055,-0.00025711604818956513,-0.013131975979699284,-0.023535733684950655,0.0,0.0,1.0,0.0,0.0,0.8942621350288391,1.0
2025-02-27,2171.158203125,2185.6250722817654,2155.8087055302076,2171.501580547716,1027196,-0.004989338928535703,-0.0006420543922037835,0.005793756583868483,40.547705533369324,-16.250398280362788,-15.474867872815217,2207.689686321393,2291.426800237195,2145.135406794055,42.56961113696951,0.08388079797235837,1393206.85,0.7372889388248414,-0.00011087678764998277,-0.020927899736514766,0.020819001263536308,0.0,0.0,0.0,0.0,0.0,0.0,0.0
2025-02-28,2137.908935546875,2168.902458264366,2134.0348050707535,2167.578276205342,1701193,-0.015314069481564552,-0.002539223532600887,0.007171679185652811,35.6257428330272,-19.915593813813302,-16.363013061014836,2201.0439005333437,2291.129660636977,2133.5598901442727,42.18059591677502,0.6561522825244646,1413621.05,1.2034293066023598,-0.018644959666695105,-0.014147095221181294,-0.01161535115771728,0.0,0.0,1.0,0.0,0.0,0.8921003937721252,1.0
2025-03-03,2124.815185546875,2151.2480635171437,2088.1331859068287,2137.909023945707,959068,-0.006124559274855446,-0.002923641269699917,0.007258762555294346,33.88152153763133,-23.604743091430464,-17.811359067097964,2193.784022915585,2278.4911897489947,2128.07799970413,43.675901752027876,-0.43623798122846735,1395643.5,0.6871869499625083,-0.00024400049223838316,0.012595547669457696,-0.021317266358133913,0.0,0.0,0.0,0.0,0.0,0.0,0.0
2025-03-04,2091.173828125,2118.3911589596355,2083.9648176897913,2112.7024437231626,2180989,-0.015832604007494644,-0.005383064603577692,0.007022304489605784,29.83929733664354,-28.909743338699627,-20.031035921418297,2184.0116234117195,2282.1412498069712,2108.7203712867786,43.474077902389006,1.2740712858733687,1451173.85,1.5029136584841298,-0.0016569416451024388,0.0009901451585889731,-0.008098321820887766,0.0,0.0,0.0,0.0,0.0,0.0,0.0
2025-03-05,2122.608154296875,2140.9003035438814,2083.9645492939253,2091.075382560136,1535212,0.015031904927798267,-0.003291210187690663,0.00952525116432651,37.35947667235151,-30.229045224260062,-22.07063778198665,2178.1636739722107,2261.2336126451078,2110.9730523939547,44.435626212929506,-0.2960936529253472,1259247.8,1.219150035441793,0.011531695069225467,0.02324573451989953,-0.024493212856775415,0.0,0.0,0.0,0.0,0.0,0.0,0.0
2025-03-06,2224.170654296875,2231.3305761243014,2141.1947246770724,2147.8151560567817,1985096,0.047847974104124225,0.0014265518280111133,0.01883708836595639,54.37516394866843,-22.816343906972634,-22.21977900698385,2182.5452911459884,2260.0402265563307,2111.430842779607,49.02754018539357,0.29304356662141773,1184770.5,1.6755109955894412,0.009284847776867,-0.0016916964528509437,0.002308744959150344,0.0,0.0,0.0,0.0,0.0,0.0,0.0
2025-03-07,2226.4267578125,2234.224107597683,2204.849053551762,2224.170859021657,921429,0.0010143571992853317,0.001083611386014327,0.018807248457802586,54.669736775100354,-16.568682549936966,-21.089559715574474,2186.724478447561,2261.0108637097087,2111.1075444934163,47.623791175431236,-0.5358264789209186,1166544.25,0.789879166606839,0.00034601398645017767,-0.011862311370232748,0.012957119748653989,0.0,0.0,1.0,0.0,0.0,0.932896614074707,1.0
2025-03-10,2234.861572265625,2248.9850634502022,2218.4330943708187,2226.4265564901693,1072395,0.0037884985093390444,0.0010822959293982693,0.01880703768215371,55.81824864191934,-10.812111586768879,-19.034070089813355,2191.3089635730908,2262.271173675117,2110.5926446842577,46.40437531142783,0.1638389935632587,1153326.2,0.9298280052945993,-0.004088203913091726,-0.0203956193750795,-0.015349656362791397,0.0,0.0,1.0,0.0,0.0,0.0,1.0
2025-03-11,2243.49267578125,2246.92549238546,2214.5589358314783,2230.3499879925585,601228,0.003862030482216783,0.0019734810446923714,0.018694990292978265,57.01831741094576,-5.490241616239473,-16.325304395098577,2196.278840926249,2265.237069146907,2109.318619329656,45.40167397161026,-0.4393595643396323,1124309.35,0.5347531798076748,0.0016740474556060647,0.03626359829602244,0.004041552890161837,0.0,1.0,0.0,0.0,0.9533441662788391,0.0,1.0
2025-03-12,2208.085693359375,2251.8785279157673,2203.8681852119953,2243.4925997474033,749216,-0.015782080683434896,0.001350211284687841,0.019218402295487238,50.9093471911914,-4.082607141743665,-13.876764944427595,2197.403303062737,2266.1541185356473,2109.4264966987275,45.588007452478955,0.24614289420985047,1081373.05,0.6928376844605106,-0.0012179087892316698,-0.01647161121394114,0.019982740633042395,0.0,0.0,0.0,0.0,0.0,0.0,0.0
2025-03-13,2188.4697265625,2213.8724742700488,2179.8385967138997,2211.959952863452,747470,-0.008883698153503872,0.0009607753621910242,0.019399740213685908,47.850580797822346,-4.498040649604718,-12.00102008546302,2196.5524862531906,2266.2968983467867,2109.5828868094636,44.762712459883964,-0.0023304360825182613,1059661.25,0.7053858013586889,-0.003262089461738671,-0.018281042392569224,-0.015081039335417823,0.0,0.0,0.0,0.0,0.0,0.0,0.0
2025-03-17,2176.945068359375,2196.2668726021657,2153.8961584537587,2162.6743124205764,838015,-0.005266080706186949,0.0019655742397287844,0.01871112633105853,46.09817168660688,-5.691608973681014,-10.73913786310662,2194.685113120446,2265.5683015906993,2108.6588224327384,44.59185543763561,0.12113529639985554,1055465.85,0.7939764228278915,0.004980568336268254,-0.0038118461976658358,0.006942446175368877,1.0,0.0,0.0,0.730414628982544,0.0,0.0,1.0
2025-03-18,2176.945068359375,2176.945068359375,2176.945068359375,2176.945068359375,0,0.0,0.002578030167214329,0.018516114412311994,46.09817168660688,-6.561879210792995,-9.903686132643895,2192.9955850479632,2265.112960191058,2107.9616980120672,41.406722906375926,-1.0,986463.25,0.0,0.01446329899483545,0.03161461921825692,-0.0071760537275985525,0.0,0.0,0.0,0.0,0.0,0.0,0.0
2025-03-19,2236.921142578125,2244.031976370776,2224.3179463561214,2230.3497992399066,663292,0.027550568496406802,0.006916347417604473,0.018803323260075753,55.85574510761421,-2.3845194393902602,-8.399852793993169,2197.178971479407,2269.144030188413,2106.8583135615872,43.241021842449165,,973432.85,0.6813947156190588,0.0032100316461272094,0.0280311177613346,0.0031179312402955794,0.0,0.0,1.0,0.0,0.0,0.9249352812767029,1.0
2025-03-20,2243.296630859375,2262.7166132724674,2225.2008306726966,2246.0429321170136,1166849,0.0028501175834487746,0.005698168683169524,0.01861277054927244,56.75198568637503,1.4241007508330767,-6.435062085027921,2201.5711295155947,2275.0691227711245,2105.7980159007507,42.83207618225786,0.7591784613714623,994982.65,1.172733011977646,0.012356195589090069,0.010705682959122553,0.017236525031701033,0.0,0.0,0.0,0.0,0.0,0.0,0.0
2025-03-21,2256.242919921875,2270.072361261491,2234.1259666391193,2247.6608792387738,1624115,0.00577109994478997,0.001490481267236099,0.011373799989065039,58.59049965577053,5.424585773790113,-4.063132513264314,2206.777966697145,2282.808264313855,2104.07117904552,42.34024178512315,0.39188104030598647,1043926.7,1.5557749409034178,0.0068885519512889015,0.00977291122113888,0.0022222730848524552,0.0,0.0,0.0,0.0,0.0,0.0,0.0
2025-03-24,2277.918701171875,2285.5199368808444,2257.9103829583514,2258.204432777234,1100353,0.009607024606530734,0.002349748007960639,0.011654937551931064,61.53858570224161,10.226172421134834,-1.2052715263844846,2213.5532747423576,2293.6400138160643,2100.443409035498,41.407154297540735,-0.3224907103253156,1067072.25,1.031188844054374,0.013188177230298859,0.015299927217654385,0.011640746885545061,0.0,0.0,0.0,0.0,0.0,0.0,0.0
2025-03-25,2286.010498046875,2299.4965623386884,2263.697191673147,2280.3708711612076,1828005,0.0035522764139199747,0.0023261257984187322,0.011651936489169713,62.608784944831406,14.517061169953195,1.9391950128830513,2220.453962676121,2304.5689701021815,2096.689013296256,41.00659832382651,0.661289604336063,1120693.25,1.6311376908890993,0.00043539728764163677,-0.01455562511823627,0.00027392661734793045,0.0,0.0,1.0,0.0,0.0,0.915094256401062,1.0
2025-03-26,2278.55615234375,2296.014522433612,2259.773839692245,2295.082805937436,1934287,-0.003260853661649299,0.0016138373840321242,0.011764779848559365,60.9268946164557,17.11878333963341,4.975112678233123,2225.9875045492286,2313.7638790215856,2095.041394415914,40.666175782222254,0.05814097882664426,1179155.5,1.6404002695149198,-0.007681079328545448,-0.012917080927228097,0.010545115144620532,0.0,0.0,0.0,0.0,0.0,0.0,0.0
2025-03-27,2293.219482421875,2304.9891383988142,2246.53308459831,2270.562798884561,1497861,0.006435360420256497,0.0038355814944012632,0.010093771754155219,63.03072670981325,20.13180814160205,8.00645177090691,2232.390550060909,2325.3476565296914,2094.575048548433,41.9368813549567,-0.22562629020409075,1206663.45,1.241324579774087,0.004474827877002596,0.013496860706245561,0.003252444244366881,0.0,0.0,0.0,0.0,0.0,0.0,0.0
2025-03-28,2295.720458984375,2318.6223448473825,2280.3709609856874,2298.957162432758,1281871,0.0010905962476206454,0.004833010934513715,0.009145516621020349,63.39277099583009,22.462525895804447,10.897666595886417,2238.421969958382,2335.8917191936016,2096.4872114704613,41.67363153400944,-0.1441989610517932,1219397.2,1.0512333470996982,-0.0030773044101545244,-0.014185629289750978,-0.005403235613597901,0.0,0.0,0.0,0.0,0.0,0.0,0.0
2025-04-01,2271.543701171875,2316.3664283861817,2261.4904529261876,2297.044623551179,970583,-0.010531228973407192,0.0043064961077916904,0.009911050542710916,57.52772888714685,22.103973360398413,13.138927948788815,2241.576420550143,2339.221094417256,2106.521312809306,42.616656100151204,-0.24283878799036718,1182866.7,0.8205345538935199,-0.015036571865236992,-0.031070142824275226,-0.0033449291831086914,0.0,0.0,1.0,0.0,0.0,0.7363972663879395,1.0
2025-04-02,2262.373291015625,2283.705795367322,2248.151621447827,2283.3135692299293,792693,-0.004037082866386821,0.003902787821153009,0.010184410217508665,55.43277995213296,20.839616308964196,14.679065620823891,2243.5570748801892,2338.087288732588,2121.410929040849,42.11219308724719,-0.1832815946704197,1174547.95,0.67489198716834,0.0071938424586863725,0.03612784107431932,0.006175313433542051,0.0,0.0,0.0,0.0,0.0,0.0,0.0
2025-04-03,2304.302490234375,2309.6969161401757,2245.846673182262,2250.946809784164,608846,0.01853328068593285,0.0030010590401056136,0.008029131307393017,62.20912684068913,22.956314097410996,16.334515316141314,2249.342352532969,2332.8930686789063,2147.9180153054685,43.66491093515196,-0.2319271142800554,1095940.8,0.5555464309751037,-0.0035251486188494496,-0.0009946019970882292,-0.06417608745088232,0.0,0.0,0.0,0.0,0.0,0.0,0.0
2025-04-04,2310.824951171875,2318.5732124861197,2258.597101126369,2304.302456272972,1163188,0.00283055760480333,0.002999103042241069,0.008029174546746206,63.14781835094365,24.873395412748323,18.042291335462714,2255.197838117627,2329.9176970226617,2169.7150666492134,44.82999667976615,0.9104798257687494,1077339.6,1.0796855513340453,-0.014866619775066536,-0.036015460810074784,-0.06501279723801556,0.0,0.0,0.0,0.0,0.0,0.0,0.0
2025-04-07,2296.4072265625,2308.8143104866754,2147.9623364340778,2147.9623364340778,1745817,-0.006239211067053496,0.0017980719410567226,0.008455415876579296,59.622364137781766,24.94179282301684,19.42219163297354,2259.1225417790433,2335.077706254039,2171.778714644398,53.26089796962551,0.5008897959745113,1065375.65,1.6386867862054104,-0.03243254628305536,-0.05692239387739617,-0.020890556699150298,0.0,0.0,0.0,0.0,0.0,0.0,0.0
2025-04-08,2348.24267578125,2373.5474861275156,2310.77598236216,2310.77598236216,1876867,0.02257241164335766,0.003094610644739415,0.010526315389149948,66.79902453139229,28.8461651724665,21.306986340872133,2267.6101735887773,2349.9092152467224,2169.12879744859,54.96656665501052,0.07506514142089338,1113147.55,1.6860900426003722,0.016887318902814252,0.02473590814877502,-0.021647709227028633,0.0,0.0,0.0,0.0,0.0,0.0,0.0
2025-04-09,2364.8671875,2382.8159616352013,2345.0058920656825,2353.9313107339253,1186937,0.007079554379199271,0.0034473384412673446,0.010602180020442296,68.71930480266235,32.90258700589584,23.626106473876874,2276.8727463422274,2366.5151840813983,2165.5233901373517,53.741102577475395,-0.3675966384405501,1118874.65,1.0608310770111737,-0.006065856008070525,-0.01898420437215509,0.04234326130263466,0.0,0.0,1.0,0.0,0.0,0.9210212230682373,1.0
2025-04-11,2347.654296875,2401.0099783908627,2334.560457951328,2392.673138188117,968152,-0.007278586601388137,0.003045565147293461,0.010954894388690769,64.55598400795665,34.332628939427195,25.76741096698694,2283.6138463929674,2377.1626984152294,2165.292037912896,54.64884671047964,-0.184327390586021,1137220.85,0.8513315597405727,0.019170387409190415,0.012623397123142421,0.02258013996258179,0.0,0.0,1.0,0.0,0.0,0.817881166934967,1.0
2025-04-15,2369.330078125,2378.4516105428893,2339.2194190287796,2368.545386403859,1141122,0.009232952772839198,0.003325324382551731,0.011086016221375205,67.24700892455172,36.7908992840521,27.972108630399973,2291.7772970341134,2389.2429902607687,2169.336184543919,53.54765705359607,0.17865996248522964,1156816.15,0.9864333239123607,0.02190239778210845,0.05644494615944695,-0.0032367307854901384,0.0,0.0,0.0,0.0,0.0,0.0,0.0
2025-04-16,2412.681396484375,2421.1164127236184,2357.560219989948,2358.9334902486225,1166695,0.0182968674392896,0.005045951501718627,0.01199835783104378,71.85023042098096,41.75584988718083,30.728856881756144,2303.2919731722336,2406.6727476637698,2174.327594133105,54.26255245931566,0.022410399589176233,1177777.4,0.9905904120761699,0.004657316201027051,0.007247664322214797,0.018246487375693565,0.0,1.0,0.0,0.0,0.48887601494789124,0.0,1.0
2025-04-17,2420.527587890625,2428.8644270296563,2384.335993762884,2412.68115105389,885840,0.0032520627952299375,0.006424280678582339,0.010735283920659927,72.6007984902323,45.79582531648748,33.74225056870242,2314.4572698120805,2419.7485786080224,2185.610015141978,53.56725823127686,-0.24072701091544924,1180168.65,0.7506045852005983,0.017683476937954135,0.0051141625302062454,0.032042530892096854,0.0,0.0,0.0,0.0,0.0,0.0,0.0
2025-04-21,2398.067626953125,2423.470374336272,2394.1444079315247,2418.5663505592715,541913,-0.009278952675384589,0.005900093697682562,0.011409647858789883,67.0865600039186,46.64748068840572,36.32329659264308,2322.4201609683705,2422.7043760028614,2204.766473606514,51.83573738652475,-0.3882495710286282,1207264.3,0.44887685322923904,0.011483498464016417,0.02248254709370534,-0.025014669969743997,0.0,0.0,0.0,0.0,0.0,0.0,0.0
2025-04-22,2385.317138671875,2402.9716240732296,2367.1722508982607,2398.067600350631,543647,-0.005316984449454498,0.0035150671841438275,0.010959331347863394,64.10962149641261,45.76600385834581,38.21183804578363,2328.410349321085,2428.387310152368,2213.923139066382,50.69028279998504,0.0031997756097381647,1201282.05,0.45255566750539555,0.0017284255654137493,0.02418704432885832,0.01780863669080035,0.0,0.0,0.0,0.0,0.0,0.0,0.0
2025-04-23,2406.011962890625,2409.4447791373664,2379.0398352376574,2390.2209123739117,744684,0.00867592148785401,0.004099603572448896,0.011074051392621197,66.69300786676322,46.20470737522646,39.8104119116722,2335.800979184851,2436.3503133614176,2222.2316690604575,49.24133002139389,0.3697932665865902,1180173.8,0.6309951974870142,0.006690840652122221,0.013276836158192085,-0.01957294850294633,0.0,0.0,0.0,0.0,0.0,0.0,0.0
2025-04-24,2417.09521484375,2443.184717889969,2389.142278488927,2402.9717217303987,1203452,0.004606482479750262,0.005184172927129272,0.010463239669556888,68.02062088004965,46.906005643969365,41.22953065813164,2343.5432873428413,2445.3969024329654,2229.270309481097,49.584266405654475,0.6160572806720703,1159140.65,1.0382277595044227,-0.0033807460922566923,-0.01405071155387505,0.006503331629066134,0.0,1.0,0.0,0.0,0.9362480044364929,0.0,1.0
2025-04-25,2384.924560546875,2421.3122675252507,2367.368014538705,2416.9968230680265,702217,-0.01330963468021873,0.0015959682947716326,0.009979046986180753,60.484350384904765,44.35459447877247,41.8545434222598,2347.4843609813206,2449.0329803297523,2236.3348175218102,49.89569401857526,-0.41649770825924093,1139233.85,0.6163940792314062,-0.00855166336268387,-0.028049593556885632,0.0048084099196110675,0.0,0.0,1.0,0.0,0.0,0.8299193978309631,1.0
2025-04-28,2405.12939453125,2412.583606519803,2358.8354575585877,2373.4493527613313,554920,0.008471896477824759,0.0017352025046341812,0.010073326820827611,63.239099802401114,43.46194178138876,42.17602309408559,2352.974364176552,2454.9683305788744,2242.311356921126,50.170869371620995,-0.20975994599959846,1075579.6,0.5159264828005291,0.012028211882747275,0.014138621934303375,-0.015103964329986397,0.0,0.0,0.0,0.0,0.0,0.0,0.0
2025-04-29,2404.050537109375,2424.549259908607,2394.7328922998554,2412.7796033071086,1235066,-0.00044856523076397536,0.0024182046416965975,0.009615397070641126,62.98660373625204,42.18121452578043,42.17706138042456,2357.838761598726,2458.7412596165045,2251.0878663600583,48.716976388558884,1.2256649607150578,1040618.55,1.186857566588641,0.0003061930965739812,-0.002581755593803803,-0.02444580314957534,0.0,0.0,0.0,0.0,0.0,0.0,0.0
2025-04-30,2379.137939453125,2414.937311402688,2355.402513339064,2402.9715418199903,1479669,-0.010362759547561273,0.0004586334096565503,0.010058803810132558,57.29749521678046,38.70976840677622,41.4836027856949,2359.867254727716,2459.521307391634,2258.899664288054,49.48967793677781,0.1980485253419655,1039708.95,1.4231569325242417,-7.191007773188485e-05,0.019096894548101817,-0.017587565262493943,0.0,0.0,1.0,0.0,0.0,0.8940252065658569,1.0
2025-05-02,2363.7392578125,2397.969245058867,2351.969601757002,2378.451327881872,744673,-0.006472378665090983,-0.002018291200781508,0.008021502953125665,54.04793674841708,34.32045261677422,40.05097275191077,2360.236016926267,2458.600490801956,2266.6223607605443,49.24038974856975,-0.4967300119148269,1012849.05,0.7352260438018873,0.0005136803511647248,-0.004854081290824208,-0.013520040852195825,0.0,0.0,0.0,0.0,0.0,0.0,0.0
2025-05-05,2390.122802734375,2427.4915564148305,2376.5878898620194,2376.5878898620194,1229588,0.011161783108976087,-0.001227319169406893,0.008936703012895899,58.40109910551686,32.59508397032096,38.55979499559281,2363.0823774794203,2455.523135756775,2281.557625961975,50.27695466669552,0.6511784367098041,1025799.3,1.1986633252723022,0.004700890697612925,0.006579306758870862,-0.017294850015616037,0.0,0.0,0.0,0.0,0.0,0.0,0.0
2025-05-06,2371.585693359375,2402.8732665678112,2345.202143503626,2395.125005452272,702802,-0.007755714205894715,-0.0010749953224579057,0.008796091687414907,54.49494296095449,29.393101702070453,36.72645633688834,2363.892217087035,2446.072429113866,2301.929572839259,50.80510955223051,-0.4284248057072776,1021304.75,0.6881413211874321,-0.0033338898599493128,-0.035780696313238436,0.031877834936661076,0.0,0.0,0.0,0.0,0.0,0.0,0.0
2025-05-07,2289.296142578125,2359.5216091838934,2273.995494836344,2342.161415427729,1711738,-0.03469811401361844,-0.0040131082788743,0.013834480362406813,41.29174399963242,19.985053404485825,33.378175750407834,2356.7878290385675,2448.4533762076107,2298.0479909798896,54.14690162157342,1.4355906784556676,1076449.35,1.5901704989649534,0.0014274549954715887,0.011161815218127868,-0.01657284905399803,0.0,0.0,0.0,0.0,0.0,0.0,0.0
2025-05-08,2258.40087890625,2304.0082950511696,2249.475460825218,2277.428393301136,2292261,-0.013495529519864546,-0.0062302533796461555,0.013342843001534049,37.60764724181034,9.921746058997542,28.686889812125777,2347.4176433116804,2457.1549863731825,2284.103973587755,54.174468236171876,0.3391424388545443,1132903.0,2.023351513765962,-0.005758880297096702,-0.024677843170094582,0.028141381720572012,0.0,0.0,0.0,0.0,0.0,0.0,0.0
2025-05-09,2255.458740234375,2287.0406058725553,2201.9067041208127,2203.4760875313004,1503010,-0.0013027530671613219,-0.006821176934337314,0.012934177992352048,37.26665528608877,1.6896196001443968,23.287435769729502,2338.6596525424134,2463.560825657331,2273.603285670794,56.38585634442693,-0.3443111408343116,1120762.65,1.3410600362173026,-0.0109501096942064,-0.023761540747839094,0.017027366203469896,0.0,0.0,0.0,0.0,0.0,0.0,0.0
2025-05-12,2311.168212890625,2332.8440936076886,2276.4478205858504,2285.2750633197033,940135,0.02469984117309143,-0.003020229349006298,0.016029968864546683,47.0556516816955,-0.3352465543011931,18.562899304923363,2336.041420194624,2464.624978963866,2268.8316860751966,57.88582041791883,-0.37449850633062987,1073926.05,0.8754187497360735,0.038183073090219954,0.05930194304817915,0.016429341880260795,0.0,0.0,0.0,0.0,0.0,0.0,0.0
2025-05-13,2279.978515625,2312.7372941540475,2270.6608717342183,2308.814075673718,1220489,-0.013495208653209856,-0.00521693986210976,0.01578339486367804,43.00925512991425,-4.405926695875678,13.969134104763555,2330.7020959498977,2467.4415374901578,2257.526260361405,56.756577703769565,0.29820610869715525,1075603.65,1.134701430215489,-0.01389583907654357,-0.007219789100656793,0.025708100253722055,0.0,0.0,0.0,0.0,0.0,0.0,0.0
2025-05-14,2238.490478515625,2274.4859609248783,2233.3903422767617,2274.4859609248783,1549845,-0.01819667897089905,-0.006991751236123267,0.01618049806052232,38.29227322344646,-10.854583024115527,9.00439067898774,2321.9200371466336,2475.04193037672,2239.0094856389055,56.0302631069459,0.2698557709246048,1104688.3,1.402970412558909,0.0036027960647213586,0.016968731864445363,-0.008104471526143464,0.0,0.0,1.0,0.0,0.0,0.9035692811012268,1.0
2025-05-15,2285.1767578125,2290.6693598735023,2224.4650431141526,2241.1387228905814,1675015,0.020856143791968762,-0.0038698609021702635,0.018327139030127663,45.53159685068261,-12.058988545075408,4.79171483417511,2318.4206772100492,2474.7163018364886,2230.919782147886,56.756981224974744,0.0807629150011775,1131382.95,1.4805022472718015,0.01602143814146184,0.01923951442341809,-0.023604140490765535,1.0,0.0,0.0,0.86224764585495,0.0,0.0,1.0
2025-05-16,2308.421875,2309.7949057015176,2270.562720466672,2289.0998322084342,785113,0.010172130933867596,-0.0022054099422744054,0.018813873992068,48.75515694436521,-11.0108753907557,1.631196789188948,2317.468410332902,2467.721530074118,2227.488601761819,55.50521008282266,-0.531280018387895,1112303.85,0.7058440011692848,-0.0016877607536591732,0.016259229787249474,0.013637143955670394,0.0,0.0,0.0,0.0,0.0,0.0,0.0
2025-05-19,2286.64794921875,2333.2361718049738,2281.9402782892416,2308.4220048119373,552961,-0.009432385829063361,-0.00426482683607835,0.018308443839079917,46.008413677149804,-11.801175398943542,-1.05527764843755,2314.5331283220303,2458.929483219208,2222.8926847495422,55.204544613744766,-0.29569246719898923,1095659.9,0.5046830681674123,-0.0029717088137536374,0.02262892410311168,0.001987421589050742,0.0,0.0,0.0,0.0,0.0,0.0,0.0
2025-05-20,2251.53515625,2302.634932707437,2247.415585328712,2302.438819676483,1095824,-0.015355574512791348,-0.005024812866768013,0.018624460153279992,41.90817120227947,-15.086890509430305,-3.861600220636101,2308.533321458028,2454.654118576667,2212.5148023217703,55.20560195410051,0.9817383142753286,1123355.45,0.975491773329626,-0.010484831354666824,-0.011144475222912065,-0.0024413130893238266,0.0,0.0,0.0,0.0,0.0,0.0,0.0
2025-05-21,2268.0126953125,2271.739801067979,2246.042765786948,2251.92759399425,469330,0.0073183574401494145,-0.0008231657213912281,0.015695524163635507,44.411781306238026,-16.174790793180364,-6.324238335144954,2304.6742142060725,2449.5590350316957,2205.8794415308043,53.09784719173839,-0.5717104206514915,1119639.6,0.41917952884124493,0.00524831270888626,0.01723019573514528,-0.0071886450145731695,0.0,0.0,0.0,0.0,0.0,0.0,0.0
2025-05-22,2255.066162109375,2265.6589009657846,2239.275349805513,2264.874209299703,916504,-0.005708316020400894,-4.444437144486279e-05,0.015181703640075844,42.84920845832394,-17.875578099579343,-8.634506288031831,2299.9496378159106,2440.36692931274,2199.9769671716354,51.357811357113285,0.9527922783542497,1128230.6,0.8123374778170348,-0.008211272774042211,-0.004580790174763982,-0.007240813344422614,0.0,0.0,0.0,0.0,0.0,0.0,0.0
2025-05-23,2271.05322265625,2284.294085755304,2250.946726839168,2257.6162465132484,458035,0.007089397559812971,0.0007947706912525665,0.015335589216111015,45.40370357965769,-17.7290724059867,-10.453419511622805,2297.1975982768954,2426.1714671500404,2199.568230115585,50.07135046847203,-0.5002367692885137,1090959.75,0.4198459200717533,0.009892488718005854,0.002621951100024056,0.005276168916966917,0.0,0.0,0.0,0.0,0.0,0.0,0.0
2025-05-26,2282.528564453125,2293.1213027072104,2258.5970264512307,2271.5436001154403,1258062,0.005052872245527196,-0.001169926201503857,0.013015808186579493,47.22707720854319,-16.49683615050344,-11.662102839398933,2295.8005474365364,2416.7369735567086,2198.763124099541,48.96084516757973,1.7466503651467682,1118752.0,1.124522682417551,0.005954979456279652,0.007631984416278215,,0.0,0.0,1.0,0.0,0.0,0.8298124670982361,1.0
2025-05-27,2282.921142578125,2306.4604556573113,2256.929817719857,2268.69947425945,2485428,0.00017199264496126077,0.0001967939283132547,0.012274229028932312,47.291930906224934,-15.312093978538087,-12.392101067226765,2294.573937450021,2401.417132273114,2201.862140187823,49.00154465114219,0.9756005665857486,1215277.4,2.0451528186075048,-0.0069977248703164685,0.0024364277467889828,-0.01065147351664919,0.0,0.0,0.0,0.0,0.0,0.0,0.0
2025-05-28,2258.989501953125,2288.2175320363026,2256.1452638973333,2282.921282051625,774808,-0.010482902882039014,0.0009681715371992583,0.011183798444397873,43.76135603875047,-16.118457124678116,-13.137372278717036,2291.1849435931736,2383.8926174779426,2204.8805514673695,47.79231061455841,-0.6882597283043403,1192264.5,0.6498625095354261,-0.0029706520659956714,-0.0014794075842390342,0.012638558812171352,0.0,0.0,0.0,0.0,0.0,0.0,0.0
2025-05-29,2250.260009765625,2264.6777892903533,2242.609686103245,2258.989074800161,1414643,-0.0038643349957813156,-0.0015038763415757494,0.008771213020377151,42.514554853141064,-17.262906748439036,-13.962479172661437,2287.287330847693,2370.393323047134,2205.4920529294286,45.95486722688339,0.8257981332149384,1189013.2,1.1897622330853854,0.003278479228775888,0.011429767715019246,-0.011556240098098303,0.0,0.0,0.0,0.0,0.0,0.0,0.0
2025-05-30,2215.73583984375,2259.7738720370758,2211.7144450710093,2252.4178372973715,3610431,-0.01534230256594693,-0.004055319691557202,0.00870811794584681,37.91386040906877,-20.716891869102255,-15.3133617119496,2280.4729031330317,2360.9962235841613,2200.0888105955264,46.105192922539324,1.5521852509785155,1332301.1,2.709921203247524,-0.00333823496911434,-0.0066443826932987005,-0.0038971160413635575,0.0,0.0,0.0,0.0,0.0,0.0,0.0
2025-06-02,2223.18994140625,2228.6825434481884,2214.55881224932,2215.7359694399283,702789,0.0033641652711748904,-0.0027756645815333767,0.008770167921159432,39.437719185238265,-22.592286447324568,-16.769146659024592,2275.0173829685764,2338.90740881228,2205.484339234595,43.82080279941998,-0.8053448466401933,1305961.15,0.5381392853837957,-0.0013777230725331435,0.023068441541324924,0.011424033022024549,0.0,0.0,0.0,0.0,0.0,0.0,0.0
2025-06-03,2212.401123046875,2243.3946474767345,2203.5738807103767,2228.976866217975,792587,-0.004852854971334919,-0.001725392627387734,0.007654138187559273,37.98453669544444,-24.664797208818527,-18.348276768983382,2269.0539296427005,2318.425637111007,2210.0476539046185,43.53508593991553,0.12777376993663814,1310450.4,0.6048202968994477,-0.007043833380258491,0.01199487713159586,0.01547269135845597,0.0,0.0,0.0,0.0,0.0,0.0,0.0
2025-06-04,2205.82958984375,2217.5992452808887,2197.8849766419803,2206.319992153631,768079,-0.002970317242505627,-0.002754260095653238,0.006963773098359947,37.088098319762864,-26.5317037622749,-19.984962167641687,2263.0325639475623,2318.573670017556,2201.552965724631,41.833598989843594,-0.030921526595818483,1263267.45,0.6080098082159878,0.003165904807986175,-0.007020067395130836,-0.01173238877480387,0.0,0.0,0.0,0.0,0.0,0.0,0.0
2025-06-05,2200.435302734375,2217.5993846589804,2190.136853579612,2207.889514094768,996614,-0.0024454686500769984,-0.0024279753586208485,0.006885988272032295,36.33016156073985,-28.122337740092007,-21.61243728213175,2257.070920022497,2321.1994714037046,2193.1306067212954,40.807094139095376,0.2975410081515053,1198485.1,0.8315614436925415,0.005308696762106768,0.017520466788870426,0.0074004890999408435,0.0,1.0,1.0,0.0,0.9584082365036011,0.7247467041015625,2.0
2025-06-06,2202.1025390625,2209.360637101461,2196.0215981598762,2205.92782084708,822087,0.0007576847753956173,-0.003061146637062584,0.006167211641555015,36.76032729079067,-28.915079551350573,-23.07296573597552,2251.8358361215446,2322.8911846822934,2186.1032733255192,38.84509019641606,-0.17511995617159704,1164438.95,0.7059940755159384,0.01018752395450262,0.046823080397887074,0.01729422935637981,0.0,0.0,0.0,0.0,0.0,0.0,0.0
2025-06-09,2204.750732421875,2212.499233024373,2193.0792525749403,2197.002471273643,1041851,0.001202574953890423,-0.003446176366226261,0.0057074029445227424,37.48282852300522,-28.995405095020487,-24.257453607784516,2247.3515405311,2315.63769015622,2182.7150198047175,37.45758235734583,0.26732450458406465,1169524.75,0.8908327934060395,0.004005448710087123,-0.001394720282729689,0.0085752923778597,1.0,0.0,0.0,0.861442506313324,0.0,0.0,1.0
2025-06-10,2196.386474609375,2217.272486211869,2192.724063924676,2217.272486211869,1809051,-0.003793743070134803,-0.0038427499377358676,0.005564041147146668,36.08070462767927,-29.395140487838944,-25.284990983795403,2242.497724729031,2313.6613905095696,2176.332115349805,36.53549949519204,0.7363816898961559,1198952.85,1.508859168231678,4.18584595869298e-05,-0.01141451168642571,-0.0025357721751751994,0.0,0.0,0.0,0.0,0.0,0.0,0.0
2025-06-11,2186.38916015625,2203.3155154352885,2184.805297383034,2186.5870825870197,1430888,-0.004551710078665949,-0.0032496306573985612,0.005071927899229934,34.42323222319192,-30.170842697984426,-26.262161326633212,2237.1540519125756,2315.64597456554,2169.137399457897,35.24797939212507,-0.20903943559357918,1193005.0,1.1993981584318592,0.0014798446727146697,0.0009256076456001239,0.04336763537268751,0.0,0.0,0.0,0.0,0.0,0.0,0.0
2025-06-12,2196.881591796875,2240.0393173786465,2185.69643634893,2201.4350162837427,3417373,0.004798977159160112,-0.0023832994419044186,0.005660948115982678,37.660028563150284,-29.597756233769815,-26.929280308060534,2233.318579520604,2311.027264632191,2164.926592789684,36.61190093766731,1.3882882517709283,1280122.9,2.669566336169754,-0.010071084662786611,-0.02024822369721957,-0.00587639461719236,0.0,0.0,0.0,0.0,0.0,0.0,0.0
2025-06-13,2191.734375,2194.605096200665,2152.7342294653854,2152.932151905266,1786807,-0.0023429650537810653,-0.001083365690687832,0.003392550490331441,36.702950544677485,-29.222064688808132,-27.387837184210056,2229.3581790900703,2300.2260944153804,2164.0590130064948,37.150148180083185,-0.4771401892623369,1330207.6,1.3432542409169816,-0.006814458847919758,0.0005961305366988245,0.07021341845050699,0.0,1.0,0.0,0.0,0.9523572325706482,0.0,1.0
2025-06-16,2222.023681640625,2227.170872658067,2186.8838745386865,2191.7340611070726,1301826,0.013819789015548478,-3.7803316250473173e-05,0.005724955809804501,45.48305638495402,-26.17846349348838,-27.145962446065724,2228.6596555234564,2292.3141497473553,2165.508530916707,37.37420889003298,-0.2714232706722103,1367650.85,0.9518701355685919,0.00921979376770854,0.013157241607279602,-0.013471641583949756,0.0,0.0,1.0,0.0,0.0,0.8804812431335449,1.0
2025-06-17,2241.821044921875,2257.85662893849,2204.4045211074163,2208.3639365023105,1540986,0.008909609490135084,0.001338443129896527,0.0060819130935672976,50.332493644293805,-21.916268751147072,-26.100023707081995,2229.913121180449,2291.274161298459,2165.577108232791,38.52263024296445,0.18371118720935065,1389908.95,1.108695645135604,-0.0037319707924959866,-0.0064686618297565834,0.04397096058583916,0.0,0.0,0.0,0.0,0.0,0.0,0.0
2025-06-18,2258.25244140625,2260.826158041413,2232.120396840362,2234.1001045094,1131156,0.007329486232451554,0.0023684234773922452,0.0061429778179548115,53.990614768878295,-17.01641766650073,-24.283302498965746,2232.6121040590965,2289.6910451990125,2166.1841989416125,37.82142531139919,-0.2659530975622102,1423000.25,0.7949092067973986,-0.0016637405234334324,-0.0047351166372369136,0.0032701113143176475,0.0,0.0,0.0,0.0,0.0,0.0,0.0
2025-06-19,2244.98828125,2261.8157948219796,2241.028866291887,2246.9679887290563,524926,-0.005873639241142703,0.002025606418285675,0.006525236422521172,50.74168322754074,-14.041693351489812,-22.234980669470563,2233.7907876010872,2288.4535861888335,2166.4138698658544,36.60467554130586,-0.5359384558805329,1403421.35,0.37403307281879383,-0.0007577278241026608,-0.016007556768017683,,0.0,1.0,0.0,0.0,0.9420828223228455,0.0,1.0
2025-06-20,2262.5087890625,2266.666126702171,2240.0391560683156,2243.9985712801026,1945026,0.007804275843589004,0.0027302655251050132,0.006749718873111718,54.62572261418093,-10.15340224384272,-19.818664984344995,2236.5258353593167,2286.9082002768073,2167.1048124185054,35.89198233363082,2.705333704179256,1477770.9,1.316189133241154,0.01287247095983779,0.021052656171304474,0.004041788791692813,0.0,0.0,0.0,0.0,0.0,0.0,0.0
2025-06-23,2241.1279296875,2249.7396088170535,2231.0312282974974,2238.257208868643,596186,-0.009450066880782981,0.001665001341637673,0.007779653841378862,49.49660540113133,-8.696907653876679,-17.594313518251333,2236.964130057239,2279.6577313764387,2170.2152178423116,35.57666650730024,-0.6934817323778706,1444677.1,0.4126776841690091,-0.0055948454872697395,-0.0009865337896854953,-0.07180883814954742,0.0,0.0,0.0,0.0,0.0,0.0,0.0
2025-06-24,2252.21435546875,2286.2652288580507,2245.8791462744125,2281.612964421652,1044179,0.004946806308730345,0.0025390562795241877,0.007586828923057435,52.01267720238161,-6.572282113331767,-15.38990723726742,2238.416532477383,2273.013221355657,2173.7890491521557,36.259568840389555,0.751431600205305,1372614.65,0.7607226106759097,0.0029012296868362597,0.0015799886904295235,-0.060716336925915604,0.0,0.0,0.0,0.0,0.0,0.0,0.0
2025-06-25,2256.767578125,2271.021617818927,2252.313236032559,2253.006327022203,807368,0.0020216648762556577,0.0031963937750163485,0.007177956676578989,53.04728369582897,-4.46957161054479,-13.205840111922896,2240.1642511104897,2272.5918367074432,2173.9882414175568,35.012975519660095,-0.2267915750077334,1374242.65,0.5875003224503329,0.008001820520425307,0.00537344067737866,0.008042909151569022,0.0,0.0,0.0,0.0,0.0,0.0,0.0
2025-06-26,2266.567138671875,2269.3387774722814,2257.0644461171983,2263.7954998714686,921519,0.00434229942057951,0.0031507260011582883,0.00716807373200633,55.2819071244812,-1.9894822372652925,-10.962568536991377,2242.6788118306213,2275.652593614652,2172.558197400973,33.409991507347335,0.14138657960186674,1349586.45,0.6828158359177362,0.012052010814129765,-0.009953931835397167,0.0007388157732319822,0.0,0.0,0.0,0.0,0.0,0.0,0.0
2025-06-27,2334.76806640625,2340.5092666724286,2253.9961428230686,2259.836183469298,1555059,0.03008996582132495,0.00639401908866889,0.010815544520188968,67.0392478554041,5.416809737559106,-7.686692882081281,2251.4492170283,2300.4179503822957,2159.6960632895793,37.20307238891967,0.6874953202267127,1246817.85,1.2472222786993303,0.003475704773181043,-0.01545240530391312,0.0005904810888912593,0.0,1.0,0.0,0.0,0.7505179047584534,0.0,1.0
2025-06-30,2317.346923828125,2345.854521118067,2302.49911621314,2338.0347724395892,785414,-0.007461615921850462,0.004265878594928996,0.011275986147268552,62.51757642875383,9.768009344223174,-4.19575243682039,2257.725189104474,2314.6177307175763,2154.911981196486,37.642524711491625,-0.49492977436868957,1250949.1,0.6278544826484147,-0.004709842354665206,-0.007445066978399639,-0.0023608682402260772,0.0,0.0,0.0,0.0,0.0,0.0,0.0
2025-07-01,2345.458740234375,2375.6492832084828,2326.3545122491983,2356.3471327824136,1232160,0.012131034899086623,0.00458802113582415,0.01146777834357217,66.44999236078507,15.308290580207995,-0.2949438334147132,2266.08076540256,2333.884153454843,2148.95132017797,39.1182271878392,0.5688032044246729,1272927.75,0.9679732412149865,0.0009699396772837598,-0.002382013699270047,-0.007395355649848168,0.0,0.0,0.0,0.0,0.0,0.0,0.0
2025-07-02,2394.85205078125,2405.344597129607,2303.389661531109,2316.2577601988805,1936030,0.02105912574780122,0.005960985087359117,0.012598592590604219,72.00704424280774,23.41472041749421,4.446989016767071,2278.3446973433875,2363.3315550023676,2138.4061647241947,43.60656350288624,0.5712488637839241,1331325.3,1.4542125805015498,-0.0034610085397696055,-0.01437718374167829,0.029801817639851125,0.0,0.0,0.0,0.0,0.0,0.0,0.0
2025-07-03,2406.235595703125,2439.3956992426974,2400.395554730226,2404.255888029121,1547480,0.0047533395301648795,0.007023682964489875,0.011919300988036683,73.11238988600472,30.407166518338272,9.639024517081312,2290.524782901458,2389.779930238444,2132.5378187849933,43.673498142783465,-0.20069420411873784,1358868.6,1.138800322562461,-0.00188971251922454,-0.007112997748296324,-0.004485567296425685,0.0,0.0,0.0,0.0,0.0,0.0,0.0
2025-07-04,2399.603515625,2418.2128152580945,2387.527347688303,2406.2354877025405,602309,-0.0027562056225782783,0.005967634817873146,0.012304074045451363,71.34485130459947,35.010003468398736,14.713220307344798,2300.9132336370335,2409.9193552543707,2132.1484914253165,42.745781673284036,-0.6107807532245975,1347879.7,0.44685664455069696,0.0021924250859925998,0.009136674007065748,-0.00741282141872579,0.0,0.0,0.0,0.0,0.0,0.0,0.0
2025-07-07,2418.014892578125,2440.088680482908,2396.4360315695767,2398.7127436249625,869054,0.0076726746036333004,0.007679908966314775,0.011047347346015373,73.27635194837987,39.685954186576964,19.707767083191232,2312.065772583804,2430.9497224876577,2132.4445402076544,42.81055790471597,0.44287068597679924,1339239.85,0.648915875673801,1.1813410706551508e-05,0.0008230750377298257,0.018890040975735767,0.0,1.0,0.0,0.0,0.7978326678276062,0.0,1.0
2025-07-08,2459.390869140625,2462.7562754239448,2412.570735668228,2415.7382195225628,1136367,0.017111547447246744,0.008896383080166414,0.011377769807113672,77.02440425260048,46.19783445581561,25.005780557716108,2326.0967341606442,2457.463629798462,2132.2310723499754,43.33734232264461,0.30759078262110284,1305605.65,0.8703753694693341,0.0024036171315751087,0.009868903198085421,0.008192004596496272,0.0,0.0,1.0,0.0,0.0,0.8381272554397583,1.0
2025-07-09,2473.545654296875,2509.2794744445164,2467.6065312804385,2494.926593821461,2328636,0.005755402825089018,0.00926975687504975,0.011186761713568985,78.15325456046119,51.9024205543692,30.385108557046728,2340.139488459333,2481.4069367023885,2137.0034148601117,43.80528967844795,1.0491936143869016,1350493.05,1.7242858080609893,-0.00181801902732881,-0.014862295463721198,0.0005702197385211161,0.0,0.0,0.0,0.0,0.0,0.0,0.0
2025-07-10,2426.32958984375,2486.512749306158,2420.2916266528655,2481.8604847719294,932859,-0.019088414386491892,0.00692668549434261,0.014342241201383563,66.42869627416418,52.01382138114195,34.71085112186577,2348.3480695435633,2491.9880855665,2149.367065800687,45.40642060522258,-0.5993968142723896,1226267.35,0.7607305209585821,-0.004743646446198069,0.007181619433770381,-0.022082960504976934,0.0,0.0,0.0,0.0,0.0,0.0,0.0
2025-07-11,2414.451416015625,2459.5888473703967,2410.7890051739755,2422.6672511448596,1050411,-0.004895531867494474,0.0034281357254606682,0.012166108238776788,63.83423234683872,50.56080449980436,37.88084179745349,2354.6436263504265,2496.9942341810424,2166.632621287708,45.64880786173676,0.1260126128385961,1189447.55,0.8831082967887066,-0.008100901810276007,-0.01210627643909623,0.02505829306523144,0.0,0.0,0.0,0.0,0.0,0.0,0.0
2025-07-14,2377.233154296875,2423.7562862541863,2366.740606594277,2406.4338435041236,891618,-0.015414790072756257,0.0026328183103700884,0.013175193740461324,56.40111952735925,45.87723131321718,39.48011970060623,2356.795009964374,2497.832018558962,2181.315784175413,46.460727275891955,-0.1511722554314454,1168937.15,0.7627595718041813,-0.002685854157148504,0.013864342348585135,-0.01634453547332282,0.0,0.0,0.0,0.0,0.0,0.0,0.0
2025-07-15,2369.215087890625,2390.4969447486355,2362.088188810415,2385.448593665743,610228,-0.003372856546173142,0.001082429165844112,0.012841281166655564,54.917488194941775,41.04532985754986,39.79316173199496,2357.977874528779,2498.088058013007,2193.799149018243,45.17130075177257,-0.31559479508040433,1122399.25,0.5436817603005347,0.004525103218794291,0.007887336447663262,-0.007224389634649997,0.0,1.0,0.0,0.0,0.9558290243148804,0.0,1.0
2025-07-16,2386.042724609375,2397.8218888536676,2346.9434972200074,2356.842035799594,1200909,0.0071026209501865445,-0.0003132213139173556,0.011064369330754303,57.44738434993116,38.13427461078709,39.461384307753384,2360.650717393598,2499.8738625213127,2204.7923728302494,45.57895010047883,0.9679677104295443,1125886.9,1.0666337800004602,0.0006449487413033861,0.004979890561630729,-0.002765280802473291,0.0,0.0,0.0,0.0,0.0,0.0,0.0
2025-07-17,2374.560302734375,2389.507192526197,2369.7101155375785,2379.707736082246,526163,-0.004812328696620405,-0.0012697881365958841,0.01099092628680505,55.172233433429,34.50297801875604,38.469703049953914,2361.975439807005,2498.0762478725624,2219.547189627438,43.73738773534593,-0.5618627223211751,1125948.75,0.4673063494230976,-0.003990217351728331,0.012388127928851134,0.014594279757618622,0.0,0.0,1.0,0.0,0.0,0.676743745803833,1.0
2025-07-18,2358.2275390625,2380.5983310634733,2348.230160923921,2376.2430711148772,599552,-0.006878226530220077,-0.001681990227360064,0.01112929160376137,52.01655735196162,29.96185021905194,36.76813248377352,2361.618496878957,2495.689312612602,2231.505999887398,42.92530076421781,0.13947959092524553,1058675.05,0.5663229713404505,-0.0056965580472427835,-0.0011986327051628498,-0.00345221339698476,0.0,0.0,0.0,0.0,0.0,0.0,0.0
2025-07-21,2351.298583984375,2383.567914037501,2336.8468637229585,2358.22756047867,390931,-0.0029382046318056076,-0.0027430781509039546,0.010633069114422572,50.69190113144069,25.509803814544284,34.51646674992767,2360.635648031854,2488.928209481917,2249.2841684477703,43.19642573209814,-0.3479614779035013,1048412.3,0.3728790667564659,0.004898144302865282,0.00635061049194241,-0.0010103882225404037,0.0,0.0,0.0,0.0,0.0,0.0,0.0
2025-07-22,2341.2021484375,2356.643964310425,2337.341815301031,2351.298608817401,411317,-0.00429398274453352,-0.004883631170081981,0.00802730689767719,48.743996343712226,20.9256095928622,31.798295318514583,2358.7848385466777,2481.7272721183476,2265.383885108215,41.489691680476405,0.05214730988332983,1016769.2,0.4045333001825783,-0.0011876443882732346,-0.01013665809394415,-0.008958282831723507,0.0,0.0,0.0,0.0,0.0,0.0,0.0
2025-07-23,2351.298583984375,2360.5042725166427,2328.7301110194885,2339.0244937170323,368999,0.004312500547470233,-0.00502792139784386,0.007825247612577522,50.78079645938902,17.90094960989518,29.018826176790704,2358.0718619216964,2473.0605099614154,2283.5037478510844,40.79572523881053,-0.10288415018100394,994850.75,0.37090890266705834,0.006344544590244583,-0.025952488231253734,-0.0011662663060381107,0.0,0.0,0.0,0.0,0.0,0.0,0.0
2025-07-24,2328.2353515625,2355.8521774818505,2317.2478770945427,2351.298753078445,506960,-0.009808721265333054,-0.0040999520857279755,0.006391468407444311,46.25875641182326,13.487400317677839,25.912541004968134,2355.230289506535,2464.7310000635894,2298.000079037973,40.63919489227463,0.373879062002878,974122.8,0.5204271987063643,-0.006256994627491075,-0.010410262310879603,0.009779567188058724,0.0,0.0,0.0,0.0,0.0,0.0,0.0
2025-07-25,2312.496337890625,2326.651295187884,2302.2019553090836,2316.25783056356,383636,-0.006760061289041275,-0.004286405027882656,0.0064442343086086856,43.41730779626015,8.620254906159971,22.454083785206503,2351.160389352639,2466.6184292275493,2293.8854770224507,39.59592356092761,-0.24326179580243013,915551.65,0.4190216903655845,-0.008981674037030651,-0.00989480287633826,-0.01069670223337893,1.0,0.0,0.0,0.9415977597236633,0.0,0.0,1.0
2025-07-28,2335.6591796875,2342.3899923596205,2296.46087159317,2312.496455208657,650364,0.010016379882358262,-0.0017432880323712042,0.006581182470340907,48.43706271621106,6.556475882001905,19.274562204565584,2349.684083670245,2465.203923249942,2297.1312085859954,40.04829478989353,0.6952632182589746,908799.15,0.7156300707367519,-0.006284962329387578,-0.04071107949273911,0.023378118308673423,0.0,0.0,0.0,0.0,0.0,0.0,0.0
2025-07-29,2377.1337890625,2393.7633804542284,2301.409976918723,2335.065004538179,1742815,0.01775713243425736,0.0003697108656718462,0.008961466433657457,55.96938368535512,8.173353167837377,17.054320397219943,2352.29834132665,2465.215289226949,2300.287347491801,43.78437398600868,1.6797531843705986,934331.9,1.8653061080329163,0.005680474234370125,0.01601050026873141,0.03526557950337694,0.0,0.0,0.0,0.0,0.0,0.0,0.0
2025-07-30,2391.288818359375,2419.004724295606,2342.4889785032356,2384.5577642993003,1685818,0.005954662443487191,0.00025491501500191083,0.008872546614393033,58.212984920572396,10.476169866544296,15.738690291084815,2356.0117200916716,2464.9471317620473,2300.1991817145154,46.12232911503453,-0.03270398751445225,921821.3,1.8287904607975536,0.001367835124523431,-0.009552051360968705,0.010067517666977333,0.0,0.0,0.0,0.0,0.0,0.0,0.0
2025-07-31,2371.788818359375,2392.674588818769,2349.418025516724,2377.0348502382585,1274735,-0.008154598411654335,-7.931195650148214e-05,0.009143453221820199,54.121602495156324,10.605428877023314,14.712038008272515,2357.514300879072,2462.611958664404,2299.089677077783,45.91763155696385,-0.24384779377133237,908184.05,1.4036086628035362,-0.0034882717656889994,-0.0057756755703343154,-0.009694143981179404,0.0,0.0,0.0,0.0,0.0,0.0,0.0
2025-08-01,2406.33447265625,2446.9184765142945,2353.872223766583,2353.872223766583,2225293,0.014565231958876934,0.002065033892408219,0.009858329063328973,59.54604035217217,13.341619283537057,14.437954263325425,2362.163841048327,2463.3091148737176,2299.0656165715945,49.28396164201725,0.7456906729634003,989333.25,2.249285566819876,-0.008195943742782208,-0.017756290464600366,-0.03943196826811379,0.0,0.0,1.0,0.0,0.0,0.905787467956543,1.0
2025-08-04,2424.94384765625,2441.969284403293,2414.8473873951507,2418.4107160183803,1165898,0.0077334947454157366,0.0031322038301303534,0.009834126539985439,62.14272324335994,16.817825507630914,14.913928512186523,2368.1428892967006,2464.329792695532,2298.737834257593,48.3090223638048,-0.47606989281860856,1004175.45,1.161050093387565,0.006407415043054421,0.017742524070456067,-0.013061519400476507,0.0,0.0,0.0,0.0,0.0,0.0,0.0
2025-08-05,2412.07568359375,2438.70265299389,2384.65678285524,2436.920867898437,659094,-0.005306582284343331,0.003030943876149372,0.009923892221980287,59.30781324216732,18.323172561321826,15.595777322013584,2372.326964944039,2455.3717539106524,2302.964354487785,48.71879720486515,-0.43468982706892023,980311.8,0.6723309869370133,-0.0029608040671041946,-0.004605024136006719,-0.016288579287170868,0.0,0.0,0.0,0.0,0.0,0.0,0.0
2025-08-06,2465.923828125,2480.1778683627604,2415.243360050098,2415.243360050098,2019109,0.022324400887380857,0.004832133910140435,0.011664309152559126,66.24688914397377,23.58934292142021,17.19449044189491,2381.2409519136545,2453.1530136747165,2304.4209121065337,50.10332488801838,2.06346135756053,964835.45,2.0926977755636984,-0.003056914228121266,-0.015090545288645174,-0.011088113642336639,0.0,0.0,0.0,0.0,0.0,0.0,0.0
2025-08-07,2481.068603515625,2484.5330918907716,2441.8702955199838,2458.8959745801,1502806,0.006141623361553883,0.006427168372829128,0.01046912786901883,67.90460507000427,28.654565680049018,19.486505489525733,2390.7483473043185,2466.0259398180424,2297.0218873303947,49.57185856535905,-0.25570833471595644,993332.8,1.5128927586001388,0.0008932609229541644,-0.0012861649417458265,-0.00687694855239962,0.0,0.0,0.0,0.0,0.0,0.0,0.0
2025-08-08,2450.482177734375,2486.215755117334,2443.454119049418,2481.0685636610756,1178226,-0.012327924241155475,0.005870382077617709,0.011358668290779675,61.351160060718684,29.85655449494334,21.560515290609256,2396.4372835357526,2471.992326180476,2294.658577139837,49.08541410125599,-0.21598263515051175,999723.55,1.1785518106480537,-0.009466912735407229,-0.02110859528100506,0.0024084906214034696,0.0,0.0,0.0,0.0,0.0,0.0,0.0
2025-08-11,2463.84521484375,2478.791862374858,2427.121541831701,2438.9007055038905,721135,0.005453227626299295,0.005414066852011812,0.011264874572699255,63.029895422958134,31.524035250438374,23.553219282575082,2402.8570865174665,2482.9244197520698,2292.38768962293,49.27005027567748,-0.3879484920550047,991199.4,0.7275377688888834,0.009101804471857822,0.018589486410976575,0.0006007045761704521,0.0,0.0,1.0,0.0,0.0,0.75430828332901,1.0
2025-08-12,2453.15478515625,2477.406203891745,2448.898365372008,2463.8452548090927,608984,-0.004338920977297711,0.0032044615108563048,0.010729101330505168,60.75630717642562,31.618419966989222,25.16625941945791,2407.647343530684,2490.8257910616317,2292.880288039931,47.78703515025317,-0.15552011759240636,991137.2,0.614429566360742,-0.003971941790719136,-0.007300089647096941,-0.0076541276881079146,1.0,0.0,1.0,0.9580217599868774,0.0,0.8753722310066223,2.0
2025-08-13,2474.832275390625,2478.9896127709208,2436.2279794842134,2454.639355735753,350844,0.008836576625960602,0.0034926529291036458,0.010849214568635622,63.62183444236868,33.06130271270422,26.745268078107173,2414.045908469726,2501.587951285816,2290.9970828938717,47.42807787428561,-0.4238863418414933,948633.95,0.36984128598813065,0.005388453516712133,0.0024323603569662566,-0.007410851070924873,0.0,0.0,0.0,0.0,0.0,0.0,0.0
2025-08-14,2503.043212890625,2509.1802580128915,2472.357745615771,2479.583726564812,1088550,0.011399131076689661,0.005448025877938046,0.010263030795691417,66.99901854675691,36.06544457658083,28.609303377801908,2422.5218422240973,2517.2013090054947,2288.2320161898174,46.67053748305954,2.1026610117317097,976753.3,1.1144574581933842,0.00048543816407109475,-0.007561663900837123,0.018436677359599418,0.0,0.0,0.0,0.0,0.0,0.0,0.0
2025-08-18,2561.147705078125,2568.6706908574174,2510.863323805654,2524.127268472607,1755615,0.023213539378091008,0.006312856619859452,0.01141625990078225,72.63410380416198,42.64323094555493,31.416088891352516,2435.7243053530524,2544.4650680919303,2281.2602737049447,48.02460466046903,0.6128014330990768,1034556.45,1.6969736160844584,0.009973019276634965,0.02172063132015989,0.011389521904009658,0.0,0.0,0.0,0.0,0.0,0.0,0.0
2025-08-19,2553.228759765625,2568.670575497609,2535.2134691873252,2561.1475900561763,698587,-0.0030919518217550346,0.005230311963142375,0.011774228405489348,70.8582533321794,46.67909379152525,34.46868987138706,2446.915205773297,2564.7122516451304,2281.20610772987,46.984069064027246,-0.6020841699347522,1049939.25,0.665359448177597,0.004168564680625764,0.006511186495025134,-0.012162125783058308,0.0,0.0,0.0,0.0,0.0,0.0,0.0
2025-08-20,2544.023193359375,2553.1297994329543,2537.3909799718176,2551.8429412384953,308028,-0.0036054608781295183,0.005400424103763757,0.01161630774585493,68.75384196478794,48.57479193426252,37.28991028396216,2456.1635855434,2578.966699280613,2287.233764586575,44.7593341161544,-0.5590699512014967,1044774.8,0.2948271723246005,0.0027981813736617234,0.010560641293688944,0.015959802519404764,0.0,0.0,1.0,0.0,0.0,0.6708561778068542,1.0
2025-08-21,2540.558837890625,2549.863366865174,2533.3328568800803,2548.7744310291314,781082,-0.0013617625333735006,0.003031807761688321,0.010097580540798871,67.93613509182504,49.23010779862352,39.67794978689443,2464.2012286240883,2590.5159409092257,2294.610548348587,42.74298953536436,1.535749996753542,1065378.95,0.7331494582279855,0.0013252889742787488,0.0038299503129666235,0.012417742018698608,0.0,0.0,0.0,0.0,0.0,0.0,0.0
2025-08-22,2479.0888671875,2543.231442409305,2475.7234608988533,2536.797392644195,523774,-0.024195452506883153,-1.8998251553825619e-06,0.013154083127995365,55.35587456457497,44.27891763286107,40.59814335608776,2465.6190989634606,2589.0846356830707,2311.1272051372416,44.51191753358489,-0.3294250795691105,1066219.65,0.4912439946121796,-0.008517482060098724,-0.008393689842262075,0.0008867325197567943,0.0,0.0,0.0,0.0,0.0,0.0,0.0
2025-08-25,2467.6064453125,2496.9062145049056,2450.878012731079,2490.4721647945858,766497,-0.00463171047515798,0.0007677215514443669,0.01256472232775279,53.36784145563829,38.97920031486592,40.2743547478434,2465.8083700443217,2581.750352158054,2333.9724994044464,44.62022355074503,0.4634117004662317,1085362.7,0.7062127710856473,0.003926417350905487,0.007475389007271183,0.015798016267404735,0.0,0.0,0.0,0.0,0.0,0.0,0.0
2025-08-26,2456.22314453125,2497.6981641187676,2442.9592001585233,2455.9263817194274,7106393,-0.004613094119150896,-0.00023891062310065213,0.012550858099556795,51.39715132817932,33.47472314796278,38.91442842786727,2464.895491424029,2574.4200197778537,2353.3592282690215,45.34299072285212,8.271260031024257,1408164.15,5.046565771469186,-0.010241179872034878,-0.022368923265799423,-0.022965141874573214,0.0,0.0,0.0,0.0,0.0,0.0,0.0
2025-08-28,2463.74609375,2502.350391723584,2439.989602689333,2439.989602689333,1485769,0.003062811795214948,0.0005012626541506138,0.012500351428555075,52.64177685858608,29.380741565725202,37.007691055438855,2464.7860249788832,2571.3543297062615,2365.0861488093633,46.55854774509489,-0.7909250163901715,1395311.85,1.0648293426304665,-0.008544430103923584,-0.015012011857558072,0.00837618911479976,0.0,0.0,0.0,0.0,0.0,0.0,0.0
2025-08-29,2493.0458984375,2505.913997946369,2464.7359828525773,2465.725836660952,1798653,0.011892379966355948,0.0008068429881901484,0.012761379992177206,57.23508778234348,28.175689229177806,35.241290690186645,2467.477441498752,2570.635733455136,2375.9804530683014,46.244930348757315,0.21058724471973767,1400953.6,1.2838776387740465,-0.0030223697933294824,-0.013314447592068013,-0.007286505100364549,0.0,0.0,0.0,0.0,0.0,0.0,0.0
2025-09-01,2544.122314453125,2551.6453003711945,2489.581512369503,2492.451991866285,1314833,0.02048755542272085,0.0017156854227932672,0.013874634341585111,63.822429804092735,30.984941362996324,34.39002082474858,2474.7769532086922,2572.0212683098102,2391.828267823002,47.374848752538334,-0.2689901832093239,1402958.5,0.9371859538254339,0.008114070174605414,0.01039332505652446,,0.0,0.0,2.0,0.0,0.0,0.9227766394615173,2.0
2025-09-02,2514.228515625,2545.804753466854,2505.3198319082185,2542.9342742679623,1024054,-0.011750142144620446,-0.0017806827294778783,0.012153985116203577,58.174365190608675,30.448127129835484,33.60164208576597,2478.534244867388,2571.38430222119,2403.254638208498,46.88271109583099,-0.22115280039366214,1342896.55,0.7625710260406879,-0.0018457290617897026,0.007217591167537174,0.014973526158843065,0.0,0.0,0.0,0.0,0.0,0.0,0.0
2025-09-03,2527.987548828125,2539.074104831537,2501.6575824788406,2504.330139433277,925847,0.005472467246957713,-0.0009242408226066035,0.01235146423345983,59.93194896558711,30.778145668436537,33.03694280230008,2483.2440833398396,2573.1769884457126,2411.7663221011626,46.206554757035676,-0.09590021619953637,1330894.0,0.6956579562309245,0.0055107151470170646,0.003949669811626144,-0.022273661109663112,0.0,0.0,0.0,0.0,0.0,0.0,0.0
2025-09-04,2542.53857421875,2556.792372311873,2527.0967582315957,2527.9875299885935,933071,0.00575597193798294,1.1902459004642374e-05,0.012479764409713136,61.761983209305086,31.846724660969358,32.798899174033934,2488.8911777092594,2573.5050807477664,2424.484518861608,45.02720185155293,0.00780258509235332,1344592.85,0.6939431516388027,0.0007788776228048189,-0.007755886275175428,-0.009023677871606517,0.0,0.0,0.0,0.0,0.0,0.0,0.0
2025-09-05,2553.723876953125,2575.5997439262933,2538.9751511033596,2538.9751511033596,1153436,0.0043992656975959665,0.0005880052821015891,0.012542123396094455,63.15506810650144,33.213279649189644,32.88177526906507,2495.0657204943896,2579.9028394922916,2426.866764999896,44.42701549236584,0.23617173827072113,1301309.2,0.8863658229727417,0.00027084730671167456,-0.011611441517983545,-0.022242094510878774,0.0,0.0,0.0,0.0,0.0,0.0,0.0
2025-09-08,2505.1220703125,2563.3255226646506,2500.7665685510233,2553.7237473782398,742880,-0.01903173913172329,0.0011043766196175754,0.011468759163964044,53.95658829908703,30.028376279463373,32.31109547114473,2496.0234680961144,2580.417716296833,2428.7572348750423,45.72215396531309,-0.3559417254186622,1263312.9,0.588041173330851,0.0012994782193525012,0.004641819820021542,0.007938880046815422,0.0,0.0,1.0,0.0,0.0,0.8902932405471802,1.0
2025-09-09,2511.55615234375,2525.711110339231,2499.1829795616045,2514.2287093319874,702450,0.0025683706624513025,0.0018243847333785034,0.011293303804609515,54.893219341094046,27.70413800334518,31.389703977584823,2497.502771357794,2579.315165014261,2435.9671836185516,44.351152309049745,-0.05442332543614048,1239524.1,0.5667094330800022,0.003852930178235292,-0.0029661463945529487,0.005604404201691171,0.0,0.0,0.0,0.0,0.0,0.0,0.0
2025-09-10,2517.4951171875,2529.0763578516126,2499.4798270807123,2511.5559946250305,520584,0.00236465541023545,0.002522159686317138,0.011064609532633983,55.787260111803484,26.041200503855634,30.32000328283899,2499.406804293956,2579.2016822325736,2441.445656634614,43.297250770610496,-0.25890241298313044,1229496.55,0.42341233084387264,0.0042020862308871365,0.011270639565600371,0.01656873752423338,0.0,0.0,0.0,0.0,0.0,0.0,0.0
2025-09-11,2529.96728515625,2533.5308555782876,2509.9722862990047,2515.21855988452,423961,0.004954197481297884,0.0027112982549254315,0.011091012508327535,57.684117894682515,25.43649420399788,29.34330146707077,2502.3173262808414,2578.26341383006,2450.065175037127,41.88734494980138,-0.1856050128317428,1220245.4,0.34743912986682846,0.0012974116602184615,0.0,-0.016594979295276313,0.0,0.0,0.0,0.0,0.0,0.0,0.0
2025-09-12,2520.46484375,2542.241627907083,2511.4570772741577,2534.0257928242045,547539,-0.003755954261544181,0.0011464648321354188,0.010750406108338995,55.722580924784424,23.914817370231958,28.257604647703012,2504.0456612779044,2577.9797479755553,2454.9120977275697,41.09428821288167,0.2914843582310638,1230080.15,0.4451246530561444,0.004339045410009845,0.0006222989370503473,0.009341496030289553,0.0,0.0,0.0,0.0,0.0,0.0,0.0
2025-09-15,2477.208251953125,2517.693176286382,2472.654827742631,2509.378500912947,583051,-0.017162148444219927,-0.0026185055545586587,0.009772515871855323,47.760746691353525,18.999418597926706,26.40596743774775,2501.4897175326873,2578.807372830954,2451.500976778421,41.57398305534506,0.06485748047171058,1204805.2,0.48393798433140894,-0.0017838966811339896,0.024085542394019166,0.006717489057871617,0.0,0.0,0.0,0.0,0.0,0.0,0.0
2025-09-16,2455.72802734375,2484.433785575144,2449.3930601236043,2469.6850616320035,760790,-0.008671142037589785,-0.002310605543855593,0.009497474492421849,44.370382998367866,13.218282911777806,23.768430532553765,2497.131461324217,2574.874028498678,2444.89235333726,41.1073217979304,0.30484297257015247,1155063.95,0.6586561722405068,0.006777256391098607,0.010710485187863439,0.015272816459218852,0.0,1.0,0.0,0.0,0.7622082829475403,0.0,1.0
2025-09-17,2468.29931640625,2471.5656403296753,2455.629140541995,2456.816916665378,359627,0.005119169925383638,-0.002345935276013,0.009465909917900715,46.75269422019982,9.541105271925971,20.922965480428207,2494.3855427606013,2569.8376137755736,2441.4358237244264,39.309405940055385,-0.5272979402988998,1138115.95,0.31598450052474886,0.003611475529465391,0.004096793685496758,-0.0075946292272549565,0.0,0.0,1.0,0.0,0.0,0.44117215275764465,1.0
2025-09-18,2453.550537109375,2480.7715162918726,2444.246008163312,2472.555681514996,400796,-0.0059752799017700475,-0.0035190604599882993,0.009068872710172728,44.35289270080916,5.3748542965431625,17.813343243651197,2490.4964946033415,2566.5943174759204,2435.631854399079,39.11055609637718,0.11447694416715093,1142754.35,0.350728045795669,0.0036853015416349333,-0.000707173752770407,-0.007505438259613251,0.0,0.0,0.0,0.0,0.0,0.0,0.0
2025-09-19,2456.52001953125,2484.038002298662,2443.4539982762494,2449.8880476944364,3731525,0.0012102797056601222,-0.0038379590591818835,0.008811922959507737,44.965403615453646,2.2863274372721207,14.707940082375384,2487.2606398345706,2562.513593897213,2431.30869614185,39.21580237680827,8.310285032784758,1290276.5,2.8920351568055374,-0.0037976065391384095,0.005498380669442859,-0.011269307661884831,1.0,1.0,0.0,0.6708512902259827,0.5737547278404236,0.0,2.0
2025-09-22,2457.510009765625,2477.6040904741294,2448.9974119838466,2468.794488216161,872806,0.0004030051562795567,-0.0018944846303815988,0.007057019926827471,45.182038779901276,-0.0805399971609404,11.750244066468118,2484.4272464946707,2563.2561445005977,2428.408259796277,38.45800781348502,-0.7660993829600499,1307728.1,0.6674216146307478,-0.004923635718664832,-0.00211154543262726,-0.001649679211879418,0.0,0.0,0.0,0.0,0.0,0.0,0.0
2025-09-23,2422.072998046875,2458.598745723832,2403.364859193842,2447.017505402264,1332111,-0.014419884996574095,-0.0035933101962841384,0.007862161606664376,39.22932658655537,-4.7608896057231505,8.448017332029865,2478.4887466425,2567.406734394529,2419.704325175783,39.65628486466393,0.5262395079777178,1336008.8,0.997082504246978,-0.0013034343973540308,-0.008898065558732848,0.015923051877017924,0.0,0.0,0.0,0.0,0.0,0.0,0.0
2025-09-24,2432.268798828125,2449.8882454513505,2418.4108451164807,2421.182484191517,637749,0.004209534885807109,-0.0034088222487269728,0.008037197862594714,41.61282810786358,-7.5602347967678725,5.2463669062703175,2474.0868468506546,2569.3041158290453,2415.4115091709546,39.072078826821496,-0.5212493553465138,1012576.6,0.6298279063529614,-0.00447365300760838,-0.024908305258786845,0.024841052393963725,0.0,0.0,0.0,0.0,0.0,0.0,0.0
2025-09-25,2379.6083984375,2437.7127648253804,2363.770738547733,2433.5554274370193,1518215,-0.021650732195387712,-0.006069315216395532,0.009270106654843882,34.16048401357382,-13.868127102431572,1.4234681045299395,2465.0888993827352,2578.863121306144,2397.4387341626057,41.56278935902336,1.3805838974267304,1014198.9,1.4969598172508372,-0.006626948212322681,-0.0165056721029031,0.0015870814345155804,0.0,0.0,0.0,0.0,0.0,0.0,0.0
2025-09-26,2319.029541015625,2375.64913028812,2315.26804822663,2373.174495777403,1089446,-0.025457490174287667,-0.00823946880766988,0.011039665452473446,27.95767600748121,-23.48466808095054,-3.5581591325661566,2451.1784843001533,2596.246949193788,2362.6532705327745,43.189757991298116,-0.2824165220340993,978738.55,1.1131123832815208,-0.009487437927231501,-0.009989724575990677,0.010227587196772303,0.0,0.0,0.0,0.0,0.0,0.0,0.0
2025-09-29,2318.83154296875,2339.7173125599843,2305.5673574257466,2319.1283057695373,950369,-8.537970016042618e-05,-0.006531791933263931,0.010824772381110702,27.939818846203664,-30.767158229330562,-8.999958951919037,2438.5740136971626,2600.3109222153116,2336.060220362813,42.544057787222364,-0.1276584612729773,960515.35,0.9894365561154228,-0.0008030448049409777,0.008764314561454212,-0.030799887598877196,1.0,0.0,0.0,0.382746160030365,0.0,0.0,1.0
2025-09-30,2326.156494140625,2364.562870972334,2316.257955867686,2328.136201795213,778874,0.0031588975033938205,-0.0053487879791655705,0.011204755603762686,29.72804282394071,-35.53786342897365,-14.307539847329961,2427.8675832632066,2602.705070206594,2314.858870223093,42.95554759560991,-0.18045096167909513,948256.35,0.8213749372730275,-0.0009661407544825362,-0.00817379184231204,-0.013976821547376339,0.0,0.0,0.0,0.0,0.0,0.0,0.0
2025-10-01,2312.1005859375,2333.0854384512804,2297.648623594792,2329.52186805722,648279,-0.006042546251093017,-0.006464959596813235,0.010584914319227532,28.27789427526828,-39.99187455681795,-19.44440678922756,2416.842154946473,2601.587720313243,2294.387523827382,42.41849525710124,-0.16767153608927765,934377.95,0.6938081105188751,0.009150390492475902,0.011007433260559196,-0.024917908871875283,0.0,0.0,0.0,0.0,0.0,0.0,0.0
2025-10-03,2333.877197265625,2338.727383927802,2312.397419433324,2318.435382251186,659872,0.00941853977312812,-0.0049255776293234185,0.011722307783411913,33.67590310354696,-41.28857098058552,-23.813239627499154,2408.94073040544,2592.3894839627974,2282.7196224825148,41.290516880901286,0.01788273258890083,920718.0,0.7166928418907852,0.0023332467769816567,-0.0011971142893445474,0.006551211432643367,1.0,0.0,0.0,0.6604372262954712,0.0,0.0,1.0
2025-10-06,2330.90771484375,2335.2629747830006,2310.4177900590857,2331.1056372658036,362107,-0.001272338761162728,-0.005173839476005704,0.01160360847834626,33.30777302997336,-42.07085799034667,-27.464763300068658,2401.5090146376597,2578.2459967252607,2274.581493509114,40.115850298259396,-0.4512466054022598,881151.55,0.41094746981946517,0.007367178791287232,0.006848533463303941,0.014566906232575727,0.0,0.0,4.0,0.0,0.0,0.8625434339046478,4.0
2025-10-07,2328.927978515625,2347.339113482409,2322.1969246043586,2331.1056084583392,498524,-0.0008493413598134048,-0.005299074127615,0.01154333293961597,33.0483887725193,-42.3622486254194,-30.444260365138806,2394.5965350069896,2570.588627644821,2264.6194534098668,39.04630305395876,0.37673118719052656,868933.75,0.5737192277316884,0.0012222193924698033,0.010883161644706929,-0.0003055486801275542,0.0,0.0,0.0,0.0,0.0,0.0,0.0
2025-10-08,2304.87451171875,2345.3594343916707,2296.4607546435473,2336.0549055856777,701799,-0.010328128228424549,-0.004889898450800045,0.011252973755560426,29.99232021612201,-44.02658053555024,-33.160724399221095,2386.0515804081097,2561.391015979877,2253.1489010123105,39.75004424639909,0.40775368888960206,868901.2,0.8076856148892417,-0.0024752925801897474,-0.018279676539002088,0.012223118243847253,0.0,0.0,1.0,0.0,0.0,0.8018776178359985,1.0
2025-10-09,2312.6943359375,2317.2477601110313,2300.2223229785895,2304.8745875346162,587567,0.003392733174405471,-0.004971578621940209,0.011182329056635678,32.18777643625285,-44.20501322791188,-35.369582164959255,2379.065176172813,2547.671412106342,2246.388426760846,38.12685802397357,-0.16277025188123662,872250.35,0.6736219710315966,0.005416017571936882,0.00742517685483346,-0.015547151385613245,0.0,0.0,0.0,0.0,0.0,0.0,0.0
2025-10-10,2316.455810546875,2333.8773340631014,2312.8924818709593,2315.168952276326,1117236,0.0016264469328801656,-0.0026438607091134212,0.00964110078233565,33.27178922069395,-43.54098943425106,-37.00386361881762,2373.102379446533,2527.7790839220693,2244.929607484181,36.916582316946986,0.9014614503537468,906914.1,1.231909394726579,0.0041120501676790155,0.016725251833165533,-0.038178497881971585,0.0,0.0,0.0,0.0,0.0,0.0,0.0
2025-10-13,2318.732666015625,2342.588240696399,2313.2884697880536,2316.4559538059325,667732,0.0009829047713250105,1.787854478463302e-07,0.00536800923832016,33.9599592639418,-42.342919764397266,-38.07167484793355,2367.924311500732,2506.3116180274733,2246.2238556053394,36.37252435918975,-0.40233576433269247,912923.75,0.731421435798992,-0.0022938183927065925,0.0001672485081392061,0.009405390672618141,0.0,0.0,0.0,0.0,0.0,0.0,0.0
2025-10-14,2294.580322265625,2331.105832918551,2284.5827016458666,2318.6335776566284,353345,-0.010416182988227773,-0.0010329015433588884,0.00629956287136189,30.380704399413162,-42.84840348728176,-39.02702057580319,2360.939169668817,2493.1309856682665,2241.1416949957957,37.09756771015366,-0.47082811666956204,901438.45,0.39197906412800565,-0.003244479132464395,-0.009422404462590128,-0.01468730748038527,0.0,1.0,1.0,0.0,0.9618896842002869,0.9178199172019958,2.0
2025-10-15,2351.001953125,2359.8115556396165,2301.4101790528975,2306.359448255162,753640,0.02458908512022151,0.0011101172183238806,0.0102748352706085,44.97163813665401,-38.25526601087631,-38.87266966281781,2359.9927680932155,2481.262264464679,2242.537808777509,39.10711525757064,1.13287297117548,901080.95,0.836373247042899,0.007080820872521931,0.03044976593856874,-0.007693533369643957,0.0,0.0,0.0,0.0,0.0,0.0,0.0
2025-10-16,2385.250732421875,2396.238206630707,2342.8849400478784,2352.88256042397,715890,0.014567737492242827,0.003171145592657465,0.010737363258347758,51.602373146951514,-31.48860022635381,-37.395855775525014,2362.398288505469,2467.3982363023424,2248.096978541407,40.124697495089045,-0.05009022875643543,918894.1,0.7790778066808787,0.010336228211479837,0.019008043385233542,-0.013729582881861768,0.0,0.0,1.0,0.0,0.0,0.8412410020828247,1.0
2025-10-17,2482.35546875,2518.1881288546115,2396.4361084736693,2396.4361084736693,3719960,0.04071049429236706,0.006300341044581359,0.016020378871453585,64.61958581611765,-18.081990229668463,-33.53308266635371,2373.822781862091,2474.4473296517936,2243.9283783560186,46.75417599063529,4.196273170459149,1084852.3,3.4290013488472115,0.004867983737610659,0.00101845220782959,0.003766779185447877,0.0,0.0,1.0,0.0,0.0,0.9366291761398315,1.0
2025-10-20,2490.471923828125,2511.357933686202,2475.32711379647,2482.3551717731507,714986,0.0032696586690752483,0.006754540787605156,0.01584525668534242,65.45591694512459,-6.724706890082416,-28.17140751109945,2384.9322239540943,2482.645913726922,2239.1249847105782,45.988221983427934,-0.8077973956709212,934025.35,0.765488859590374,0.005184813729964155,0.004765742658132455,-0.004568487352122119,0.0,0.0,1.0,0.0,0.0,0.7873135805130005,1.0
2025-10-21,2479.187744140625,2493.639463573223,2458.796660675737,2487.5024187915164,107942,-0.004530940332848621,0.006386380890301635,0.016082554655167194,63.21849551902168,1.3499219267168883,-22.267141623536183,2393.9089401623355,2487.4792436426314,2236.4594282323687,45.19212062014639,-0.8490292117607897,895782.15,0.12050028011833011,0.0009847568259027106,-0.0008526836309529218,0.005081156889355398,0.0,0.0,0.0,0.0,0.0,0.0,0.0
2025-10-23,2477.010009765625,2520.1677313672517,2471.466973579269,2493.342597184148,811738,-0.0008784063974771605,0.007331353073396374,0.015247257214610488,62.77254342862858,7.487091939289257,-16.316294910971095,2401.823327743601,2497.557962583376,2231.874410463499,45.44273756070612,6.520131181560467,869763.5,0.9332858874855061,0.0008814076368377499,0.0019201917496149967,0.05432173994077005,0.0,0.0,0.0,0.0,0.0,0.0,0.0
2025-10-24,2476.21826171875,2481.2663708946784,2461.073450863935,2469.6851302398836,327596,-0.00031963861419759265,0.006960115894536068,0.01539825549203418,62.599648315237246,12.146933649795756,-10.623649198817725,2408.908559550758,2505.4831129490212,2228.344206386916,43.639179165708796,-0.5964264331594678,854255.85,0.3834869846077144,-0.0037174505259611745,0.001810064081064544,-0.0007576212150588457,0.0,0.0,0.0,0.0,0.0,0.0,0.0
2025-10-27,2493.243896484375,2504.3302111417024,2474.23875111988,2476.2184587966717,550089,0.006875659964565184,0.00748503719770457,0.015285287531363186,64.84216708208707,17.01755048520181,-5.095409262013819,2416.9404964015785,2521.699417034829,2223.4914521057963,42.671484941145486,0.6791688543205656,805849.55,0.6826199754035973,0.006625291500029773,0.0146136673857169,-0.004852891764882239,0.0,0.0,0.0,0.0,0.0,0.0,0.0
2025-10-28,2483.840087890625,2502.944313788174,2466.715569512749,2489.4822059889902,1103957,-0.0037717162797470394,0.007009575092597364,0.015581100606097667,62.60919312179323,19.8894672577685,-0.09843395805735478,2423.311886067202,2535.3079205705617,2226.364003257563,42.21128917930831,1.006869797432779,806575.1,1.368697099625317,-0.001149638146805021,-0.010527469304045134,-0.018591910540062706,0.0,0.0,0.0,0.0,0.0,0.0,0.0
2025-10-29,2512.94189453125,2524.9192226571176,2487.0077722636356,2494.4316760614374,615292,0.011716457425139382,0.00922283913393408,0.014354436342160519,66.45871417019995,24.234395546549877,4.768131942864092,2431.848077349492,2552.4250290521113,2228.657929932264,42.13042100696433,-0.4426485814211967,789821.25,0.7790269000739092,0.0045381040946781415,0.006246056072998218,0.008074481843877823,0.0,0.0,1.0,0.0,0.0,0.8168637752532959,1.0
2025-10-30,2497.896240234375,2512.941970721386,2487.7997790959557,2509.774486670996,736486,-0.005987267087081416,0.006165203913203787,0.013968945989122608,62.85572848252479,26.162143059131722,9.04693416611762,2438.138378576624,2564.619438989605,2233.6374946041446,40.91697605114047,0.1969698939690423,787701.85,0.9349806655906674,-0.0067571756478100875,0.0004208568269989943,0.0012323141298693496,0.0,0.0,1.0,0.0,0.0,0.835040807723999,1.0
2025-10-31,2485.324951171875,2504.330095659989,2479.8807553117445,2497.796963962423,609128,-0.00503275070437692,0.004205155093541813,0.014033914365402895,59.93209145658434,26.371504597517287,12.511848252397552,2442.6323378714096,2572.284035856832,2243.295334260356,39.74071635807649,-0.1729265729423234,785744.3,0.7752242046172018,-0.006018660837397216,-0.003523016652731692,0.0010769183819110406,0.0,0.0,0.0,0.0,0.0,0.0,0.0
2025-11-03,2486.710693359375,2489.7793368360453,2469.6852561586425,2470.873032398037,425210,0.0005575698207378466,0.00018986264637889106,0.005695964708826827,60.15211601752458,26.345547862235435,15.27858817436513,2446.830276489311,2579.6808792207044,2251.181840505858,38.337385238028375,-0.3019365387898767,774011.2,0.5493589756840728,0.0016036793506921665,0.022267993132731645,-0.002766256431842251,0.0,0.0,0.0,0.0,0.0,0.0,0.0
2025-11-04,2461.46923828125,2495.421269776721,2454.5402621255826,2484.5328786749587,527087,-0.010150539483958054,-0.0011521571689244391,0.006424127493777725,54.30269958219835,24.01141385699657,17.02515331089142,2448.2244633266387,2582.5909691520674,2261.327902918245,38.51907255325053,0.23959220150043503,782260.2,0.6738000987395243,-0.006431586779760301,-0.007794403177444842,-0.0069347657955745046,0.0,0.0,0.0,0.0,0.0,0.0,0.0
2025-11-06,2576.490478515625,2604.305468247461,2534.124927247066,2534.124927247066,4448622,0.04672869294709936,0.003973806159070359,0.016295293656866577,69.06513934195975,31.084525594015304,19.837027767516197,2460.4402742970183,2602.369152463094,2266.3059696072187,45.970298082747696,7.440014646538428,979765.1,4.54049853378121,-0.0034359080045569534,-0.015086880000345415,-0.002204020602007528,0.0,0.0,3.0,0.0,0.0,0.7942198117574056,3.0
2025-11-07,2587.27978515625,2592.327894293041,2558.7719487676445,2576.490234261984,791663,0.004187598103153389,0.004480406609133414,0.016206187633168053,70.0427582470949,37.132583175900436,23.296138849193046,2472.5202277121834,2618.055044287168,2278.8606051268944,45.08355861436547,-0.822043095592298,984258.3,0.8043244339417813,-0.0006820322478444663,-0.00021123090749208817,0.003944461908912178,0.0,0.0,0.0,0.0,0.0,0.0,0.0
2025-11-10,2623.508544921875,2639.7422930448206,2584.6074819840737,2587.2800390438674,1706880,0.014002644775210182,0.005912634948074191,0.016366919427138044,73.11513138679325,44.337970001405665,27.50450507963557,2486.9000674464396,2637.8932392654306,2290.1038310470694,45.80150521767843,1.1560689333719019,1040223.95,1.6408774283653054,0.0032185728871263475,-0.00237743020071568,0.006757763370429659,0.0,0.0,1.0,0.0,0.0,0.9392598867416382,1.0
2025-11-11,2630.239501953125,2637.8613279758315,2606.6809328855093,2623.5084476961592,776404,0.0025656318308087123,0.005481632134698544,0.0163954663186134,73.65571952440925,50.01488251959199,32.006580567626855,2500.551442161362,2654.124547141459,2305.250892311666,44.75714020858156,-0.5451326396700412,1023182.35,0.758812933002607,0.0047156471705849246,-0.0016417399650939801,0.017171497743337927,0.0,0.0,0.0,0.0,0.0,0.0,0.0
2025-11-12,2741.697265625,2809.8980998107063,2615.292976226382,2633.0112636282392,2859196,0.04237551887921631,0.01009635565059488,0.019669151066806216,80.60884964849598,62.783853446188004,38.16203514333909,2523.517711062661,2693.6771040250605,2307.9947953890023,55.46056759256318,2.6826136908104545,1132755.55,2.52410681192425,0.0070384090258497345,-0.004933124866691951,-0.037599822589657106,0.0,0.0,2.0,0.0,0.0,0.7875435650348663,2.0
2025-11-13,2850.184814453125,2867.705419302586,2811.18467304877,2829.892812411752,5933630,0.03956948500052371,0.012881658408133313,0.0217826155010668,84.81104445626245,80.72682483711924,46.67499308209512,2554.6288637665148,2752.2260944249465,2305.006254207866,60.49968088435053,1.0752792043637442,1411769.8,4.20297275093999,0.00012944949620363744,0.004211324863397259,0.004783913912300264,0.0,0.0,0.0,0.0,0.0,0.0,0.0
2025-11-14,2876.9111328125,2880.375621287305,2832.9617185403913,2836.0303621406333,2494076,0.009377047489639079,0.014418089865805362,0.020824613574407742,85.63682920324993,95.99675858988303,56.53934618365271,2585.3224131994657,2810.231246779701,2299.592019821862,59.56498244596219,-0.5796711288031104,1498791.6,1.664057898376265,0.001194026471448284,-0.0007962628522772963,0.02190130304516491,0.0,0.0,0.0,0.0,0.0,0.0,0.0
2025-11-17,2858.5986328125,2897.2029302084065,2850.7788846207886,2876.9109277310713,1230683,-0.006365333913563531,0.0142848315448867,0.020966689724459794,82.33381552956183,105.40557553475628,66.31259205387343,2611.3487198292787,2853.5985133683002,2303.5595432723244,58.626344098937594,-0.5065575387438073,1524531.25,0.8072533770626217,0.0039906690408659795,0.004462573514238288,-0.0029508066968050306,0.0,0.0,2.0,0.0,0.0,0.8424820899963379,2.0
2025-11-18,2881.00439453125,2890.918380747806,2837.48209185684,2861.1764220981377,1819066,0.007838022960469093,0.015012876858859825,0.02055951206917985,83.18821389239949,113.36330683340566,75.72273500977988,2637.0302126580377,2899.321935262063,2297.701013956687,58.255625869796795,0.4780946840087983,1429486.55,1.2725310357064918,-0.003974806902018679,-0.019093445030007206,0.010747702090430522,0.0,0.0,0.0,0.0,0.0,0.0,0.0
2025-11-19,2868.81005859375,2890.9182956137456,2862.365967742759,2888.935498428825,1387906,-0.004232668287714958,0.015604663978484135,0.019826842620554393,80.89511354136036,117.33333952156818,84.04485591213755,2659.1044836995343,2935.757286397279,2299.0994762980336,56.13396172702464,-0.23702273584355926,1463132.55,0.9485852802604932,0.005503640675154298,-0.0035047989246017597,-0.02126677579126901,0.0,1.0,0.0,0.0,0.7481590509414673,0.0,1.0
2025-11-20,2835.201904296875,2881.10371014527,2827.964645752369,2872.4783482680073,1062883,-0.01171501549787135,0.009760293133987064,0.018178211000088394,74.77722193306958,116.42563955246806,90.52101264020365,2675.8756666135664,2960.3887388697276,2310.0694398412097,55.920040488872935,-0.2341822861202416,1510879.6,0.7034862341115731,0.005354541588221684,-0.0013527406704322287,-0.00204687855225294,0.0,0.0,0.0,0.0,0.0,0.0,0.0
2025-11-21,2851.857421875,2870.693996016735,2829.550952496629,2844.3226954020324,857340,0.005874543732805382,0.009928987696952263,0.01812850958027768,75.75577839354939,115.71633596977654,95.56007730611823,2692.635833781322,2983.6722384091713,2324.2706815127035,54.86454070538958,-0.19338252658100652,1513159.7,0.5665892370778841,-0.0047342428227803435,-0.01863893848564946,-0.01293783024621531,0.0,0.0,0.0,0.0,0.0,0.0,0.0
2025-11-24,2854.434814453125,2871.5860587238258,2839.8613033711026,2851.2623873259877,5404326,0.0009037592687330953,0.008619099146304553,0.01827410956170594,75.91152172461716,114.04751307253491,99.25756445940156,2708.0452605119704,3003.018618684581,2342.7459565107315,53.21169889448483,5.30359717265029,1766996.2,3.0584819593839536,-0.004167936312968079,-0.020538842852665717,0.0129475310232261,1.0,0.0,0.0,0.8711699843406677,0.0,0.0,1.0
2025-11-25,2851.064208984375,2883.4828955546254,2844.322649938532,2874.9567705789004,972417,-0.0011808311234445812,0.008244452850879224,0.018449565760455963,75.23089426067469,111.17146377864128,101.64034432324952,2721.666112747437,3018.805942532555,2362.740663912757,52.208023660314026,-0.8200669241640863,1788112.6,0.5438231350754981,-0.002877529180069005,0.016178100998802236,-0.014044491157481076,0.0,0.0,0.0,0.0,0.0,0.0,0.0
2025-11-26,2849.27978515625,2871.288787280634,2833.020943741294,2855.228177192067,570376,-0.0006258799161736883,0.0039443129713402246,0.014111931106833078,74.84828243671018,107.50889033669591,102.81405352593882,2733.8197958339906,3029.561341616341,2388.529234555534,51.21229650881588,-0.41344505495070527,1761433.55,0.32381352109479233,0.012381783530362567,0.011205455033743261,0.010403353563399165,0.0,0.0,0.0,0.0,0.0,0.0,0.0
2025-11-27,2854.3359375,2889.4313527396475,2846.701974295966,2855.2280994648086,1158685,0.0017745369795170163,0.00016481816923955562,0.00654071549119429,75.23265156356122,103.81751998838627,103.0147468184283,2745.2975236117054,3039.3171741566102,2412.9128063121398,50.60637378987771,1.03144066370254,1788603.2,0.647815569154746,0.0003911422381892571,-0.007186337928844044,,0.0,0.0,1.0,0.0,0.0,0.44529977440834045,1.0
2025-11-28,2849.676025390625,2865.0427036171095,2831.236156743247,2855.227954340334,748446,-0.0016325731138208122,-0.0009361438911064335,0.005688906397740937,74.10858602189738,99.3705841912315,102.28591429298896,2755.2383333049356,3042.86083492538,2444.547124058995,49.40638615301947,-0.35405567518350545,1789201.2,0.4183129320503474,-0.0004806903583736144,-0.0019339152975856866,0.0011088182106744338,0.0,0.0,2.0,0.0,0.0,0.9177625477313995,2.0
2025-12-01,2842.934814453125,2862.663550417217,2823.5033044461416,2852.947795413725,499153,-0.002365606082037286,-0.000536171107953809,0.00539794590153457,72.42278860655269,94.2163289569512,100.67199722578141,2763.5903791285727,3038.7728260836166,2484.3961192288834,48.67451899716631,-0.3330808101052046,1783702.45,0.27984095665731695,-0.0010380212747401751,-0.010241930742349359,-0.0004747245827840807,0.0,0.0,0.0,0.0,0.0,0.0,0.0
2025-12-02,2928.988037109375,2936.522763568836,2836.589732524731,2842.339893028985,2102147,0.030269150815124712,0.0017069416775117529,0.011008913370581679,78.99225619980358,95.96904898293405,99.73140757721194,2779.3425370315063,3039.375797898155,2528.0208817893454,52.33584128623336,3.2114281593018577,1867549.3,1.1256179421876573,-0.005484113396941881,-0.002069623638623841,-0.011397774685385609,0.0,0.0,1.0,0.0,0.0,0.9213351011276245,1.0
2025-12-03,2928.095947265625,2943.66085784583,2907.3758120528328,2943.462626521632,1252456,-0.00030457271673611785,0.002099751234609637,0.010842251675461965,78.78273064692479,96.17743444045163,99.0206129498599,2793.5095284823747,3022.893921357163,2591.165429228775,51.18935589385934,-0.4042015139759494,1903817.75,0.6578654915892028,-0.0017746951904364927,-0.007510803540962785,0.003522776674430572,0.0,0.0,1.0,0.0,0.0,0.9321355223655701,1.0
2025-12-04,2931.763916015625,2960.0187763517797,2908.763516711522,2924.6258944441,1466098,0.0012526805186918732,0.0033965208362659594,0.009724216206481768,79.02903529155645,95.53726175684915,98.32394271125776,2806.676613009351,3019.2599059551158,2630.326788380822,51.19406330431639,0.17057844746641804,1754691.55,0.8355303244037392,0.0018375278996383138,0.0053651099915108524,0.009414395561291977,0.0,1.0,1.0,0.0,0.4841223657131195,0.9151825308799744,2.0
2025-12-05,2942.966796875,2947.923789963892,2915.703334886096,2929.5829155349925,944978,0.0038212083852235956,0.003191187301507781,0.009687687322387499,79.80032282922065,94.84063534387042,97.6272812377803,2819.6566305203655,3010.096545644804,2675.0588498630086,49.83880557385065,-0.35544690736908446,1762357.3,0.5362011437748747,0.005865433091659877,0.0034266362338872813,0.007745837677330503,0.0,0.0,0.0,0.0,0.0,0.0,0.0
2025-12-08,2903.112548828125,2948.91511542508,2889.728667820144,2944.453821755753,983544,-0.013542201050040559,0.0017465912696304152,0.011048212287125802,69.94473526268311,90.03478420353622,96.10878183093149,2827.6048132163423,2992.261307276679,2720.8544886217587,50.506494290356734,0.0408115321203244,1726190.5,0.5697772059341075,-0.00862653945989178,-0.035268430990264,-0.01976467955346206,0.0,0.0,0.0,0.0,0.0,0.0,0.0
2025-12-09,2771.95068359375,2888.4400274143027,2764.515193562651,2884.9701320664567,1839391,-0.04517973830787925,-0.0026532994488130514,0.018554685467197605,48.649791276671614,74.78042401274251,91.8431102672937,2822.3044199189526,2960.608747646118,2766.678166416382,56.79869864572226,0.8701664592534752,1779339.85,1.0337491176854157,-0.004657081109092687,0.009516568141979764,-0.008801456824849674,0.0,0.0,1.0,0.0,0.0,0.876460075378418,1.0
2025-12-10,2780.37744140625,2799.709714577019,2772.644483729807,2785.830133839031,845073,0.0030400100053638024,-0.0022867104566593023,0.01863523139637426,49.70916197294701,62.64902364302952,86.00429294244087,2818.311374346314,2953.8938129818416,2777.2611186587837,54.72443666983274,-0.5405691340231631,1678633.7,0.5034290685335342,-0.0031598875909956137,-0.003621272020826849,0.0043590646391657994,0.0,0.0,0.0,0.0,0.0,0.0,0.0
2025-12-11,2755.4931640625,2787.416392522806,2739.4325551970373,2775.9160719797633,777422,-0.00894996376145396,-0.0033591605307563997,0.018684070354239118,46.64865037377685,50.44534568898962,78.89250349175062,2812.328687652617,2961.2741336409886,2760.4116329605736,54.242965288113865,-0.08005343917034391,1420823.3,0.5471630427231873,0.0054565875164998,0.007499711443926138,-0.014949370179429988,0.0,0.0,1.0,0.0,0.0,0.8823907971382141,1.0
2025-12-12,2741.01904296875,2772.9420311726108,2722.3806998927384,2770.9592338675175,977696,-0.005252824170469128,-0.0037211856364212314,0.018681971705125974,44.91638572367275,39.15455306579315,70.94491340655912,2805.53729292082,2966.838713943784,2741.2578436734034,53.97999143038233,0.25761298239566166,1345004.3,0.7269092002159399,0.005729990019651465,0.01528856550539337,-0.002610963619440576,0.0,0.0,0.0,0.0,0.0,0.0,0.0
2025-12-15,2756.286376953125,2777.8989151364117,2734.9713067620355,2749.2475920214038,1029674,0.005569948163453464,-0.0029276302118721566,0.018913060949632857,47.14589641331439,31.080191720836865,62.971969069414676,2800.8467294953252,2969.4496400382195,2728.41569199303,53.19053549781046,0.053163764605766994,1334953.85,0.7713180496838897,-0.0007543469807149705,-0.00045114588507522146,-0.009162263880564514,0.0,0.0,0.0,0.0,0.0,0.0,0.0
2025-12-16,2766.894287109375,2783.847300176722,2752.2217812965405,2768.9763210091114,916244,0.0038486240925286186,-0.0055696828841317655,0.01525130886541412,48.69956883084663,25.246149976188917,55.42680525076953,2797.6131635538063,2967.864513914414,2718.589807374648,51.65017716797983,-0.11016108010884995,1289812.75,0.7103697804196772,-0.006424068837574293,-0.012864666365721034,-0.027080633539565913,0.0,0.0,0.0,0.0,0.0,0.0,0.0
2025-12-17,2761.739013671875,2782.360152826057,2748.156901348238,2775.916061967917,636499,-0.0018631985549710794,-0.005725545467955262,0.01519939877660178,47.96169547687341,19.976367252733326,48.33671765116229,2794.1965778507656,2966.7805299714337,2708.9666868254417,50.403968190111186,-0.3053171425952039,1252242.4,0.5082873731156204,-0.001606677033445636,-0.008402372776150302,0.012898882550051338,0.0,0.0,0.0,0.0,0.0,0.0,0.0
2025-12-18,2735.962646484375,2769.7694352946414,2731.6005894949667,2756.088086314156,417994,-0.009333382720052574,-0.006784151791829706,0.015027049265903087,44.34389018972388,13.563734776347701,41.38212107619937,2788.6504891492045,2969.272385303413,2696.5509057122117,49.53003087650858,-0.3432919768923439,1219997.95,0.3426186084984815,-0.00011619552256891819,0.003400912023109104,0.002345834264955604,1.0,1.0,0.0,0.9419382214546204,0.7381663918495178,0.0,2.0
2025-12-19,2775.81689453125,2788.2093772598632,2735.9627184841656,2742.6050408185665,3895542,0.014566810003084907,-0.0057095916300435754,0.016207518819050224,50.55425585671835,11.564276301137852,35.41855212118707,2787.4282420427326,2967.3724245837393,2690.8468136975107,49.72408086929284,8.319612243237941,1371908.05,2.8395066272845324,0.005843362036054733,0.016717469105838267,0.010865956689985579,0.0,0.0,0.0,0.0,0.0,0.0,0.0
2025-12-22,2783.450927734375,2798.817606705464,2756.3856963642547,2761.8383889023835,463953,0.002750193364038145,-0.004080352188635705,0.016151460122073174,51.66679181434401,10.474945086893513,30.429830714328357,2787.049450203842,2964.682264800881,2686.438584808494,49.203211545858316,-0.8809015536220633,1124889.4,0.4124432144173463,0.00793332910611566,0.0002825177908267751,0.026459375588259393,0.0,0.0,1.0,0.0,0.0,0.893115222454071,1.0
2025-12-23,2783.649169921875,2794.752786362001,2759.1616717450024,2773.9334147715076,431068,7.122172894247214e-05,0.00044474381504646667,0.007235238342563628,51.6971855649527,9.517922058360455,26.24744898313478,2786.7256139865117,2961.9418125299308,2682.4375331731944,48.230918908082636,-0.07088002448523878,1097821.95,0.3926574796577897,0.00018148889399149937,-0.0016946279824066046,0.0049943833545220695,0.0,0.0,1.0,0.0,0.0,0.925203263759613,1.0
2025-12-24,2761.540771484375,2800.403547790722,2758.070876420582,2783.6490084418188,512144,-0.007942235924119911,-0.0006534807779019047,0.007620754664032384,48.066978631932564,6.896018419244228,22.377162870356674,2784.3270575577367,2959.3744785671684,2676.230965768769,47.80961551251529,0.18808169476741488,1094910.35,0.4677497111978163,-0.0013389838361685946,0.0016975046212379663,-0.0022442992505813386,0.0,0.0,0.0,0.0,0.0,0.0,0.0
2025-12-26,2722.87646484375,2770.3643646289715,2719.406569476208,2761.045313886708,532078,-0.014000990693265103,-0.0011585834710830189,0.008362988690800434,42.452546289560026,1.678901153228253,18.23751052693099,2778.474620156405,2957.53425968181,2664.925237388503,48.034485486818745,0.03892264675560009,1063580.0,0.5002707835799846,-0.0038175521330050532,-0.0022595039765421765,-0.025706976954853022,0.0,1.0,1.0,0.0,0.8163869976997375,0.6618590950965881,2.0
2025-12-29,2751.527587890625,2769.769467423096,2711.475181117445,2722.8762650599865,815529,0.010522373459391998,0.00041893629190309367,0.008970646455480909,47.3593261602116,-0.14215698766884088,14.561577024011024,2775.9082361310925,2953.7194948159254,2658.925158504387,48.76732840244962,0.5327245253515462,1066934.15,0.7643667605915511,-0.003847631310177624,-0.006737260989126859,0.021437982357276564,1.0,0.0,1.0,0.9424102902412415,0.0,0.8234726786613464,2.0
2025-12-30,2734.574951171875,2768.3814999924343,2717.423706078166,2746.4717350000174,4833527,-0.006161172722148223,-0.000754175796657075,0.00898922485890608,44.91882435671244,-2.919639007386195,11.065333817731581,2771.971732801643,2950.470201614626,2651.3384653775615,48.92379022472238,4.926860969996162,1283652.85,3.765447176781479,-0.00012527898855285713,-0.008435960226954475,-0.00032290051997263536,0.0,0.0,1.0,0.0,0.0,0.38610029220581055,1.0
2025-12-31,2745.678466796875,2772.74369741969,2731.2039501881377,2731.3031868660014,1274705,0.004060417367694358,-0.000732996469140501,0.009001515470895668,46.85069972667192,-4.176706135286167,8.016925827128032,2769.4676122297606,2930.88919513329,2652.5885148276475,48.39635858235307,-0.7362784980822492,1242280.75,1.0261005815311877,0.0073538342244390265,0.009369998308165428,-0.017280357339559127,0.0,1.0,0.0,0.0,0.7268089652061462,0.0,1.0
2026-01-01,2728.3291015625,2758.764991896357,2722.479946307838,2752.0234326268005,327945,-0.006318789852555073,-0.0011785555988989005,0.009172325698905606,44.2397623532963,-6.497984944954624,5.1139436727115015,2765.549658832879,2908.43617597509,2655.064849415535,47.531264797079224,-0.7427287097799098,1196055.2,0.2741888501467156,0.0006487344669803274,,,0.0,0.0,0.0,0.0,0.0,0.0,0.0
2026-01-02,2748.751953125,2774.92478028137,2732.0964076433634,2732.0964076433634,508884,0.007485479501283088,0.0005033306232346657,0.009052077200169728,47.91915289166814,-6.613426224524574,2.7684696932642865,2763.9498773368905,2879.5171734317546,2665.682655669808,47.46443722006429,0.5517358093582765,1148194.5,0.4432036558266043,0.006960765170238581,0.02374847690191828,-0.0016433603390084706,0.0,0.0,1.0,0.0,0.0,0.9350964426994324,1.0
2026-01-05,2791.382080078125,2803.6753262766442,2745.182807093362,2746.174205723587,866733,0.015508902833032856,0.0005975399062294606,0.009218085520242046,54.64654277785457,-3.227811102861324,1.5692135340391644,2766.5624680741507,2838.960519208208,2691.0808382136665,48.252157360294134,0.7032034805574552,1144282.25,0.7574468624327608,-0.0029720587604740167,0.020694300037505275,0.016625486774209053,0.0,0.0,2.0,0.0,0.0,0.800846666097641,2.0
2026-01-06,2821.322265625,2823.899756834903,2787.4164809356535,2795.7441325994646,875891,0.010725936001579894,0.0013951141699836355,0.00975446991224097,58.68316535852459,1.8499113990792466,1.625353107047181,2771.777686888517,2808.0512698967304,2713.8110592048324,47.411522970219536,0.010566114362785317,1138899.6,0.7690677914014544,-0.0027276473171363724,-0.0033246661728323357,-0.017163173371139373,0.0,0.0,0.0,0.0,0.0,0.0,0.0
2026-01-07,2785.235107421875,2830.145512045567,2777.0066927411867,2821.322161393437,636748,-0.012790867120289984,0.00010890528506039,0.01074602350450994,52.60568822824918,2.928354740247414,1.8859534336872277,2773.0593459869324,2809.682701496734,2713.5080699876407,47.82061556551674,-0.27302826493250876,1078767.45,0.5902551101259127,-0.001449622016468255,-0.004976199392418668,-0.012191131287738077,1.0,0.0,1.0,0.58784419298172,0.0,0.6324627995491028,2.0
2026-01-08,2762.5322265625,2780.575632855042,2746.2733861759625,2770.9591147468823,620031,-0.008151154205574329,8.801345691494822e-05,0.01076360396980466,49.15659774175973,1.9288613949415776,1.8945350259380977,2772.056763184605,2808.019378345972,2713.386871654028,47.18783739983072,-0.026253714185203614,1067515.35,0.580816940946095,-0.010095364158449915,-0.01709165531062551,0.033855947714979795,0.0,1.0,2.0,0.0,0.45145756006240845,0.8575989902019501,3.0
2026-01-09,2801.19677734375,2832.1283656204937,2762.234763496008,2765.902889951143,1657381,0.013996054203270436,0.002887717946568502,0.010323902367988273,54.6142748980415,4.20815286598463,2.357258593947404,2774.8320026283336,2813.391262575972,2712.5853487521526,48.80967773730608,1.6730615082149116,1111513.3,1.4911031653872246,-0.007479613285493514,-0.02264467430807937,0.02177768087704446,0.0,1.0,1.0,0.0,0.9683610796928406,0.5950496792793274,2.0
2026-01-12,2871.48681640625,2875.0559481926903,2783.847276732784,2801.6924515836354,1743901,0.025092860177124976,0.0043447666183417995,0.012350425585534284,62.495925666309255,11.553148982289713,4.196436671615866,2784.0372229881355,2837.541800409541,2701.4815882623343,51.838177288920384,0.052202842919039094,1149823.55,1.5166683618543035,0.004164153963733375,-0.01224257689591679,0.008367520966531261,1.0,0.0,2.0,0.705754816532135,0.0,0.7609706819057465,3.0
2026-01-13,2861.473876953125,2889.4312695473,2846.1071983880256,2875.0559895993033,1051986,-0.003487022609999779,0.004612181629556645,0.01212455801028667,60.87417717702501,16.37736274686904,6.6326218866665005,2791.4121424133727,2853.3450983352914,2696.197040336584,51.23002685108853,-0.396762774951101,1150939.15,0.9140239951000017,-0.002246942885392733,-0.006197122276828448,0.02505092086387406,2.0,0.0,1.0,0.7921193540096283,0.0,0.9174021482467651,3.0
2026-01-14,2789.696533203125,2859.193674606754,2783.153447410751,2859.193674606754,958254,-0.025084046486710587,0.0016977352441161497,0.015346609128548011,50.71460694973123,14.244552801773807,8.155008069687963,2791.248751060016,2854.656491111115,2697.1658721701347,53.16505561475177,-0.0891000450576338,1153039.65,0.831067691384247,-0.00259211846006413,-0.009208024129214842,0.016037809726376695,0.0,0.0,1.0,0.0,0.0,0.9068695902824402,1.0
2026-01-15,2789.696533203125,2789.696533203125,2789.696533203125,2789.696533203125,0,0.0,0.002329614229371657,0.015108094318805762,50.71460694973123,12.411216772975422,9.006249810345455,2791.100920787931,2855.990978343447,2698.6271368909283,49.367551642269504,-1.0,1121214.7,0.0,,,-0.04149125767914308,0.0,1.0,0.0,0.0,0.775006890296936,0.0,1.0
2026-01-16,2733.186767578125,2802.188208571498,2726.841913205698,2763.9201248983854,1143463,-0.020256599580785073,-0.000444593678835159,0.016535760701884252,44.00831489778488,6.325502492316446,8.470100346739654,2785.5852871489014,2856.152652513197,2698.187874830553,51.223176193950245,,1157488.15,0.9878831156932363,0.0011201764399650926,0.0034703985052579878,0.0058029946929878395,0.0,0.0,1.0,0.0,0.0,0.608183741569519,1.0
2026-01-19,2730.311767578125,2762.3339910381023,2701.263739943396,2733.186726726262,1342048,-0.0010518856721041248,-0.002100672529348857,0.015561031167379948,43.69176077649313,1.256062500434382,7.027292777478601,2780.321142427875,2856.481084512174,2693.308930136263,51.926538686861385,0.1736698082928787,1029813.45,1.3031952534704223,-0.004236324757381116,-0.01992966002344665,,0.0,4.0,5.0,0.0,0.7746260017156601,0.905195415019989,9.0
2026-01-20,2652.586181640625,2716.531391115573,2646.340322074472,2716.432154439653,911151,-0.028467659576636994,-0.006020032087170546,0.01685359686318493,36.12612468096496,-8.930366713295825,3.8357608793237157,2768.155908067185,2865.6260275927675,2671.077512446295,54.21546060234648,-0.3210742089701709,1052173.35,0.8659704220792134,-0.013796877137441155,-0.050358822471217146,0.012318742388301551,0.0,0.0,2.0,0.0,0.0,0.9163023233413696,2.0
2026-01-21,2638.2109375,2664.879463288815,2625.223518894636,2647.0342883114345,914318,-0.005419331609325506,-0.005282878536074098,0.016684910766185775,34.9217065960495,-17.956159883837245,-0.5226232733084766,2755.780196584596,2873.290747179096,2648.868969617779,53.175495158905925,0.003475823436510428,1076335.85,0.8494727737629476,-0.0029723570791637677,-0.007053831022649004,0.004929138999533844,1.0,0.0,1.0,0.9137834310531616,0.0,0.6193551421165466,2.0
2026-01-22,2680.543701171875,2706.4190605473364,2642.374853390455,2642.374853390455,1290346,0.016046011738542143,-0.002863161941662451,0.017930794419216654,41.14454715138796,-21.44604905634742,-4.7073084299162655,2748.614816069099,2874.6006234188358,2639.4593863467894,54.24925429379381,0.4112661021657673,1115245.95,1.1570057707898425,0.00526285960946038,-0.007357589601399317,-0.018087068421427488,0.0,0.0,2.0,0.0,0.0,0.7186882793903351,2.0
2026-01-23,2680.4443359375,2758.9630563425376,2667.6553908637447,2680.5435726133815,1786635,-3.706905965816798e-05,-0.004266474267955312,0.01698915102725787,41.134604496473614,-23.94381986198141,-8.554610716329295,2742.122389389899,2876.335848239545,2633.480948635455,56.896283664150886,0.38461699420155515,1177973.8,1.5167018145904434,-0.009539381186706164,-0.03341856155151757,0.028410861133104426,0.0,0.0,0.0,0.0,0.0,0.0,0.0
2026-01-27,2600.240478515625,2711.177892805429,2524.1010122974158,2696.5051440901416,3818761,-0.029921851517883957,-0.009767945437456205,0.015243385764660809,33.99396128791152,-32.02592726914372,-13.248874026892182,2728.609826449492,2886.2609058234766,2608.427180114023,66.19489772442678,1.1374041144385956,1328135.4,2.875279884867161,0.005060152863462841,0.004032589312589208,0.030187581452718604,0.0,1.0,2.0,0.0,0.9610633850097656,0.8720021545886993,3.0
2026-01-28,2490.195068359375,2526.5793488119016,2429.917984672541,2513.195467623375,3430002,-0.042321243387100305,-0.013651367515166258,0.018137453060295343,27.054434854385605,-46.77164610751379,-19.953428443016506,2705.9036590123383,2913.7116905503763,2556.5384071058734,73.63258316147372,-0.10180239088018339,1257959.15,2.726640209262757,0.006647346488174222,0.015670217271968045,0.012283584946031434,0.0,0.0,1.0,0.0,0.0,0.9387451410293579,1.0
2026-01-29,2395.218994140625,2493.2682179040366,2389.270602598885,2490.1950274985406,3488159,-0.03814001377864884,-0.014956964244360082,0.019472620809709327,22.739819904485202,-65.36798848428498,-29.036340451270203,2676.3146433102706,2949.442366038744,2485.761784351881,75.80151402887928,0.016955383699484683,1368631.85,2.5486466649157697,0.0030048195489833507,0.006741880318072768,0.03377189337809838,1.0,1.0,2.0,0.8717147707939148,0.7511992454528809,0.881978303194046,4.0
2026-01-30,2407.413330078125,2423.969638711495,2379.8523998883206,2396.2104772047783,2048843,0.005091115245549949,-0.014447852719805088,0.019967388459883117,24.406741856958178,-78.22007051683477,-38.87308646438312,2650.704994431019,2969.7734539222038,2433.339119319984,73.53835151418606,-0.4126291261378854,1454676.75,1.4084524276613344,-0.003865234077404689,0.008370895041854398,-0.00028279795397134766,0.0,0.0,1.0,0.0,0.0,0.8845901489257812,1.0
2026-02-02,2381.339599609375,2408.603062968766,2351.597639580948,2354.4725989007534,1183482,-0.010830599857110434,-0.013505252747437625,0.01988502353327336,23.251582839723227,-89.47792444848392,-48.994054061203286,2625.0511473051483,2984.271685891759,2382.099651998866,72.35742807658836,-0.4223656961514377,1488406.65,0.7951335073650739,-0.00917235522852089,-0.0063856960408684715,-0.06210212530813297,1.0,0.0,3.0,0.8105194568634033,0.0,0.916959802309672,4.0
2026-02-03,2405.133056640625,2503.2815202051024,2370.434104875406,2503.2815202051024,2233860,0.009991626996482594,-0.012400901480578952,0.020932559797944346,26.662694774601263,-95.38043537878184,-58.271330324719,2604.1065672418604,2983.6892037483412,2344.0572317985334,76.67814145181038,0.8875318762769522,1556763.0,1.434939036963237,0.025475932330218942,0.04794342903980553,0.015535425820309534,1.0,0.0,2.0,0.9356237649917603,0.0,0.7481420040130615,3.0
2026-02-04,2431.603271484375,2442.6078926414953,2396.3096269309112,2409.098571916173,970973,0.011005717446968433,-0.008453563778218409,0.021285004846365037,30.370398764805373,-96.80636913573835,-65.97833808692288,2587.6776819316233,2970.87659560578,2317.8979405270325,74.50815032743706,-0.5653384724199368,1561517.1,0.6218138757494234,0.0018831648283172964,0.011222892862824407,0.03163518781363739,0.0,0.0,2.0,0.0,0.0,0.6033328920602798,2.0
2026-02-05,2411.1806640625,2434.6767627880085,2381.9344049720994,2423.969609356947,1047405,-0.008398823797192922,-0.008751512997005152,0.021258649418868104,29.146068746507652,-98.44950108568901,-72.47257068667611,2570.868442134564,2960.5062223041477,2290.8628694927274,72.95345086232793,0.07871691591836227,1582049.95,0.6620555817469607,-0.00516756745616076,-0.005761416616738679,-0.027497783730057845,0.0,0.0,0.0,0.0,0.0,0.0,0.0
2026-02-06,2380.447265625,2422.9781685762937,2365.576286685293,2411.081385424528,1043982,-0.012746203092769748,-0.01163073448013634,0.019395053001820813,27.358648303853585,-101.0665906530503,-78.19137467995095,2552.733091990796,2951.440375279989,2261.720220423136,71.84262450723313,-0.0032680768184226716,1603247.5,0.6511670843085674,0.0019849016468285186,0.006282741615484477,0.007401924165967744,1.0,0.0,0.0,0.8670147657394409,0.0,0.0,1.0
2026-02-09,2396.60693359375,2405.3312898812637,2376.184267191432,2383.3222888664236,669839,0.006788500716695012,-0.010948177502501022,0.019960263401646448,29.79652575808008,-100.67617061113333,-82.68833386618743,2537.86393404822,2930.6387542025586,2242.0628571255666,68.79293866313303,-0.358380700050384,1553870.4,0.43107777842991285,0.006756581098813275,0.026065345985768262,0.014548094333170836,0.0,0.0,1.0,0.0,0.0,0.9267673492431641,1.0
2026-02-10,2373.011962890625,2399.1847910678152,2366.3693981423053,2398.1933923938204,1513620,-0.00984515665559893,-0.00894050801627252,0.018816712480768893,28.302936623158516,-101.10519906046557,-86.37170690504306,2522.163746318925,2891.4143402517548,2231.4397857248077,66.22311396758853,1.259677325446861,1542356.35,0.9813685404154493,0.0026229876069705504,0.0036037678455811406,-0.003476214666670918,0.0,0.0,1.0,0.0,0.0,0.7675917744636536,1.0
2026-02-11,2371.921142578125,2385.0075556462834,2355.8605337198996,2378.3652334566027,3177710,-0.0004596775446388257,-0.004754351432026372,0.014791250940142511,28.23247819089829,-100.37615346523671,-89.17259621708179,2507.8549269150394,2846.258115152385,2227.6407373866773,63.57482167893105,1.0994106843197105,1648642.55,1.9274705726841759,0.0007209990483325601,0.0062985347682653625,0.008720907667252753,1.0,0.0,0.0,0.6539996862411499,0.0,0.0,1.0
2026-02-12,2389.766357421875,2393.1370158909117,2356.5545038754603,2377.3738747553025,607767,0.007523527879326197,-0.0001879972662288676,0.009408376325587602,31.24785091911461,-97.23752620548203,-90.78558221476185,2496.608396487119,2809.5768650682367,2224.328969892701,61.64679956011107,-0.8087405710401516,1631118.2,0.37260757681448226,-0.00565042923620962,-0.01450719440077508,-0.02708940693771389,0.0,1.0,1.0,0.0,0.9411662220954895,0.6958615779876709,2.0
2026-02-13,2346.045654296875,2391.055297957956,2339.8000364723516,2388.180096666005,675635,-0.018294969710832665,-0.0025266057618671288,0.010759803958322541,28.129499229112426,-97.15805921472838,-92.06007761475516,2482.269087707096,2767.9453288597497,2221.5954182105625,60.90454684050345,0.11166779374332592,1664899.95,0.4058111720166728,-0.01302348257655217,-0.0222591565779503,0.0034064479912443435,0.0,0.0,2.0,0.0,0.0,0.7076880633831024,2.0
2026-02-16,2376.580810546875,2384.413005156297,2336.5284016474056,2339.700828939525,683108,0.013015584839141336,-0.00014198729224195182,0.011341662377081077,33.147387805941804,-93.55273148163405,-92.35860838813095,2472.20353750136,2731.4556101817343,2222.4245411854536,59.974550888245446,0.01106070585449248,1641882.2,0.41605177277639044,0.008309432803093486,0.01590582444077171,,1.0,0.0,1.0,0.7919558882713318,0.0,0.8357524871826172,2.0
2026-02-17,2416.434814453125,2431.305793229297,2378.8609048949324,2378.8609048949324,1004356,0.016769471389058044,0.0005357971470155931,0.012185661555911366,39.12171805677733,-86.48267973832208,-91.18342265816918,2466.8922305443857,2688.5911297965677,2233.90132625812,59.599581730686616,0.47027410014229076,1624997.6,0.6180661436053813,0.00166066292063749,-0.003047672709173832,-0.004870875735124569,0.0,0.0,1.0,0.0,0.0,0.8630049228668213,1.0
2026-02-18,2411.1806640625,2427.14203651116,2395.71474887978,2419.0126162907773,551809,-0.0021743397997739944,-0.0007822085776586496,0.011627397474533984,38.631568727803305,-80.37704230975623,-89.0221465884866,2461.5863670699205,2659.6089692597347,2238.74293503714,57.58727500930756,-0.4505842549852841,1607030.5,0.34337182772822294,0.003652002197183979,0.006173905446473782,0.04345891997554796,0.0,0.0,0.0,0.0,0.0,0.0,0.0
2026-02-19,2380.14990234375,2407.115896932551,2370.5333839478317,2399.184707815805,971600,-0.012869529928324686,-0.0012292791907718259,0.012031713358075008,35.78035508743142,-77.15283395086863,-86.64828406096302,2453.8305132864757,2629.721016651444,2242.824784129806,56.37727537397619,0.7607541739986119,1609894.6,0.6035177706664772,-0.014136684522350174,-0.025557026711553243,0.018621253964492768,0.0,0.0,0.0,0.0,0.0,0.0,0.0
2026-02-20,2407.215087890625,2414.7495721840155,2355.6623596109553,2357.7441514901498,790329,0.011371210494021344,0.0011824621679072834,0.011882886748497051,39.943761432420324,-71.58846406536941,-83.63632006184432,2449.3909489630614,2580.4364885666787,2264.776450886446,56.5708423167679,-0.18656957595718404,1584893.75,0.49866371168414286,0.004592550680687868,0.0034847914729738694,0.0013954572845489288,0.0,0.0,0.0,0.0,0.0,0.0,0.0
2026-02-23,2408.80126953125,2425.5560520661024,2390.7578623742984,2403.8442762441377,634365,0.0006589280902251637,0.0005695049052602986,0.011718533426254256,40.188494260605886,-66.28655904909783,-80.16636785929502,2445.525265207651,2513.496604367462,2304.5520284450376,55.0156528435562,-0.19734060119266783,1527280.25,0.41535598983880007,0.00554333479982394,-0.0018886167538860743,-0.0037626012322067304,0.0,2.0,8.0,0.0,0.7729025483131409,0.8904502466320992,10.0
2026-02-24,2392.34423828125,2420.4998638211146,2383.0249455164217,2392.245001597522,499660,-0.006832041919839438,0.0008708163788362477,0.011456808091921032,38.43831820827722,-62.69005408992098,-76.67110510542022,2440.4604055003747,2455.4200965352916,2341.8389122537706,53.76274323363739,-0.21234620447218877,1361325.2,0.367039411303045,-0.011214156627970318,-0.02539223366684662,-0.010071356024868638,2.0,0.0,5.0,0.8093929290771484,0.0,0.9142122387886047,7.0
2026-02-25,2395.615478515625,2407.0165624074957,2379.356638303487,2395.219015892177,526764,0.0013673785661905136,0.0010535219899191818,0.011447797514603503,39.00691736914263,-58.896909341500304,-73.11626595263624,2436.1894600732558,2432.1194303956718,2355.681619409016,51.89825615294961,0.054244886522835545,1216163.3,0.4331359119289325,0.002275335490801167,-0.0018788752375160644,0.00113044842234733,0.0,1.0,1.0,0.0,0.7222602963447571,0.8817947506904602,2.0
2026-02-26,2374.300537109375,2401.3657687427703,2361.5115913027257,2395.318382184249,588742,-0.008897480249817513,-0.0005885788229951893,0.011593413503589016,36.63269703472174,-56.954219644045224,-69.88385669091804,2430.2952769338385,2432.0055043485913,2353.703699752971,51.03796481631354,0.1176580024451177,1071192.45,0.5496136571911051,0.0005513894339252978,0.0022589557423295936,-0.0014114110977380134,0.0,0.0,3.0,0.0,0.0,0.842664877573649,3.0
2026-02-27,2355.761474609375,2376.977551402081,2338.7094658691667,2364.4858313259697,2531619,-0.007808220657091081,0.00046009608237896905,0.01020498184088384,34.6568350822791,-56.262017947816275,-67.15948894229768,2423.196819569604,2431.9721617629298,2348.571856791758,50.12583058178503,3.3000482384474017,1095331.25,2.3112816328393806,-0.012468368500212268,-0.02260069902504236,0.024452344267612558,1.0,1.0,2.0,0.5842836499214172,0.5483989715576172,0.8309379518032074,4.0
2026-03-02,2287.255859375,2317.7907433233195,2263.8587550617035,2280.2168323371657,2528308,-0.029080030373505594,-0.003749465438885724,0.012802124738800455,28.53259669022627,-60.5433674871565,-65.83626465126945,2410.250061455832,2446.8613215555292,2324.274322975721,53.10989407934835,-0.0013078587259773844,1162572.55,2.174752878863345,-0.012429227421638323,-0.0160773612419709,0.0725716647794934,1.0,2.0,4.0,0.8717979192733765,0.782539427280426,0.755775585770607,7.0
2026-03-04,2265.544189453125,2271.1951134569463,2197.236917991508,2241.254922068388,1610358,-0.009492453514932886,-0.006375657929284817,0.010635558043011735,26.909584011773475,-64.93973333098074,-65.6569583872117,2396.4685498365266,2458.3794645251764,2298.7972932873236,55.74625460107289,-0.3630688982513206,1131397.45,1.423335362829393,-0.015491187895474101,-0.031117718584416698,0.0,2.0,1.0,7.0,0.5472641289234161,0.95046466588974,0.7996149233409336,10.0
2026-03-05,2268.121826171875,2293.105023152167,2234.315036191103,2265.5440929266383,925040,0.0011377560988437008,-0.006044448339423048,0.010830713387733172,27.43730839839003,-67.4385021218718,-66.01326713414373,2384.245052344655,2459.732902701141,2281.095710580109,55.96366405535798,-0.42556872446996263,1129100.8,0.8192714060604687,0.011658274570576665,0.018343026178967214,0.049262924583061585,1.0,0.0,1.0,0.873896598815918,0.0,0.8725285530090332,2.0
2026-03-06,2259.89306640625,2288.0486893030497,2234.314934596808,2242.2461232483765,979742,-0.003628006075631962,-0.0051202959541537755,0.010574897165731087,26.772744148124914,-69.28412229977812,-66.6674381672706,2372.402006064807,2462.1451530241093,2263.554700491516,55.80438481613538,0.059134740119346274,1125717.65,0.8703265867777769,-0.012737318930444053,-0.020849812678124913,0.08523590290544059,1.0,2.0,4.0,0.5247392654418945,0.8114735782146454,0.7573452815413475,7.0
2026-03-09,2201.6982421875,2210.8190616570496,2143.998887282437,2181.077101186327,2198153,-0.025751140655205007,-0.00883253106907641,0.010657866803738756,22.603106931479104,-74.5828805272713,-68.25052663927075,2356.144504743159,2475.040794514275,2232.7841566576,60.0965129809695,1.243603928381145,1183426.2,1.8574483140562548,-0.017275692308183932,-0.012398938284408745,0.06764479963230086,0.0,1.0,1.0,0.0,0.6501197814941406,0.7133474349975586,2.0
2026-03-10,2260.785400390625,2285.2731408487366,2232.233312704302,2232.233312704302,1192174,0.026837082880358354,-0.006214715590063091,0.015405681155424936,33.86541584789683,-73.17087642688375,-69.23459659679335,2347.062685281013,2473.0482103503514,2221.194587501211,61.77354052956001,-0.45764739761063034,1209542.95,0.9856400717312271,0.009719840791548862,0.015488587350113825,-0.11277279846363608,0.0,1.0,3.0,0.0,0.9202864766120911,0.7970040837923685,4.0
2026-03-11,2212.8017578125,2282.199662403394,2206.8533659904233,2270.3028787592407,687786,-0.02122432432986976,-0.007653943831066124,0.016125234159165197,30.042265463557598,-75.05850422994172,-70.39937812342302,2334.275930284012,2477.2238050653978,2200.997972278352,62.74302309266078,-0.42308253660958883,1168251.25,0.5887312339704323,-0.01627056774308744,-0.017133641848684045,0.04760820227661822,0.0,2.0,0.0,0.0,0.5732956379652023,0.0,2.0
2026-03-12,2202.094482421875,2230.547573323493,2182.068279469138,2189.0080695446873,1384055,-0.004838786553211127,-0.008274560343006287,0.01585664177121604,29.248772542831972,-76.5361889588844,-71.6267402905153,2321.687220963808,2480.0389764024007,2181.200134925724,61.724185289924655,1.0123337782391615,1078568.5,1.283233285600312,-0.009540396930332928,-0.016270199640198046,0.09219390539302297,3.0,0.0,3.0,0.7052621444066366,0.0,0.8983923196792603,6.0
2026-03-13,2177.904541015625,2200.6074726410466,2171.162981978515,2185.736493312427,949233,-0.01098496980912722,-0.008483309298937258,0.015879477752900557,27.482693265206805,-78.75139381358122,-73.05167099512849,2307.9936323973143,2480.780983627671,2159.271946059829,59.524707800884336,-0.3141652607735964,1095641.8,0.8663716554078167,-0.02064586811222946,-0.013481601399626508,0.02667728777224343,0.0,0.0,1.0,0.0,0.0,0.9457983374595642,1.0
2026-03-16,2198.624755859375,2208.637979123367,2156.3913182449023,2166.602530791707,1111587,0.009513830589694905,-0.0067511041742586595,0.016874886919459115,31.308722332668538,-77.93660675991259,-74.02865814808531,2297.5775489175103,2481.2880426299225,2144.0227972138273,59.0048473064258,0.17103703727114428,1117439.4,0.9947626690091651,0.011131271353117311,-0.01570859900065036,-0.028407992267933335,0.0,1.0,4.0,0.0,0.4676676094532013,0.7713336199522018,5.0
2026-03-17,2218.948486328125,2242.0481240756235,2198.1291139621785,2198.624813304225,875461,0.009243837728374116,-0.002918717364070689,0.015539346516822485,34.93489586824161,-74.78880812765192,-74.18068814399864,2290.0890667661406,2475.4412836607094,2134.1063237611656,57.927287506927165,-0.21242241947773766,1127057.05,0.7767672452783113,0.007362598835607637,0.01803474578921649,0.03203272242091093,1.0,0.0,0.0,0.8663735389709473,0.0,0.0,1.0
2026-03-18,2242.642822265625,2250.871236838399,2209.430969870703,2215.8750606338967,844912,0.010678182068439623,-0.0009016538057334377,0.015896253313776924,38.97926006816315,-69.58014356174772,-73.26057922754845,2285.5703768137105,2460.7164234694587,2131.4519847336664,56.749643182696374,-0.034894758304481854,1119084.85,0.755002625582859,0.008339304375208911,0.02748680181788221,0.03829045788613983,0.0,0.0,3.0,0.0,0.0,0.7363139390945435,3.0
2026-03-19,2167.197509765625,2219.741639691324,2161.844053721548,2200.9050648122998,889334,-0.033641252075879646,-0.0043795546232057725,0.0189178985969249,32.130759147643346,-70.7247743883272,-72.7534182597042,2274.2967704281787,2448.7528929622526,2119.017199811185,58.46743785136643,0.05257588956009629,1135961.1,0.7828912451315454,-0.03262077926216955,-0.03810888895885867,0.011827195985707695,0.0,0.0,0.0,0.0,0.0,0.0,0.0
2026-03-20,2176.516357421875,2205.366153071308,2166.205908950689,2191.883035494523,875920,0.004299953102685938,-0.0035867587053739825,0.01911795479932977,33.68070477632085,-70.07220072844439,-72.21717475345224,2264.984350141864,2438.685074804616,2108.721663476634,57.08835258488448,-0.015083197089057698,1131177.1,0.7743438229080132,0.004884308965338757,-0.009317857143787411,0.032581692276222984,0.0,0.0,0.0,0.0,0.0,0.0,0.0
2026-03-23,2103.053955078125,2161.2490060531636,2096.8080953222207,2161.2490060531636,978398,-0.033752285891739175,-0.004386873229027399,0.020280705477776093,28.21115122358097,-74.62263009096068,-72.69826582095394,2249.5624077548414,2427.4716183890837,2089.5190066109167,58.70406040736805,0.11699470271257639,1140580.55,0.8578070176630663,-0.026037751600726855,-0.047386557787337136,-0.10918976498282762,0.0,0.0,1.0,0.0,0.0,0.6425211429595947,1.0
2026-03-24,2198.228271484375,2205.3662933446494,2134.7787579873834,2165.2146480848346,1561016,0.04525528989707461,-0.0025450525273557735,0.023937996346657494,41.47205956369747,-69.74512779738006,-72.10763821623917,2244.6734423957496,2403.9077706468056,2092.0255545485065,61.818937397307785,0.5954815933801991,1186913.1,1.3151897978040683,0.017756683156527453,0.015902905343253337,0.04552726947381158,0.0,0.0,1.0,0.0,0.0,0.7340648770332336,1.0
2026-03-25,2250.673095703125,2270.005368767247,2202.887730691226,2205.9611632253836,1270855,0.023857769868156575,0.00196315689244686,0.024272076630203167,47.25399703209772,-60.94527389410587,-69.87516535181251,2245.244837948833,2382.125486279819,2099.6407246576805,62.53023453199095,-0.1858795809908419,1225472.85,1.037032358570816,0.01719805962740728,0.026930726389438497,-0.021724535261508526,0.0,1.0,0.0,0.0,0.9593210220336914,0.0,1.0
2026-03-27,2188.413330078125,2249.483585042764,2182.167712081868,2226.978883613762,1089010,-0.027662731537451357,-0.00031923760597716286,0.025994736474996404,41.95511127127775,-58.32285941696409,-67.56470416484284,2239.832313389718,2354.1445044532165,2106.901491640533,62.957030895509945,-0.1430887079957981,1253585.15,0.8687164170698736,-0.02088905112938999,-0.03171500064465682,0.042218289680638454,0.0,1.0,2.0,0.0,0.9241280555725098,0.7158729135990143,3.0
2026-03-30,2146.576171875,2183.951850191729,2132.498360349631,2166.503380287283,1513565,-0.019117576020993954,-0.0011324982271638361,0.026488032255670632,38.806025089062565,-58.94105033094047,-65.83997339806237,2230.950776102602,2328.8578386483105,2109.415720922002,62.45402652643736,0.3898540876575973,1299826.3,1.1644363558423152,-0.02139385559374285,-0.028351860490660186,0.0018654977795324879,1.0,2.0,3.0,0.7386929988861084,0.714725598692894,0.9004592100779215,6.0
2026-04-01,2206.655029296875,2227.276168370157,2179.4905627154985,2205.6636307072044,1209900,0.02798822525333322,0.0007149412391999954,0.027918700558604365,45.17044152254765,-53.961079653468005,-63.4641946491435,2228.6368954544378,2301.760760412053,2121.6021546270094,63.75731009563162,-0.2006289786034957,1233740.35,0.9806763635476459,0.015583438293735208,0.021270022370651676,-0.14524710632565452,1.0,1.0,5.0,0.8970952033996582,0.6256049871444702,0.7265317738056183,7.0
2026-04-02,2150.34375,2166.305365661368,2123.972448135313,2166.206128976487,1854061,-0.02551884120954684,-0.0027613266545921,0.028886193259987588,40.87895169788529,-53.93652001071541,-61.558659721457886,2221.180405411158,2291.6517283768057,2118.019975724757,65.10911517176952,0.5324084635093809,1200028.0,1.545014782988397,0.0014858954897207788,0.010676655016447434,0.07779749735354446,2.0,1.0,1.0,0.8285093009471893,0.7418643832206726,0.9321482181549072,4.0
2026-04-06,2165.511962890625,2174.3353134208273,2127.4421122612302,2150.3435162351893,2048228,0.007053854943250393,-0.0031237593671110233,0.028721098071416484,42.46462034693683,-52.092617039952984,-59.66545118515691,2215.878648980631,2283.554639219378,2116.113842225935,63.80797845661434,0.1047252490613848,1221921.5,1.676235339176862,0.01123362266767347,0.022318108235196643,0.006787103293172336,0.0,3.0,2.0,0.0,0.6888403296470642,0.7665160000324249,5.0
2026-04-07,2167.395751953125,2179.7882354882618,2126.550174629453,2149.0548763211227,1793007,0.0008699047129647752,0.00032735631177341904,0.026645081403757213,42.670272249548695,-49.90404188647926,-57.71316932542138,2211.261230216107,2273.445632143922,2116.1502418795153,63.052984342485374,-0.1246057567809834,1265319.85,1.4170385456293915,0.0067658785769486585,0.016737011219063458,-0.004554978730898829,2.0,3.0,2.0,0.5685648918151855,0.7533141374588013,0.8819301724433899,7.0
2026-04-08,2262.76806640625,2316.7992900724025,2225.8880869174877,2264.850100281215,2914767,0.04400318417491644,0.00429767941899647,0.030044051039221056,52.02060831560351,-40.012591346768204,-54.17305372969075,2216.166643186597,2274.0737905927667,2115.809583430671,69.22088104082766,0.6256305747830322,1362071.1,2.1399521654926823,0.03778379295615997,0.06749216441714911,-0.13288182565335294,0.0,1.0,2.0,0.0,0.9590166807174683,0.8893802165985107,3.0
2026-04-09,2250.078369140625,2269.9063412266696,2232.629656888636,2255.431824787587,1980060,-0.005608041519597262,0.007112103856210661,0.027274160795039658,50.832643283784,-32.81917898104075,-49.90227877996075,2219.396331372695,2280.04904795656,2114.67233876219,66.93915270491381,-0.32067983478610806,1351166.45,1.4654449124310331,-0.009261439434677166,-0.002681863895407255,0.012348265635306666,0.0,1.0,1.0,0.0,0.5182268023490906,0.6662307381629944,2.0
2026-04-10,2340.394775390625,2356.4553853234625,2248.1946997294717,2248.1946997294717,3018178,0.040139226921458215,0.0066004975586490214,0.026516639283968902,58.15673631924336,-19.604579290160018,-43.84273888200061,2230.9199927077357,2301.64668784059,2101.0356363781602,69.8906907684193,0.5242861327434523,1442466.65,2.0923728115308595,0.011587753764504383,0.020840336134453796,-0.007506268082230094,0.0,1.0,1.0,0.0,0.5688554644584656,0.8618483543395996,2.0
2026-04-13,2332.166015625,2342.1792384979185,2242.5436772411817,2260.2896157134237,1734562,-0.003515970831994175,0.0038631234886339462,0.02594392831427804,57.318960700444734,-9.684271715472278,-37.011045448694944,2240.5624710808083,2322.702094183174,2091.916655816826,72.0153243747277,-0.4252949958551152,1494805.45,1.1603931468138546,-0.008646321593950623,-0.0027000168494814014,0.04369751885991202,0.0,1.0,3.0,0.0,0.9512352347373962,0.6057888070742289,4.0
2026-04-15,2402.258056640625,2405.1330157789134,2360.520078553006,2379.8523513508994,1182431,0.030054481776178754,0.009634844819996958,0.024532895806649465,62.300689733291215,3.78979899204478,-28.850876560547,2255.9620506579336,2360.532021380268,2074.1030860416067,72.0833012160981,-0.31831148151521826,1484724.25,0.7963977149292201,0.016300637062472756,0.0255546424643307,0.0014769425920060364,0.0,0.0,1.0,0.0,0.0,0.9113120436668396,1.0
2026-04-16,2419.31005859375,2425.5559181989383,2390.8569671041973,2414.0555975912685,1496210,0.007098322308041638,0.012256434652900517,0.022429572987602394,63.41932418553637,15.663492163801038,-19.948002815677395,2271.519003794678,2396.0525673193965,2062.7230918602913,69.41299049314402,0.26536770433116175,1512073.1,0.9895090389479185,-0.0014258739785333319,0.00386324132014515,0.046981976931790737,0.0,0.0,2.0,0.0,0.0,0.9257895648479462,2.0
2026-04-17,2442.80615234375,2464.7161582374533,2396.706117407068,2404.1416069129846,1286575,0.009711898508642403,0.010428801978431435,0.021739249492364287,64.96208301818552,26.66207415405097,-10.625987421731722,2287.832065561256,2431.599773115801,2051.5940257123243,69.31277980294696,-0.14011067965058377,1520822.5,0.8459731493977766,0.006480241406387144,0.009428563576664217,-0.09065300524761721,0.0,1.0,2.0,0.0,0.9650781750679016,0.8887037932872772,3.0
2026-04-20,2495.152099609375,2502.0918899615717,2435.3707143101733,2448.7545957036955,1203157,0.02142861283340136,0.015123547382726255,0.017831654626237613,68.18164048821004,39.151100576102635,-0.6705698221648504,2307.576830708696,2474.7097600461934,2036.1044001100565,69.1276652206935,-0.06483726172201387,1537207.3,0.7826901420517584,0.00046394992773279853,-0.006163472449635665,0.05642848261231559,2.0,1.0,4.0,0.7764782011508942,0.8646111488342285,0.8078209757804871,7.0
2026-04-21,2521.7216796875,2559.7912906799447,2492.0787151016143,2494.656448384103,1681872,0.010648481141604327,0.015483010002561647,0.017686546388675388,69.70337357999841,50.609294610140296,9.58540306429618,2327.971578230487,2517.286260252922,2021.4357856455156,69.02658738909614,0.3978824043744915,1579055.3,1.0651127924398847,0.008690798564113589,0.021354149309765313,0.03142019160582854,2.0,1.0,6.0,0.5860912352800369,0.6942889094352722,0.8783010343710581,9.0
2026-04-22,2540.85546875,2549.8772931587087,2478.496591328449,2478.496591328449,1126584,0.0075875895490857825,0.01615477848617375,0.01719046052451919,70.78689955490498,60.53611020749031,19.775544492935005,2348.246234470441,2557.719820310872,2018.368021486003,69.1947384206078,-0.33016067810154404,1590917.8,0.708134637754383,-0.00807678861823835,0.005758967869718301,0.03482940889780428,1.0,1.0,2.0,0.5485560297966003,0.7385632991790771,0.9074512422084808,4.0
2026-04-23,2499.71240234375,2519.837842888377,2488.41055480751,2508.238527355777,1378614,-0.016192603991950327,0.010135199669487071,0.016892054542113684,65.37284302641446,64.34159165782148,28.6887539259123,2362.6715837917086,2583.7633118082776,2024.6441344807845,67.99832238645654,0.22371168062035318,1616052.5,0.8530750083923635,-0.008411190019346093,-0.018298315327828774,0.031007711894428525,1.0,0.0,0.0,0.5634380578994751,0.0,0.0,1.0
2026-04-24,2463.724853515625,2517.061906637907,2449.4485678958704,2499.7124304630092,436871,-0.014396675711326967,0.009256336250314101,0.01799479189268753,60.979510055766646,63.719055090933125,35.69481415891647,2372.295704717796,2593.990613974762,2050.4839221580505,67.97082355471227,-0.6831085423476042,1588976.15,0.2749386767070104,-0.011380506539678703,-0.013504119805201387,0.002474561121020624,0.0,0.0,1.0,0.0,0.0,0.9122552871704102,1.0
2026-04-27,2463.82373046875,2498.1262185409096,2454.20721254214,2481.470673800435,452134,4.013311510164819e-05,0.005246426869678444,0.014471061348485791,60.98726771334671,62.5130573086808,41.05846278886934,2381.01265955122,2607.6900936026154,2063.343988428635,66.25283658643065,0.034937086691494645,1533532.05,0.2948317904408975,0.008149234824183171,0.02461442726743246,0.027532530859824655,0.0,0.0,1.0,0.0,0.0,0.5671629309654236,1.0
2026-04-28,2441.41845703125,2477.5052717360595,2434.974365688199,2453.711703700179,556571,-0.009093699829426205,0.004688653969935242,0.014946025347347448,58.165363976429376,59.06847247789983,44.66046472667544,2386.7655926445564,2618.0335309972224,2072.0750871668397,64.55841297653276,0.23098683133761222,1497817.85,0.3715879070342231,-0.004026115924964935,-0.004139808978304571,0.027995922436629517,0.0,0.0,0.0,0.0,0.0,0.0,0.0
2026-04-29,2426.25,2456.586653908799,2417.6248800271264,2448.6554645929264,603585,-0.0062129689351553274,0.0010619088988018332,0.012267121489352762,56.26719815977263,54.48655932903603,46.62568364714756,2390.5260123926937,2622.2068851803742,2091.685399975876,62.730081612614164,0.08447080426396636,1473546.6,0.4096137848643538,0.007582657634449097,0.014801285332694425,0.0608484317192175,1.0,0.0,2.0,0.9274387359619141,0.0,0.8769630789756775,3.0
2026-04-30,2423.473876953125,2434.7757241733725,2364.9813595711516,2405.8269334704287,823684,-0.0011442032135496882,0.00023765634664270064,0.012092123918845633,55.907595823893296,50.0543547747161,47.31141787266127,2393.663904255592,2619.0461811493565,2122.5358745147064,63.23467325472893,0.36465286579355016,1439052.55,0.5723793755829139,-0.007449012061355398,-0.014957780732558268,-0.03405910941830437,0.0,1.0,1.0,0.0,0.3825385272502899,0.7308205962181091,2.0
2026-05-01,2423.473876953125,2423.473876953125,2423.473876953125,2423.473876953125,0,0.0,-0.0007335335042215396,0.011627736316187817,55.907595823893296,46.01140984156291,47.051416266441606,2396.5029492744047,2618.9660982640885,2144.2978421655994,58.71791087939115,-1.0,1378557.55,0.0,,,-0.051223610717127555,0.0,1.0,3.0,0.0,0.9644412994384766,0.7037594119707743,4.0
2026-05-04,2427.04296875,2485.4362484938797,2421.292808558354,2438.8405150757653,581159,0.001472717255513567,-0.002729123062010319,0.008760525744257586,56.32379430430339,42.60422771714457,46.1619785565822,2399.411522557795,2608.2472106800496,2182.686651624638,59.10544866911505,,1314912.45,0.44197543342144185,0.005073434414612388,0.024132095909071616,0.05796435590826321,0.0,0.0,5.0,0.0,0.0,0.8842424869537353,5.0
2026-05-05,2409.0986328125,2433.7843614929498,2394.227653597608,2409.0986328125,327682,-0.007393497424045159,-0.0045333209185752675,0.0074607573099853795,53.585150672363696,38.01780777032491,44.533144399330745,2400.3341044868143,2592.425619205793,2222.866910091082,57.70911004241696,-0.4361577468472484,1228885.15,0.26664981670581667,-0.0035863394542201554,-0.014088854478956803,-0.0399335861353558,0.0,1.0,0.0,0.0,0.5806213617324829,0.0,1.0
2026-05-06,2497.333251953125,2507.24723866195,2419.4092196054808,2438.840730371055,1395987,0.036625573539766476,-0.0016295225195071983,0.014771533313137058,63.088933797728025,41.02986651528454,43.832488822521505,2409.572118531225,2576.1941564153644,2272.092122881511,60.59764545720505,3.260188231273003,1209034.15,1.1546299167810934,0.01240589643353629,0.02627143562305001,-0.07827437779674729,0.0,1.0,1.0,0.0,0.6466913819313049,0.920478343963623,2.0
2026-05-07,2508.83349609375,2533.8166934225105,2489.699453926799,2512.799090655162,1053513,0.004605009816623706,0.0004502388613502051,0.013933635344630588,64.12013428446035,43.8395631669664,43.833903691410484,2419.0255830609894,2573.3410355165543,2299.5517867490707,59.420473602812656,-0.24532749946811827,1115971.45,0.94403221516106,-0.00017668148029703623,0.006323741072875366,-0.011948248489998314,0.0,2.0,1.0,0.0,0.8484145700931549,0.9367915987968445,3.0
2026-05-08,2577.537109375,2584.972598834762,2493.7639281283514,2518.1524303726387,2327900,0.02738468431174157,0.004628374863657058,0.01519422777866011,69.58662203949424,51.02192641032707,45.27150823519381,2434.1219189004187,2574.0734347993734,2331.5652614896894,61.6910591102125,1.209654745598773,1133363.45,2.0539748304041394,-0.006186630612244115,-0.004713020439954696,0.012292658274484891,1.0,0.0,2.0,0.5246372222900391,0.0,0.713449016213417,3.0
2026-05-11,2544.028076171875,2585.468344538891,2533.0234547576356,2556.7177847784324,1271257,-0.01300040766871835,0.003324320785275059,0.016160643073513187,64.43057818847791,53.39460235504339,46.896127059163724,2444.589171973891,2578.862300162993,2347.1397262041946,61.03061844385842,-0.45390394776407916,1046017.4,1.2153306436393887,-0.014903149402549887,-0.0304759304637916,0.028828098949080783,0.0,1.0,0.0,0.0,0.6617131233215332,0.0,1.0
2026-05-12,2483.94921875,2533.717380591815,2478.496526391938,2524.2990937915256,628802,-0.023615642446949137,0.0018721265235227657,0.0179535300217385,56.36647341956952,49.85243559596711,47.487388766524404,2448.3377478573298,2569.8759354564368,2371.3044112232506,61.3521135392926,-0.5053698819357533,990729.4,0.6346859192833079,-0.018319683541890175,-0.04107700412394333,0.03416176556827355,0.0,0.0,5.0,0.0,0.0,0.8796120643615722,5.0
2026-05-13,2595.085205078125,2619.6716979847315,2532.0321540727255,2532.0321540727255,3515018,0.0447416499054083,0.006967588407579129,0.022145360965093484,65.07457617067942,55.374663561943635,49.064843725608256,2462.313696164072,2588.174971592143,2372.2880899312945,66.66428251753824,4.590023568627326,1107358.75,3.1742359917235494,0.0014135784059419176,-0.0018937079586192063,-0.01985709804497915,1.0,0.0,3.0,0.7957927584648132,0.0,0.8755422830581665,4.0
2026-05-14,2599.6455078125,2642.7713493560886,2587.5504926153094,2597.464479177054,1040916,0.001757284394921399,0.007257737168426237,0.022046056215805396,65.37989616455397,59.43392998062791,51.13866097661219,2475.3929163210655,2605.163065460502,2373.333540984811,65.84689496205546,-0.7038660968450232,1084594.05,0.9597286653010866,0.011831236369372666,0.007654531352224492,0.0008520682535779756,0.0,2.0,0.0,0.0,0.8284861743450165,0.0,2.0
2026-05-15,2583.1884765625,2617.2924940627995,2570.498525152845,2599.6455492931773,796240,-0.006330490522858945,0.006624688116140342,0.022366182369303086,63.231618748198535,60.62414556528802,53.035757894347356,2485.6591601535833,2616.9850100858994,2375.549828781288,64.48597167261967,-0.2350583524511104,1060077.3,0.7511150366110094,-0.0019459851637491088,-0.01791973539860059,0.03348468477726518,0.0,1.0,1.0,0.0,0.8993015289306641,0.9044659733772278,2.0
2026-05-18,2591.51611328125,2596.869569262112,2534.0149906453235,2557.907795315493,898479,0.003223782079514237,0.00679979459854041,0.022328187863256178,63.87841558771385,61.53009009989,54.73462433545589,2495.740774737171,2628.7339276259945,2373.43731260838,64.36944359720314,0.12840224053049343,1044843.4,0.8599173809204327,0.0002727692071817778,-0.0057516536508636085,0.025993010089360835,0.0,3.0,2.0,0.0,0.5485851864020029,0.9089097380638123,5.0
2026-05-19,2578.330322265625,2623.240727805118,2572.7786352618723,2606.3869513982067,688639,-0.00508806059435607,0.007030338281509318,0.022176744120469633,62.018123659394504,60.48682012319068,55.88506349300285,2503.606445930357,2635.712199522104,2372.1199049700836,63.37606137906331,-0.2335502554873291,995181.75,0.6919730993861172,-0.0013509212410769411,0.01429616307664916,-0.007314894790239612,1.0,1.0,3.0,0.9477318525314331,0.7639309167861938,0.8449381788571676,5.0
2026-05-20,2576.24853515625,2591.5159769955762,2539.963249067585,2539.963249067585,586190,-0.0008074167578131508,0.0032870392517513557,0.019640381858321124,61.712550452794694,58.81406638202952,56.47086407080819,2510.5247401423467,2640.3378175578755,2371.033593574937,62.531537561129596,-0.14877025553301515,968162.05,0.6054668224188295,0.0017359640951817301,0.00570338995190256,-0.056254512984368565,1.0,2.0,1.0,0.6531970500946045,0.7000599801540375,0.8154091238975525,4.0
2026-05-21,2576.44677734375,2625.5210089438397,2568.515588398281,2602.4213727320252,1031843,7.694994671303412e-05,0.0028342332647602886,0.019658808289257257,61.7318869652257,56.84907275497153,56.54650580764086,2516.8030293996235,2647.6042819452578,2371.4405666875546,62.13681491716024,0.7602535014244529,950823.5,1.0852098207501182,-0.00018178203854768427,0.010494736876446531,-0.02323362111983851,0.0,2.0,0.0,0.0,0.8773749470710754,0.0,2.0
2026-05-22,2617.09423828125,2641.7799681669367,2577.8347544208896,2583.684151755406,1556434,0.015776557581137496,0.0016734205916998813,0.018347034097776056,65.57129620629301,57.9042276489572,56.81805017590413,2526.3545731026356,2661.1569772622306,2373.2248098471446,62.365127481876414,0.5084019564991962,1006801.65,1.5459191986822827,0.002731024474358801,-0.0009030463087628116,0.009358540332780718,0.0,0.0,4.0,0.0,0.0,0.8227946758270264,4.0
2026-05-25,2634.939453125,2661.013286747998,2630.378922392816,2649.0172659355308,815621,0.006818713129516318,0.003655332671523348,0.017642738469178805,67.13046783111835,59.494588620112154,57.35335786474574,2536.695990247623,2676.2018596903636,2375.2914996846366,61.04755040936724,-0.475968142561779,1024976.0,0.7957464369897441,0.01317064277657587,0.015043857194763088,,0.0,3.0,3.0,0.0,0.8223862051963806,0.8896276752154032,6.0
2026-05-26,2624.232177734375,2641.383422468467,2613.227556107807,2627.2063736290493,486267,-0.004063575494277938,0.005610539366790468,0.01519884174451802,65.22189584877174,59.20845529147846,57.72437735009229,2545.0327700082657,2685.950867147575,2383.8238642977376,58.698144405888165,-0.40380765085744486,1021460.8,0.47605057384483085,-0.004910181295375682,-0.0051523285489006865,-0.03824607928778567,0.0,0.0,0.0,0.0,0.0,0.0,0.0
2026-05-27,2648.91796875,2666.4659185712258,2619.275245789924,2622.0512104312984,858457,0.009406862405344496,0.0020770606167840877,0.0069710245479587514,67.51500354834673,60.27877341654175,58.23525656338219,2554.9265984598596,2696.235781581212,2395.805746739101,57.87618214698913,0.7654025463377117,1034204.4,0.8300651205893148,-0.00027385257567613674,0.0032608539552030358,-0.05312312530885721,1.0,0.0,4.0,0.6467786431312561,0.0,0.9096225500106812,5.0
2026-05-28,2648.91796875,2648.91796875,2648.91796875,2648.91796875,0,0.0,0.0019013321772919478,0.007002061350166461,67.51500354834673,60.43040415935138,58.67428608257603,2563.878157535111,2702.7932096542713,2411.7927278457287,53.742169136489906,-1.0,993020.2,0.0,,,-0.006151254909566695,0.0,0.0,2.0,0.0,0.0,0.919997900724411,2.0
2026-05-29,2648.62060546875,2724.56159325931,2608.964661335609,2653.081899183728,5062328,-0.00011225839560080608,0.0025231553900177616,0.006443642597450707,67.45286964486789,59.83681631251466,58.906792128563765,2571.948866862124,2705.481116863459,2431.6194934881037,58.16036647843356,,1246136.6,4.062418197170358,-0.015033175629577955,-0.0025492320835109883,-0.017714182573179582,1.0,5.0,3.0,0.7404025197029114,0.7636483490467072,0.8991970618565878,9.0
2026-06-01,2609.757568359375,2754.8984680974218,2604.106644768003,2709.095901351661,2224344,-0.014672934669892834,0.0007334837150770546,0.008412095510254538,59.717768533293516,55.58966827208042,58.2433673572671,2575.5496955761478,2699.139497007671,2456.232573304829,64.77689911064678,-0.5606084789448649,1328295.85,1.674584769650526,-0.007013425513053284,-0.018337455510553213,0.03183052914760154,0.0,1.0,11.0,0.0,0.8486319780349731,0.8889351324601606,12.0
2026-06-02,2637.814208984375,2649.1162982589444,2585.468314449159,2603.511962617927,1026319,0.010750669320843453,0.002317356706597007,0.008680996170715655,63.015176831433166,53.86676671450823,57.36804722871533,2581.479649234074,2685.3848507943367,2492.8587771353505,64.6962623034424,-0.5385969975867042,1363227.7,0.7528595553039306,0.00431736306319519,0.006703935559842611,0.01073906724590512,0.0,1.0,2.0,0.0,0.7983810305595398,0.7652021944522858,3.0
2026-06-03,2639.49951171875,2652.982629371886,2602.1238332482144,2629.288299864542,958774,0.0006389012268699368,0.0024619885050653155,0.008635077498629781,63.209988992082856,52.037488883659535,56.30193555970417,2587.0053504230905,2685.038990634853,2507.421263271397,63.70787186203021,-0.06581287104691624,1341367.05,0.7147737824631968,-0.0033193946094914883,-0.013900562926707494,0.018854141235351562,1.0,1.0,3.0,0.839364767074585,0.9347792267799377,0.7904936869939169,5.0
2026-06-04,2638.706787109375,2675.5867690885616,2622.15023574918,2640.9868104093725,1840743,-0.00030033140974472516,0.00242426036941954,0.008647471299819496,63.041779662512994,49.948036894826146,55.03115582672857,2591.929296774165,2683.665515390535,2521.782067617278,62.97420482469817,0.9198924876978307,1380728.55,1.3331679134178835,0.00046788683297016576,0.002622606955190676,-0.028422439921149123,0.0,2.0,1.0,0.0,0.8454554378986359,0.9342041611671448,3.0
2026-06-05,2663.590576171875,2676.577994677205,2642.077274911872,2643.0686735140903,1615011,0.009430297138000476,0.0017896343251058377,0.007744403335041814,66.09209138086854,49.72682506930323,53.97028967524351,2598.7541805263277,2691.2380434899933,2522.814886197507,61.181133592064725,-0.12263091588559616,1345084.1,1.2006765970990214,-0.0021289028843615165,0.005623919651357223,-0.020414631867057276,1.0,1.0,3.0,0.837142288684845,0.6297871470451355,0.7847994963328043,5.0
2026-06-08,2636.3271484375,2651.9912949616705,2607.477593967183,2620.5640072762417,1262904,-0.010235592503694102,8.420376178479572e-05,0.00836667702351473,60.22702153542306,46.81196316372325,52.53862437293946,2602.3325584226295,2691.543517349633,2531.7393195644295,60.81912277868095,-0.2180214252410665,1344666.45,0.939194995160324,-0.010429338627102713,-0.025621032099775953,0.012461099019693611,1.0,0.0,3.0,0.7777530550956726,0.0,0.868051807085673,4.0
2026-06-09,2684.806640625,2695.6127885292044,2638.6073691322094,2643.2668941356555,1416560,0.01838902740740389,0.0023294640519529787,0.00998589070180976,66.00414842260389,47.86207970093301,51.603315438538175,2610.1872329180933,2683.2511535442786,2560.1174255572837,60.70958830103977,0.12166878875987397,1384054.35,1.023485819035936,0.005150698844224255,0.01628405233349084,-0.029708255191064348,0.0,0.0,3.0,0.0,0.0,0.6585328777631124,3.0
2026-06-10,2691.74658203125,2720.397906312803,2676.7763655410236,2687.7809874156337,1395772,0.0025848943090496235,0.0016472672423234914,0.00967691336388589,66.74873363418666,48.692997331428614,51.021251817116266,2617.9547899764893,2693.8767469839645,2559.1579698129103,59.48901347752119,-0.014674987293160857,1278092.05,1.0920747061997607,-0.0011681556778996294,-0.017402153368981765,0.018042663542271686,2.0,0.0,1.0,0.7310305833816528,0.0,0.9295332431793213,3.0
2026-06-11,2667.75439453125,2683.4185408112085,2648.0256592178175,2670.7285903296975,771558,-0.008913241558533014,0.00075594308647019,0.010239629656533479,61.716203215082594,46.87518852533367,50.192039158759755,2622.697609457895,2698.3813915683304,2561.46421390042,58.36272128722914,-0.44721774043325124,1264624.15,0.6101085448984982,-0.0022980713363744965,-0.0064158907591886916,-0.02921591047565053,1.0,2.0,1.0,0.6584891676902771,0.9461473226547241,0.9194148778915405,4.0
2026-06-12,2723.7685546875,2729.320483944781,2686.0954059806704,2702.255252386737,1078025,0.020996745529152205,0.002866843478945491,0.012055554020023434,67.81695287737747,49.385155216494695,50.03066237030675,2632.3234137654763,2713.1983566272424,2560.7052566540074,58.59153329625069,0.3972053947985763,1278713.4,0.8430544326821007,0.019916620139797336,0.03531311073133314,-0.03374635444844443,1.0,0.0,4.0,0.8915108442306519,0.0,0.7790486961603165,5.0
2026-06-15,2715.73828125,2808.3348153056413,2706.518225699372,2796.041569265256,2752021,-0.0029482216555001273,0.004039314780384762,0.010648170004735405,66.18852659212038,50.148267931461305,50.05418348253767,2640.2676868592403,2723.7098341904393,2562.615995887686,61.67903731839487,1.5528359731917165,1371390.5,2.0067376870409994,0.009778646829145199,0.03956602543269061,-0.04763544686689869,2.0,0.0,3.0,0.6617494523525238,0.0,0.806059738000234,5.0
2026-06-16,2724.462646484375,2747.1655780831534,2711.4752277363496,2717.423619460817,962931,0.003212520622701387,0.003285499910570555,0.010383805020209939,67.11247808248663,50.870618790300796,50.2174705440903,2648.2862544425866,2732.6615982177627,2568.277464282237,59.82270253470979,-0.6501004171116427,1385105.1,0.6952042844979778,0.005669932287180934,0.022561075018276977,-0.050619203765290166,1.0,1.0,1.0,0.8597667813301086,0.8393315672874451,0.8173401355743408,3.0
2026-06-17,2714.449462890625,2745.083583898793,2708.9967703976017,2740.2258274031,557209,-0.0036752875311654165,0.0028540810347670196,0.010593486022772578,64.91974922886034,50.05806856350455,50.185590147973144,2654.5875123900187,2736.6353407488405,2578.123814524597,58.12728188945848,-0.4213406775771057,1383656.05,0.4027077393980968,0.004024687267071059,-0.004278205726009565,0.007472188122165102,1.0,1.0,4.0,0.8957831859588623,0.7454113364219666,0.8641643077135086,6.0
2026-06-18,2731.30322265625,2741.2172089453834,2704.7336909932365,2721.3892363671166,600888,0.006208905340119086,0.003505004709753401,0.010578095958553088,66.8811494294419,50.19545228662264,50.18756257570305,2661.8937705106123,2741.4413898450757,2588.8034099596116,56.58129875107908,0.07838889895891854,1362108.3,0.4411455388679446,0.0034169978003351087,0.006874584813319817,0.003771155384721947,0.0,1.0,3.0,0.0,0.8215069770812988,0.8378228545188904,4.0
2026-06-19,2709.393310546875,2729.2212838160262,2695.4147346165373,2729.2212838160262,838991,-0.008021779466897527,0.0017597970492636006,0.010925836821689825,62.02596661972989,47.98326190385524,49.74670244133349,2666.4175362283518,2745.037014089804,2594.4376929414457,55.10324084312434,0.3962518805501192,1326236.15,0.6326105648681044,-0.006409317718677587,-0.010119468019312516,,0.0,0.0,2.0,0.0,0.0,0.7883880436420441,2.0
2026-06-22,2651.0,2732.790388930441,2647.034405385191,2719.1090391012117,1033475,-0.02155217196394743,0.0006281391032382678,0.012741521032372078,51.330810550817496,41.04509068394327,48.006380089855455,2664.949199444699,2744.6720096015124,2596.408752117238,57.29272246470476,0.23180701580827456,1337128.85,0.7729060666068195,0.0037396580495980825,0.004002955908697592,-0.024420751227367532,2.0,0.0,2.0,0.8250957727432251,0.0,0.9295977652072906,4.0
2026-06-23,2661.199951171875,2695.39990234375,2650.10009765625,2669.0,1182151,0.003847586258723057,-0.0008260050116298157,0.011229364083762596,52.85986886968614,35.95512254890309,45.596128581664985,2664.5921281806204,2743.59544763976,2601.18209142274,56.43608548061871,0.14386027722005856,1371923.05,0.8616744211710707,-0.011567105067506356,-0.01116363411463428,-0.01052631166575535,0.0,1.0,3.0,0.0,0.9303666353225708,0.8786741495132446,4.0
2026-06-24,2667.5,2687.60009765625,2653.60009765625,2662.0,1264476,0.002367371465398893,-0.0008477572959948887,0.01122223114606179,53.82482809712614,32.06007878780838,42.88891862289366,2664.8690683538944,2743.7560880220517,2602.8796541654483,54.833507946288805,0.06964000368819212,1392224.0,0.9082417771852805,0.008292056551520766,0.02171081231316241,-0.04333165396915584,0.0,1.0,2.0,0.0,0.9549798369407654,0.9128375351428986,3.0
2026-06-25,2645.199951171875,2690.699951171875,2637.10009765625,2690.0,2050810,-0.008359905839971926,-0.00079242372413878,0.011179326000238797,49.92885153462812,26.8641280281513,39.683960503945194,2662.995819098464,2743.845876943019,2602.418063486669,54.74538977266996,0.6218655000173985,1494764.5,1.3719953879022415,0.0014299437722400388,0.0032785043373833034,0.020613023006442965,1.0,1.0,2.0,0.8624988794326782,0.9233834147453308,0.8426204025745392,4.0
2026-06-26,2645.199951171875,2645.199951171875,2645.199951171875,2645.199951171875,0,0.0,-0.0028920982770540005,0.008209545086225711,49.92885153462812,22.48708252667484,36.24458490849112,2661.300974534027,2743.9272515738126,2601.9946234261874,50.835004788907824,-1.0,1241648.1,0.0,,,-0.043449431034320196,1.0,1.0,2.0,0.8734585046768188,0.8838149905204773,0.8010972738265991,4.0
2026-06-29,2656.89990234375,2687.800048828125,2630.0,2631.300048828125,4752587,0.004423087625830213,-0.0021549673489209666,0.008528676135465965,52.041125604572336,19.734839762571482,32.9426358793072,2660.8818248016196,2740.6376678891424,2609.998440509295,51.332507934566195,,1368060.25,3.4739603025524644,-0.004562271366810755,-0.008956156628214806,0.016113400424104807,0.0,0.0,0.0,0.0,0.0,0.0,0.0
2026-06-30,2635.699951171875,2672.10009765625,2630.300048828125,2658.0,1821479,-0.007979205822987057,-0.003274139993489811,0.008480246342116143,48.08299836331841,15.66246155177032,29.486601013799824,2658.4835511225965,2740.780766393059,2609.6439162241286,50.65161799839182,-0.616739472628276,1407818.25,1.2938310751405588,-0.0033616954637991636,0.013067121604753984,-0.0031442700223625053,2.0,1.0,2.0,0.7844799757003784,0.9691261649131775,0.9134784936904907,5.0
2026-07-01,2716.39990234375,2723.0,2624.0,2648.0,1097512,0.030618034171907338,0.00015519217681746466,0.013655062395294026,60.422866099840824,18.730965194605233,27.335473849960906,2663.9993940960394,2744.8166450863782,2613.298076593309,54.10507385564955,-0.3974610742149649,1414755.15,0.7757610919458395,0.0058703208311072785,0.03580255878979477,-0.018513418925125813,1.0,0.0,6.0,0.8318902850151062,0.0,0.8105362157026926,7.0
2026-07-02,2744.5,2759.89990234375,2711.0,2720.0,1629567,0.010344610022995804,0.0005687626451051364,0.01391886389374126,63.66167310666006,23.163208429295082,26.501020765827743,2671.666118467845,2753.2184630959237,2615.4755798728265,53.73327589051387,0.48478285431047685,1404196.35,1.1604979602745726,0.007075342557701703,0.01448939448010611,0.003213683916645671,0.0,0.0,0.0,0.0,0.0,0.0,0.0
2026-07-03,2737.800048828125,2762.39990234375,2730.0,2744.0,472124,-0.0024412283373564936,0.0011268177580592397,0.013645354625406463,62.35147799635988,25.8373264435686,26.368281901375916,2677.964588025967,2759.9844318889827,2616.1305583453923,52.20946349431646,-0.7102764108502443,1347052.0,0.3504868408940412,0.003935786500487426,0.021911179670146996,,0.0,0.0,2.0,0.0,0.0,0.7952081859111786,2.0
2026-07-06,2754.89990234375,2758.0,2722.0,2724.0,504943,0.006245837245471675,0.00390661867900115,0.011107335813070393,64.36712389708798,29.002081562054173,26.89504183351157,2685.291760818137,2767.4113667646825,2620.560898860317,51.05164467329386,0.06951351763519753,1309153.95,0.38570177327120314,0.006571669412775316,0.0181297986477027,0.0026461671857418434,1.0,2.0,6.0,0.7466021180152893,0.7869514524936676,0.8231440683205923,9.0
2026-07-07,2731.39990234375,2751.800048828125,2726.39990234375,2750.0,489066,-0.008530255484058502,0.0026688345047229944,0.01178373378517582,59.64134001899101,29.276438631385645,27.371321193086388,2689.683012392005,2771.3668523553606,2621.2647394415144,49.440812910915724,-0.031443152989545364,1262779.25,0.38729334521453374,-0.0012955357222089736,-0.015822301590992294,0.030143156865294785,2.0,0.0,0.0,0.5765992999076843,0.0,0.0,2.0
2026-07-08,2665.89990234375,2713.10009765625,2653.300048828125,2676.60009765625,1481672,-0.023980377221144322,3.4059636068672905e-05,0.014492820662659712,48.871209613415544,23.932684897883064,26.683593934045724,2687.417954292171,2771.22602315622,2618.820900671905,51.48788723982353,2.029595187561597,1267074.25,1.1693647787412615,-0.02117524515827318,-0.01865333165394334,0.05204952522041495,2.0,0.0,3.0,0.6749480962753296,0.0,0.8266936937967936,5.0
2026-07-09,2673.800048828125,2722.800048828125,2656.0,2658.0,918568,0.0029634070196820073,0.0011663909220340663,0.014203588494576164,50.042996088506186,20.1034572205549,25.36756659134756,2686.1210109146427,2771.1401963246326,2619.51129293318,52.58161306755935,-0.3800463260424709,1274424.75,0.7207706849698265,0.0033812004144717633,0.03539014734629986,-0.02204554813270998,1.0,2.0,2.0,0.9488075971603394,0.8782677054405212,0.7248600125312805,5.0
2026-07-10,2677.800048828125,2728.199951171875,2672.89990234375,2695.0,982095,0.0014959981774826936,0.0013159907397823356,0.014197815587908998,50.6595844126993,17.193339157457103,23.73272110456947,2685.328538334975,2768.0361945739296,2618.0184440979456,52.775787050456906,0.06915873402948947,1269628.25,0.7735295745034029,0.01018660596494203,0.03489714201765892,-0.0038007982166216037,1.0,0.0,3.0,0.8007946014404297,0.0,0.9020078579584757,4.0
2026-07-13,2652.10009765625,2664.39990234375,2630.10009765625,2650.5,1107802,-0.009597412317294607,-8.60592545301464e-05,0.014544921147091005,46.67367097564672,12.66725808396859,21.519628500449297,2682.163924937001,2766.119148212208,2613.5716721002923,52.41322734484391,0.12799881885153686,1187417.3,0.9329508673993548,0.0001693570555851842,-0.001544802055817085,0.0959084424502672,4.0,2.0,2.0,0.7829780876636505,0.7500886619091034,0.9191057085990906,8.0
2026-07-14,2641.0,2655.89990234375,2579.89990234375,2604.0,975301,-0.004185399211010021,0.00029332140666755714,0.014364524623926813,45.02585981597568,8.091349075649305,18.833972615489298,2678.243551133477,2763.0384667772946,2608.306088886768,54.0979968202122,-0.1196071139066367,1188035.8,0.8209356990757349,-0.006565165369047166,-0.019740702681587008,0.01716686978135229,0.0,1.0,1.0,0.0,0.9213153719902039,0.9273731708526611,2.0
2026-07-15,2670.0,2684.0,2644.89990234375,2644.89990234375,809114,0.010980689132904287,-0.001670413097232748,0.010609875911129114,49.993163815498065,6.727416387357607,16.41266136986296,2677.4584510255268,2759.930314798973,2606.969294576027,53.30528276162562,-0.17039560094780992,1200631.05,0.6739072756780694,0.0010996658451518648,-0.003809938395454071,0.002596407206333362,0.0,1.0,1.0,0.0,0.7449851036071777,0.5381256937980652,2.0
2026-07-16,2674.699951171875,2693.10009765625,2660.10009765625,2688.0,455037,0.0017602813377808335,-0.002528845965754245,0.009849788579091691,50.76954706529299,5.957067321781324,14.321542560246632,2677.1957367537507,2753.9309716736693,2607.3083105528935,51.85490542150951,-0.4376107693106287,1193338.5,0.38131427084603403,-0.00023880225097083763,-0.00983445310594011,-0.008475498730709408,1.0,1.0,1.0,0.9461475014686584,0.89628666639328,0.8758009672164917,3.0
2026-07-17,2689.0,2700.0,2665.0,2665.0,452284,0.005346412341264539,-0.0017500818978921418,0.010160447809984544,53.15274328164081,6.426375312854816,12.742509110768271,2678.3199523010126,2751.8416089413868,2607.3583422304882,50.650983605687394,-0.006050057467854253,1174003.15,0.38524939221841104,0.010865014643113069,0.013849790271852402,0.04594556527307714,2.0,0.0,1.0,0.7759604752063751,0.0,0.9176146388053894,3.0
2026-07-20,2691.39990234375,2708.5,2666.699951171875,2689.0,571087,0.0008924887853292152,-0.0022854167439063876,0.009827935920911116,53.55906279307258,6.912276913763435,11.576462671367304,2679.565661828892,2752.8013446879254,2610.438596718325,50.01877397871865,0.26267345296318245,1150883.75,0.4962160600495054,-0.003936861885253551,,0.012712857729628935,2.0,4.0,0.0,0.6681272685527802,0.7302350923418999,0.0,6.0
2026-07-21,2692.39990234375,2720.0,2680.5,2695.0,1000078,0.0003715538516328998,-0.0013952358103372475,0.009599954751629308,53.7391109175331,7.29396874451777,10.719963885997398,2680.787970449355,2753.8687196903347,2612.491216833103,49.267432980238745,0.7511832697995227,1141780.1,0.875893703174543,-0.002095871495760848,,0.020062776182881104,0.0,0.0,2.0,0.0,0.0,0.8137539923191071,2.0
2026-07-22,2692.800048828125,2700.0,2665.60009765625,2683.0,528096,0.00014862074687593818,0.0010176639864647786,0.0054109580927040775,53.8162688056295,7.5418134170017765,10.084333792198274,2681.9319779139996,2754.8710707152136,2614.018870691036,48.205466506203834,-0.4719451882753145,1104961.1,0.4779317570546148,-0.0079151479856997,,0.03362265121160335,0.0,4.0,3.0,0.0,0.7424632906913757,0.7828588883082072,7.0
2026-07-23,2668.800048828125,2693.39990234375,2656.0,2671.10009765625,584245,-0.008912655809867664,-0.00016994229649018865,0.006184455925067967,48.582406424634236,5.735517209780028,9.214570475714625,2680.681318001059,2754.146390642197,2617.1035605296784,47.43364049459999,0.10632347149003207,1031632.85,0.5663303567737301,-0.0052779242850445884,,0.07037315582075276,0.0,1.0,4.0,0.0,0.9707470536231995,0.7605434060096741,5.0
2026-07-24,2637.89990234375,2657.10009765625,2620.10009765625,2620.10009765625,645563,-0.011578292085966946,-0.0014773713228351526,0.0071064042827494196,42.80963665927488,1.789996903833071,7.729655761338314,2676.6068974622676,2754.7103253221994,2615.809620966863,47.5240912572625,0.10495254559303024,1063911.0,0.6067828981935519,-0.004279518395644999,,-0.038832094222906566,0.0,2.0,5.0,0.0,0.8321938216686249,0.7721107840538025,7.0
2026-07-27,2710.199951171875,2723.89990234375,2664.300048828125,2665.800048828125,715239,0.027408185111151173,0.0022231884200094253,0.010984877064575863,55.98747637913082,4.4459037284386795,7.0729053547583876,2679.8062359108017,2756.906743055227,2618.943208116648,50.272370453172314,0.10793059701376939,862043.6,0.8297016531414421,0.009613989195766948,,-0.08700142875747297,0.0,1.0,2.0,0.0,0.8624851107597351,0.6675766408443451,3.0
2026-07-28,2736.199951171875,2749.800048828125,2706.300048828125,2712.0,1282146,0.009593388114687906,0.0036010671525792183,0.010955830853491803,59.593221564412175,8.550150913204106,7.368354466447531,2685.1770659356657,2760.611528640399,2625.288422531476,49.78862970651715,0.7926119800514233,835076.95,1.5353626992099352,-0.0004417249460887396,,-0.04832508197109153,0.0,2.0,3.0,0.0,0.9547926485538483,0.7997761766115824,5.0
2026-07-29,2758.39990234375,2864.0,2718.5,2746.199951171875,3803474,0.008113424299407423,0.003314340669229532,0.010777303790313749,62.42391989490339,13.439227850441057,8.582529143246237,2692.1506694031023,2767.900538598675,2622.1994125731994,56.62515615605164,1.9664905556777463,970375.05,3.9195917083812075,0.011042140877174367,,0.0790819576107229,0.0,2.0,14.0,0.0,0.782281905412674,0.8149778204304832,16.0
2026-07-30,2746.199951171875,2767.89990234375,2666.199951171875,2758.10009765625,2387024,-0.004422836283277443,0.0026960289071237043,0.011050280063497425,59.93885045503763,16.14333216248133,10.094689747093256,2697.2982200477472,2768.21970924251,2622.0502370465524,59.84478437146759,-0.3724095392790906,1008247.9,2.3674971204998294,0.0027608503860552247,,-0.018845042150429925,0.0,2.0,4.0,0.0,0.8813843429088593,0.7746802866458893,6.0
2026-07-31,2747.300048828125,2774.89990234375,2732.39990234375,2773.89990234375,891738,0.00040058905972251146,0.0022014465789695014,0.011029136161838697,60.09312456436492,18.165719887655086,11.708895775205622,2702.0602989792114,2769.9110729890745,2621.3088732999877,58.60587120207705,-0.6264226920215297,1029228.6,0.8664139336975284,0.0027326071386892803,,0.01224310886476876,0.0,0.0,3.0,0.0,0.0,0.7819636265436808,3.0
2026-08-03,2810.0,2810.0,2762.10009765625,2770.89990234375,1040453,0.022822389275834576,0.004394436628020038,0.012781038272625752,67.72251691298399,24.54490045085913,14.276096710336326,2712.3402705050007,2784.4129282551135,2612.3170277995737,58.89830548563405,0.16676983598321482,1056004.1,0.9852736367216756,0.01602311299947612,,-0.07046167232564204,2.0,1.0,8.0,0.6879802346229553,0.41951456665992737,0.8391675502061844,11.0
2026-08-04,2775.0,2807.300048828125,2732.39990234375,2774.89990234375,820097,-0.01245551601423489,0.0031117296414332586,0.013830234191060515,60.741578264382085,26.47109718327465,16.71509680492399,2718.3078637902386,2791.877146614276,2609.2128192060363,60.23414778353519,-0.21178851903930307,1072555.65,0.764619532795338,-0.006434102501316152,,-0.052644099432226255,1.0,1.0,3.0,0.8652193546295166,0.9452471137046814,0.8687327106793722,5.0
2026-08-05,2760.0,2787.0,2748.699951171875,2787.0,688876,-0.00540540540540535,0.00255632702620513,0.01407186023575369,57.98297574179098,26.48197955558544,18.668473355056282,2722.278543429263,2798.630603195883,2611.869372390054,58.667426429577326,-0.16000668213638147,1032915.85,0.6669236414563684,0.00039610154196334513,,0.001134026426391932,0.0,0.0,1.0,0.0,0.0,0.9185622334480286,1.0
2026-08-06,2755.0,2788.0,2741.60009765625,2788.0,797083,-0.0018115942028985588,0.0032664331869020403,0.013600056843942472,57.052845436446624,25.789856291092747,20.092749942263577,2725.394872626476,2803.9207565304578,2614.699214172667,57.79117470916109,0.15707761629088535,1026841.6,0.7762472809827728,0.0004609043862535689,,0.03826307152041508,0.0,0.0,1.0,0.0,0.0,0.8586785793304443,1.0
2026-08-07,2735.0,2755.0,2695.0,2755.0,1067986,-0.007259528130671544,0.0036983095824315803,0.01313696538799388,53.36522419676881,23.358251382546314,20.745850230320123,2726.30964666205,2806.254518459362,2618.0854473609506,57.94894794422101,0.3398679936719262,1031136.15,1.0357371332582996,-0.0026526063230638552,,0.012850105654492294,0.0,1.0,4.0,0.0,0.9607736468315125,0.784722238779068,5.0
2026-08-10,2750.0,2761.5,2713.5,2724.699951171875,977656,0.005484460694698434,0.0015059371407863064,0.010253378334468655,55.67901630883225,22.383538119353943,21.07338780812689,2728.565870789474,2808.2822994988746,2625.847656555813,57.23830880534808,-0.0845797604088443,1024628.85,0.9541562293507547,0.0005352072662276885,,0.04991020965447568,0.0,1.0,4.0,0.0,0.8813884854316711,0.8023574948310852,5.0
2026-08-11,2735.5,2747.60009765625,2720.0,2742.10009765625,951134,-0.005272727272727318,1.9325602044784064e-05,0.010025684763160068,52.944402988118945,20.208095669623617,20.900329380426236,2729.2262640476197,2806.3008712128194,2637.279084841868,55.29271531925179,-0.027128151415221735,1023420.5,0.9293677427802159,-0.00455997685213505,,0.013565919115894776,1.0,2.0,4.0,0.8405490517616272,0.824271023273468,0.8132036328315735,7.0
2026-08-12,2740.0,2748.39990234375,2698.199951171875,2733.199951171875,648174,0.001645037470297872,-0.0006275130808661711,0.009646955174625889,53.70433354244659,18.63237186234619,20.446737876810225,2730.252334138323,2806.671620197069,2643.9083358576186,54.92894645158202,-0.3185250448412106,1015373.5,0.6383601699276178,-0.0014608711753293369,,0.0007873095483186265,3.0,0.0,4.0,0.796717087427775,0.0,0.8978882431983948,7.0
2026-08-13,2755.5,2755.5,2720.0,2725.0,579435,0.005656934306569328,0.00038046397811850594,0.009732553167999656,56.320947736543225,18.421962932287897,20.04178288790576,2732.656873744197,2808.249839347267,2650.410121590233,53.54116456218331,-0.10605022725379298,1021593.4,0.5671874935762115,-0.0016410088683697088,,-0.021465538211406954,1.0,2.0,4.0,0.9090771675109863,0.8793934881687164,0.8297206610441208,7.0
2026-08-14,2696.300048828125,2751.0,2690.300048828125,2751.0,667311,-0.021484286398793295,-0.0018080235677330747,0.011938152877568345,45.697487256708776,13.324672504060345,18.69836081113668,2729.1943189902854,2807.92991775509,2651.4600480652225,54.37393503430415,0.15165808071656017,1032344.75,0.6464032485271999,-0.001223552770366676,,0.01665323249482431,1.0,1.0,6.0,0.48074302077293396,0.9209281206130981,0.7393436431884766,8.0
2026-08-17,2687.5,2714.60009765625,2687.5,2694.5,312900,-0.0032637498307911406,-0.004416637478395646,0.008233324452850074,44.358066344453235,8.477222575381802,16.654133163985705,2725.223431467401,2808.1341636661114,2650.865811919826,52.425803793014566,-0.5311031887680557,1019435.4,0.3069346032127195,-0.003215530221415075,,0.02654774279975869,0.0,3.0,7.0,0.0,0.9098483920097351,0.8533723226615361,10.0
2026-08-18,2628.39990234375,2670.10009765625,2610.10009765625,2663.10009765625,1017022,-0.021990734011627877,-0.005370159278134945,0.009690900351089375,36.599408183508004,-0.13178128519712118,13.29695027414914,2716.002142979434,2815.245677979444,2637.3542976064937,54.20966797520996,2.250310003195909,1020282.6,0.996804218752726,-0.00546574073098649,,0.001650642587770923,0.0,3.0,2.0,0.0,0.7835498253504435,0.6788131892681122,5.0
2026-08-19,2630.800048828125,2634.89990234375,2601.0,2625.0,742443,0.0009131587937720731,-0.004738302858217203,0.009892243678099249,37.080726010490814,-6.683760871966115,9.30080804492609,2707.8876578221666,2820.5267276391005,2625.873247946837,52.758970430105684,-0.269983343526492,1030999.95,0.7201193365722278,-0.003171182995427735,,0.006592025111454847,1.0,1.0,4.0,0.4964374899864197,0.9363836646080017,0.8624499440193176,6.0
2026-08-20,2625.199951171875,2641.800048828125,2607.0,2635.10009765625,476939,-0.002128667155356201,-0.004770010153462967,0.00988232364884597,36.38662457743162,-12.187641433928547,5.003118149155162,2700.0126381411865,2824.858392795861,2617.181573024451,51.476190315678494,-0.35760859756237184,1025634.65,0.4650184156707264,0.006377062464663963,,0.02357559449860891,1.0,1.0,2.0,0.5838919281959534,0.8545095920562744,0.9375225007534027,4.0
2026-08-21,2640.0,2644.0,2615.5,2620.199951171875,330334,0.0056376844062937526,-0.0034802888997664374,0.010351765729536425,39.60423478965803,-15.180277392949392,0.9664390407342514,2694.297148794407,2824.630684404166,2617.619291181771,49.8350338645586,-0.30738731787503226,1009873.2,0.32710443251687443,0.000831566345525836,,0.0065045917924049235,3.0,0.0,4.0,0.7152568101882935,0.0,0.7882985025644302,7.0
2026-08-24,2640.800048828125,2642.699951171875,2622.0,2640.39990234375,355289,0.0003030487985322683,-0.003998430089383054,0.009976047365771118,39.781552687132766,-17.28811902249754,-2.684472571912107,2689.2021868928564,2826.88783409915,2608.4221512524123,47.75395652936692,0.07554475167557695,991875.7,0.3581991170869495,-0.0013586186190829297,,-0.023519453703339965,2.0,0.0,4.0,0.7808645665645599,0.0,0.8603738993406296,6.0
2026-08-25,2639.800048828125,2640.0,2605.199951171875,2631.0,479480,-0.00037867312235306816,-0.0035090246743456287,0.010026505539392319,39.624955821232554,-18.82231837302652,-5.912041732134989,2684.497221362882,2826.775243270476,2598.8947518467116,46.8858237527157,0.3495492401960094,951742.4,0.5037917823142061,0.004768973030496282,,-0.0389497277770392,0.0,0.0,4.0,0.0,0.0,0.872791200876236,4.0
2026-08-26,2626.5,2678.699951171875,2626.5,2660.89990234375,339110,-0.005038278877989022,-0.004177356309174318,0.009866243853950641,37.510069059929855,-20.87079961260224,-8.90379330822844,2678.9736764711793,2824.0700410630316,2588.4099638197813,47.26540428265565,-0.29275465087177777,778524.2,0.43558055099635956,-0.00521073030646213,,-0.008354092096040433,1.0,1.0,1.0,0.6121572852134705,0.9562037587165833,0.9299761652946472,3.0
2026-08-27,2631.0,2655.89990234375,2627.89990234375,2637.89990234375,525106,0.0017133066818959541,-0.004571719071641655,0.009501557350396253,38.702154812186784,-21.87891682751024,-11.4988180120848,2674.4047549024954,2821.161651403905,2579.7983583617197,45.98929700130525,0.5484827931939489,685428.3,0.7660990945369486,-0.00482904816122931,,0.021174871219219682,2.0,1.0,3.0,0.8895964920520782,0.6219517588615417,0.7698695063591003,6.0
2026-08-28,2608.699951171875,2645.0,2583.800048828125,2645.0,482544,-0.00847588324900228,-0.0032708787566625543,0.007636186059541489,35.12609101151101,-24.19834114083551,-14.038722637834944,2668.147154547198,2818.523006226014,2568.5769937739865,47.075772299203095,-0.08105411097949744,664968.6,0.7256643396394958,0.0035200411203846205,,-0.00434781943051199,0.0,0.0,1.0,0.0,0.0,0.9392598867416382,1.0
2026-08-31,2653.60009765625,2653.60009765625,2561.10009765625,2590.0,1381178,0.017211694455012028,-0.0012233343280822373,0.01001339885965769,45.954326106807095,-22.15801128339581,-15.662580366947118,2666.761720557584,2799.6629739044747,2571.79703586115,50.32035999211716,1.8622840611426108,682004.85,2.025173281392354,-0.003939914685270995,,0.013212410003724528,4.0,3.0,6.0,0.7043814659118652,0.7277386784553528,0.8454413712024689,13.0
2026-09-01,2575.5,2645.300048828125,2545.199951171875,2645.300048828125,1046523,-0.029431751123777383,-0.001967436039297188,0.011838292038224184,35.00847945099437,-26.5371565211326,-17.837495597784216,2658.0701281235283,2791.5955129952154,2559.9144967704096,54.46891617013558,-0.24229679302740126,693326.15,1.5094238115784324,-0.0010215614763854353,,0.04597197215511217,2.0,2.0,6.0,0.7654615044593811,0.7810245156288147,0.8274625291426977,10.0
2026-09-02,2527.5,2548.0,2510.699951171875,2548.0,497889,-0.01863715783343045,-0.0039224677020174405,0.012878348477277007,30.24095618968326,-33.494752858149695,-20.968947049857313,2645.6348778260494,2790.0463512157708,2538.2136585498542,55.206854217134826,-0.524244569875674,683776.8,0.7281455001105623,-0.005875986577431824,,0.010353890245539121,0.0,0.0,3.0,0.0,0.0,0.818520704905192,3.0
2026-09-03,2541.60009765625,2544.0,2515.10009765625,2530.0,589499,0.005578673652324451,-0.003151733621249375,0.013223633690904651,33.122118001331856,-37.43936039909613,-24.263029719705077,2635.7268035241636,2782.884796885824,2524.0352226454256,53.327786226178766,0.1839968346358325,673397.6,0.8754100103712874,-0.0017144446700387839,,-0.0011502730681887119,0.0,0.0,2.0,0.0,0.0,0.8581847846508026,2.0
2026-09-04,2527.300048828125,2553.89990234375,2519.800048828125,2540.0,399368,-0.005626396080686269,-0.004278141669947377,0.012866677573503953,31.69248833059457,-41.243950140838024,-27.659213803931667,2625.400445934065,2777.881896197453,2508.2681282166095,51.95436246113921,-0.32252980921087226,639966.7,0.624044969839837,0.0010157727849795517,,0.00795647155506507,0.0,1.0,0.0,0.0,0.933610200881958,0.0,1.0
2026-09-07,2500.89990234375,2523.5,2489.699951171875,2511.10009765625,240336,-0.0104459881985981,-0.005353045369660414,0.012890407161402008,29.187764827896927,-45.86073213507734,-31.2995174701608,2613.543251306416,2769.5752128931563,2491.6648017552816,50.929057832218554,-0.3982091704893732,603100.7,0.39850061523722324,-0.004960679563327464,,,2.0,2.0,2.0,0.7689365446567535,0.8632494211196899,0.8860191702842712,6.0
2026-09-08,2481.60009765625,2499.0,2474.10009765625,2499.0,373248,-0.007717144004609322,-0.00608689245788604,0.012784203093803482,27.47806132663125,-50.49482515822774,-35.13857900777419,2600.9772366730667,2762.5117393757437,2473.3382850383186,49.20553975045294,0.5530257639304974,574206.4,0.6500241028313164,-0.00605786072604142,,0.01703364572539945,2.0,1.0,3.0,0.8144083619117737,0.8969444036483765,0.901547888914744,6.0
2026-09-10,2476.89990234375,2485.10009765625,2468.60009765625,2485.10009765625,132939,-0.001894018023669175,-0.005772466372454055,0.012851349287749668,27.062311076702358,-53.92502957271017,-38.89586912076139,2589.160347689322,2750.407436760995,2459.132577887442,46.86942976827773,-0.6438319830246914,548444.65,0.24239273735280306,-0.0005697291840044416,-0.058288872408223225,-0.0028653385846323376,5.0,2.0,11.0,0.7996121406555176,0.7076741755008698,0.7528686469251459,18.0
